[2025-09-30 08:10:58] production.ERROR: No application encryption key has been specified. {"exception":"[object] (Illuminate\\Encryption\\MissingAppKeyException(code: 0): No application encryption key has been specified. at /Users/elijahisrael/Desktop/Projects/chil/LARAVELBACKENDCHIL/vendor/laravel/framework/src/Illuminate/Encryption/EncryptionServiceProvider.php:83)
[stacktrace]
#0 /Users/elijahisrael/Desktop/Projects/chil/LARAVELBACKENDCHIL/vendor/laravel/framework/src/Illuminate/Support/helpers.php(399): Illuminate\\Encryption\\EncryptionServiceProvider->{closure:Illuminate\\Encryption\\EncryptionServiceProvider::key():81}(NULL)
#1 /Users/elijahisrael/Desktop/Projects/chil/LARAVELBACKENDCHIL/vendor/laravel/framework/src/Illuminate/Encryption/EncryptionServiceProvider.php(81): tap(NULL, Object(Closure))
#2 /Users/elijahisrael/Desktop/Projects/chil/LARAVELBACKENDCHIL/vendor/laravel/framework/src/Illuminate/Encryption/EncryptionServiceProvider.php(64): Illuminate\\Encryption\\EncryptionServiceProvider->key(Array)
#3 /Users/elijahisrael/Desktop/Projects/chil/LARAVELBACKENDCHIL/vendor/laravel/framework/src/Illuminate/Encryption/EncryptionServiceProvider.php(32): Illuminate\\Encryption\\EncryptionServiceProvider->parseKey(Array)
#4 /Users/elijahisrael/Desktop/Projects/chil/LARAVELBACKENDCHIL/vendor/laravel/framework/src/Illuminate/Container/Container.php(952): Illuminate\\Encryption\\EncryptionServiceProvider->{closure:Illuminate\\Encryption\\EncryptionServiceProvider::registerEncrypter():29}(Object(Illuminate\\Foundation\\Application), Array)
#5 /Users/elijahisrael/Desktop/Projects/chil/LARAVELBACKENDCHIL/vendor/laravel/framework/src/Illuminate/Container/Container.php(832): Illuminate\\Container\\Container->build(Object(Closure))
#6 /Users/elijahisrael/Desktop/Projects/chil/LARAVELBACKENDCHIL/vendor/laravel/framework/src/Illuminate/Foundation/Application.php(1078): Illuminate\\Container\\Container->resolve('encrypter', Array, true)
#7 /Users/elijahisrael/Desktop/Projects/chil/LARAVELBACKENDCHIL/vendor/laravel/framework/src/Illuminate/Container/Container.php(763): Illuminate\\Foundation\\Application->resolve('encrypter', Array)
#8 /Users/elijahisrael/Desktop/Projects/chil/LARAVELBACKENDCHIL/vendor/laravel/framework/src/Illuminate/Foundation/Application.php(1058): Illuminate\\Container\\Container->make('encrypter', Array)
#9 /Users/elijahisrael/Desktop/Projects/chil/LARAVELBACKENDCHIL/vendor/laravel/framework/src/Illuminate/Container/Container.php(1133): Illuminate\\Foundation\\Application->make('encrypter')
#10 /Users/elijahisrael/Desktop/Projects/chil/LARAVELBACKENDCHIL/vendor/laravel/framework/src/Illuminate/Container/Container.php(1043): Illuminate\\Container\\Container->resolveClass(Object(ReflectionParameter))
#11 /Users/elijahisrael/Desktop/Projects/chil/LARAVELBACKENDCHIL/vendor/laravel/framework/src/Illuminate/Container/Container.php(994): Illuminate\\Container\\Container->resolveDependencies(Array)
#12 /Users/elijahisrael/Desktop/Projects/chil/LARAVELBACKENDCHIL/vendor/laravel/framework/src/Illuminate/Container/Container.php(832): Illuminate\\Container\\Container->build('App\\\\Http\\\\Middle...')
#13 /Users/elijahisrael/Desktop/Projects/chil/LARAVELBACKENDCHIL/vendor/laravel/framework/src/Illuminate/Foundation/Application.php(1078): Illuminate\\Container\\Container->resolve('App\\\\Http\\\\Middle...', Array, true)
#14 /Users/elijahisrael/Desktop/Projects/chil/LARAVELBACKENDCHIL/vendor/laravel/framework/src/Illuminate/Container/Container.php(763): Illuminate\\Foundation\\Application->resolve('App\\\\Http\\\\Middle...', Array)
#15 /Users/elijahisrael/Desktop/Projects/chil/LARAVELBACKENDCHIL/vendor/laravel/framework/src/Illuminate/Foundation/Application.php(1058): Illuminate\\Container\\Container->make('App\\\\Http\\\\Middle...', Array)
#16 /Users/elijahisrael/Desktop/Projects/chil/LARAVELBACKENDCHIL/vendor/laravel/framework/src/Illuminate/Pipeline/Pipeline.php(198): Illuminate\\Foundation\\Application->make('App\\\\Http\\\\Middle...')
#17 /Users/elijahisrael/Desktop/Projects/chil/LARAVELBACKENDCHIL/vendor/laravel/framework/src/Illuminate/Pipeline/Pipeline.php(127): Illuminate\\Pipeline\\Pipeline->{closure:{closure:Illuminate\\Pipeline\\Pipeline::carry():184}:185}(Object(Illuminate\\Http\\Request))
#18 /Users/elijahisrael/Desktop/Projects/chil/LARAVELBACKENDCHIL/vendor/laravel/framework/src/Illuminate/Routing/Router.php(807): Illuminate\\Pipeline\\Pipeline->then(Object(Closure))
#19 /Users/elijahisrael/Desktop/Projects/chil/LARAVELBACKENDCHIL/vendor/laravel/framework/src/Illuminate/Routing/Router.php(786): Illuminate\\Routing\\Router->runRouteWithinStack(Object(Illuminate\\Routing\\Route), Object(Illuminate\\Http\\Request))
#20 /Users/elijahisrael/Desktop/Projects/chil/LARAVELBACKENDCHIL/vendor/laravel/framework/src/Illuminate/Routing/Router.php(750): Illuminate\\Routing\\Router->runRoute(Object(Illuminate\\Http\\Request), Object(Illuminate\\Routing\\Route))
#21 /Users/elijahisrael/Desktop/Projects/chil/LARAVELBACKENDCHIL/vendor/laravel/framework/src/Illuminate/Routing/Router.php(739): Illuminate\\Routing\\Router->dispatchToRoute(Object(Illuminate\\Http\\Request))
#22 /Users/elijahisrael/Desktop/Projects/chil/LARAVELBACKENDCHIL/vendor/laravel/framework/src/Illuminate/Foundation/Http/Kernel.php(201): Illuminate\\Routing\\Router->dispatch(Object(Illuminate\\Http\\Request))
#23 /Users/elijahisrael/Desktop/Projects/chil/LARAVELBACKENDCHIL/vendor/laravel/framework/src/Illuminate/Pipeline/Pipeline.php(170): Illuminate\\Foundation\\Http\\Kernel->{closure:Illuminate\\Foundation\\Http\\Kernel::dispatchToRouter():198}(Object(Illuminate\\Http\\Request))
#24 /Users/elijahisrael/Desktop/Projects/chil/LARAVELBACKENDCHIL/vendor/livewire/livewire/src/Features/SupportDisablingBackButtonCache/DisableBackButtonCacheMiddleware.php(19): Illuminate\\Pipeline\\Pipeline->{closure:Illuminate\\Pipeline\\Pipeline::prepareDestination():168}(Object(Illuminate\\Http\\Request))
#25 /Users/elijahisrael/Desktop/Projects/chil/LARAVELBACKENDCHIL/vendor/laravel/framework/src/Illuminate/Pipeline/Pipeline.php(209): Livewire\\Features\\SupportDisablingBackButtonCache\\DisableBackButtonCacheMiddleware->handle(Object(Illuminate\\Http\\Request), Object(Closure))
#26 /Users/elijahisrael/Desktop/Projects/chil/LARAVELBACKENDCHIL/app/Http/Middleware/Cors.php(31): Illuminate\\Pipeline\\Pipeline->{closure:{closure:Illuminate\\Pipeline\\Pipeline::carry():184}:185}(Object(Illuminate\\Http\\Request))
#27 /Users/elijahisrael/Desktop/Projects/chil/LARAVELBACKENDCHIL/vendor/laravel/framework/src/Illuminate/Pipeline/Pipeline.php(209): App\\Http\\Middleware\\Cors->handle(Object(Illuminate\\Http\\Request), Object(Closure))
#28 /Users/elijahisrael/Desktop/Projects/chil/LARAVELBACKENDCHIL/vendor/laravel/framework/src/Illuminate/Http/Middleware/TrustProxies.php(58): Illuminate\\Pipeline\\Pipeline->{closure:{closure:Illuminate\\Pipeline\\Pipeline::carry():184}:185}(Object(Illuminate\\Http\\Request))
#29 /Users/elijahisrael/Desktop/Projects/chil/LARAVELBACKENDCHIL/vendor/laravel/framework/src/Illuminate/Pipeline/Pipeline.php(209): Illuminate\\Http\\Middleware\\TrustProxies->handle(Object(Illuminate\\Http\\Request), Object(Closure))
#30 /Users/elijahisrael/Desktop/Projects/chil/LARAVELBACKENDCHIL/vendor/laravel/framework/src/Illuminate/Foundation/Http/Middleware/TransformsRequest.php(21): Illuminate\\Pipeline\\Pipeline->{closure:{closure:Illuminate\\Pipeline\\Pipeline::carry():184}:185}(Object(Illuminate\\Http\\Request))
#31 /Users/elijahisrael/Desktop/Projects/chil/LARAVELBACKENDCHIL/vendor/laravel/framework/src/Illuminate/Foundation/Http/Middleware/ConvertEmptyStringsToNull.php(31): Illuminate\\Foundation\\Http\\Middleware\\TransformsRequest->handle(Object(Illuminate\\Http\\Request), Object(Closure))
#32 /Users/elijahisrael/Desktop/Projects/chil/LARAVELBACKENDCHIL/vendor/laravel/framework/src/Illuminate/Pipeline/Pipeline.php(209): Illuminate\\Foundation\\Http\\Middleware\\ConvertEmptyStringsToNull->handle(Object(Illuminate\\Http\\Request), Object(Closure))
#33 /Users/elijahisrael/Desktop/Projects/chil/LARAVELBACKENDCHIL/vendor/laravel/framework/src/Illuminate/Foundation/Http/Middleware/TransformsRequest.php(21): Illuminate\\Pipeline\\Pipeline->{closure:{closure:Illuminate\\Pipeline\\Pipeline::carry():184}:185}(Object(Illuminate\\Http\\Request))
#34 /Users/elijahisrael/Desktop/Projects/chil/LARAVELBACKENDCHIL/vendor/laravel/framework/src/Illuminate/Foundation/Http/Middleware/TrimStrings.php(51): Illuminate\\Foundation\\Http\\Middleware\\TransformsRequest->handle(Object(Illuminate\\Http\\Request), Object(Closure))
#35 /Users/elijahisrael/Desktop/Projects/chil/LARAVELBACKENDCHIL/vendor/laravel/framework/src/Illuminate/Pipeline/Pipeline.php(209): Illuminate\\Foundation\\Http\\Middleware\\TrimStrings->handle(Object(Illuminate\\Http\\Request), Object(Closure))
#36 /Users/elijahisrael/Desktop/Projects/chil/LARAVELBACKENDCHIL/vendor/laravel/framework/src/Illuminate/Http/Middleware/ValidatePostSize.php(27): Illuminate\\Pipeline\\Pipeline->{closure:{closure:Illuminate\\Pipeline\\Pipeline::carry():184}:185}(Object(Illuminate\\Http\\Request))
#37 /Users/elijahisrael/Desktop/Projects/chil/LARAVELBACKENDCHIL/vendor/laravel/framework/src/Illuminate/Pipeline/Pipeline.php(209): Illuminate\\Http\\Middleware\\ValidatePostSize->handle(Object(Illuminate\\Http\\Request), Object(Closure))
#38 /Users/elijahisrael/Desktop/Projects/chil/LARAVELBACKENDCHIL/vendor/laravel/framework/src/Illuminate/Foundation/Http/Middleware/PreventRequestsDuringMaintenance.php(110): Illuminate\\Pipeline\\Pipeline->{closure:{closure:Illuminate\\Pipeline\\Pipeline::carry():184}:185}(Object(Illuminate\\Http\\Request))
#39 /Users/elijahisrael/Desktop/Projects/chil/LARAVELBACKENDCHIL/vendor/laravel/framework/src/Illuminate/Pipeline/Pipeline.php(209): Illuminate\\Foundation\\Http\\Middleware\\PreventRequestsDuringMaintenance->handle(Object(Illuminate\\Http\\Request), Object(Closure))
#40 /Users/elijahisrael/Desktop/Projects/chil/LARAVELBACKENDCHIL/vendor/laravel/framework/src/Illuminate/Pipeline/Pipeline.php(127): Illuminate\\Pipeline\\Pipeline->{closure:{closure:Illuminate\\Pipeline\\Pipeline::carry():184}:185}(Object(Illuminate\\Http\\Request))
#41 /Users/elijahisrael/Desktop/Projects/chil/LARAVELBACKENDCHIL/vendor/laravel/framework/src/Illuminate/Foundation/Http/Kernel.php(176): Illuminate\\Pipeline\\Pipeline->then(Object(Closure))
#42 /Users/elijahisrael/Desktop/Projects/chil/LARAVELBACKENDCHIL/vendor/laravel/framework/src/Illuminate/Foundation/Http/Kernel.php(145): Illuminate\\Foundation\\Http\\Kernel->sendRequestThroughRouter(Object(Illuminate\\Http\\Request))
#43 /Users/elijahisrael/Desktop/Projects/chil/LARAVELBACKENDCHIL/public/index.php(54): Illuminate\\Foundation\\Http\\Kernel->handle(Object(Illuminate\\Http\\Request))
#44 /Users/elijahisrael/Desktop/Projects/chil/LARAVELBACKENDCHIL/server.php(21): require_once('/Users/elijahis...')
#45 {main}
"} 
[2025-09-30 08:10:58] production.ERROR: No application encryption key has been specified. {"exception":"[object] (Illuminate\\Encryption\\MissingAppKeyException(code: 0): No application encryption key has been specified. at /Users/elijahisrael/Desktop/Projects/chil/LARAVELBACKENDCHIL/vendor/laravel/framework/src/Illuminate/Encryption/EncryptionServiceProvider.php:83)
[stacktrace]
#0 /Users/elijahisrael/Desktop/Projects/chil/LARAVELBACKENDCHIL/vendor/laravel/framework/src/Illuminate/Support/helpers.php(399): Illuminate\\Encryption\\EncryptionServiceProvider->{closure:Illuminate\\Encryption\\EncryptionServiceProvider::key():81}(NULL)
#1 /Users/elijahisrael/Desktop/Projects/chil/LARAVELBACKENDCHIL/vendor/laravel/framework/src/Illuminate/Encryption/EncryptionServiceProvider.php(81): tap(NULL, Object(Closure))
#2 /Users/elijahisrael/Desktop/Projects/chil/LARAVELBACKENDCHIL/vendor/laravel/framework/src/Illuminate/Encryption/EncryptionServiceProvider.php(64): Illuminate\\Encryption\\EncryptionServiceProvider->key(Array)
#3 /Users/elijahisrael/Desktop/Projects/chil/LARAVELBACKENDCHIL/vendor/laravel/framework/src/Illuminate/Encryption/EncryptionServiceProvider.php(32): Illuminate\\Encryption\\EncryptionServiceProvider->parseKey(Array)
#4 /Users/elijahisrael/Desktop/Projects/chil/LARAVELBACKENDCHIL/vendor/laravel/framework/src/Illuminate/Container/Container.php(952): Illuminate\\Encryption\\EncryptionServiceProvider->{closure:Illuminate\\Encryption\\EncryptionServiceProvider::registerEncrypter():29}(Object(Illuminate\\Foundation\\Application), Array)
#5 /Users/elijahisrael/Desktop/Projects/chil/LARAVELBACKENDCHIL/vendor/laravel/framework/src/Illuminate/Container/Container.php(832): Illuminate\\Container\\Container->build(Object(Closure))
#6 /Users/elijahisrael/Desktop/Projects/chil/LARAVELBACKENDCHIL/vendor/laravel/framework/src/Illuminate/Foundation/Application.php(1078): Illuminate\\Container\\Container->resolve('encrypter', Array, true)
#7 /Users/elijahisrael/Desktop/Projects/chil/LARAVELBACKENDCHIL/vendor/laravel/framework/src/Illuminate/Container/Container.php(763): Illuminate\\Foundation\\Application->resolve('encrypter', Array)
#8 /Users/elijahisrael/Desktop/Projects/chil/LARAVELBACKENDCHIL/vendor/laravel/framework/src/Illuminate/Foundation/Application.php(1058): Illuminate\\Container\\Container->make('encrypter', Array)
#9 /Users/elijahisrael/Desktop/Projects/chil/LARAVELBACKENDCHIL/vendor/laravel/framework/src/Illuminate/Container/Container.php(1133): Illuminate\\Foundation\\Application->make('encrypter')
#10 /Users/elijahisrael/Desktop/Projects/chil/LARAVELBACKENDCHIL/vendor/laravel/framework/src/Illuminate/Container/Container.php(1043): Illuminate\\Container\\Container->resolveClass(Object(ReflectionParameter))
#11 /Users/elijahisrael/Desktop/Projects/chil/LARAVELBACKENDCHIL/vendor/laravel/framework/src/Illuminate/Container/Container.php(994): Illuminate\\Container\\Container->resolveDependencies(Array)
#12 /Users/elijahisrael/Desktop/Projects/chil/LARAVELBACKENDCHIL/vendor/laravel/framework/src/Illuminate/Container/Container.php(832): Illuminate\\Container\\Container->build('App\\\\Http\\\\Middle...')
#13 /Users/elijahisrael/Desktop/Projects/chil/LARAVELBACKENDCHIL/vendor/laravel/framework/src/Illuminate/Foundation/Application.php(1078): Illuminate\\Container\\Container->resolve('App\\\\Http\\\\Middle...', Array, true)
#14 /Users/elijahisrael/Desktop/Projects/chil/LARAVELBACKENDCHIL/vendor/laravel/framework/src/Illuminate/Container/Container.php(763): Illuminate\\Foundation\\Application->resolve('App\\\\Http\\\\Middle...', Array)
#15 /Users/elijahisrael/Desktop/Projects/chil/LARAVELBACKENDCHIL/vendor/laravel/framework/src/Illuminate/Foundation/Application.php(1058): Illuminate\\Container\\Container->make('App\\\\Http\\\\Middle...', Array)
#16 /Users/elijahisrael/Desktop/Projects/chil/LARAVELBACKENDCHIL/vendor/laravel/framework/src/Illuminate/Foundation/Http/Kernel.php(258): Illuminate\\Foundation\\Application->make('App\\\\Http\\\\Middle...')
#17 /Users/elijahisrael/Desktop/Projects/chil/LARAVELBACKENDCHIL/vendor/laravel/framework/src/Illuminate/Foundation/Http/Kernel.php(216): Illuminate\\Foundation\\Http\\Kernel->terminateMiddleware(Object(Illuminate\\Http\\Request), Object(Illuminate\\Http\\Response))
#18 /Users/elijahisrael/Desktop/Projects/chil/LARAVELBACKENDCHIL/public/index.php(60): Illuminate\\Foundation\\Http\\Kernel->terminate(Object(Illuminate\\Http\\Request), Object(Illuminate\\Http\\Response))
#19 /Users/elijahisrael/Desktop/Projects/chil/LARAVELBACKENDCHIL/server.php(21): require_once('/Users/elijahis...')
#20 {main}
"} 
[2025-09-30 08:11:36] production.ERROR: No application encryption key has been specified. {"exception":"[object] (Illuminate\\Encryption\\MissingAppKeyException(code: 0): No application encryption key has been specified. at /Users/elijahisrael/Desktop/Projects/chil/LARAVELBACKENDCHIL/vendor/laravel/framework/src/Illuminate/Encryption/EncryptionServiceProvider.php:83)
[stacktrace]
#0 /Users/elijahisrael/Desktop/Projects/chil/LARAVELBACKENDCHIL/vendor/laravel/framework/src/Illuminate/Support/helpers.php(399): Illuminate\\Encryption\\EncryptionServiceProvider->{closure:Illuminate\\Encryption\\EncryptionServiceProvider::key():81}(NULL)
#1 /Users/elijahisrael/Desktop/Projects/chil/LARAVELBACKENDCHIL/vendor/laravel/framework/src/Illuminate/Encryption/EncryptionServiceProvider.php(81): tap(NULL, Object(Closure))
#2 /Users/elijahisrael/Desktop/Projects/chil/LARAVELBACKENDCHIL/vendor/laravel/framework/src/Illuminate/Encryption/EncryptionServiceProvider.php(64): Illuminate\\Encryption\\EncryptionServiceProvider->key(Array)
#3 /Users/elijahisrael/Desktop/Projects/chil/LARAVELBACKENDCHIL/vendor/laravel/framework/src/Illuminate/Encryption/EncryptionServiceProvider.php(32): Illuminate\\Encryption\\EncryptionServiceProvider->parseKey(Array)
#4 /Users/elijahisrael/Desktop/Projects/chil/LARAVELBACKENDCHIL/vendor/laravel/framework/src/Illuminate/Container/Container.php(952): Illuminate\\Encryption\\EncryptionServiceProvider->{closure:Illuminate\\Encryption\\EncryptionServiceProvider::registerEncrypter():29}(Object(Illuminate\\Foundation\\Application), Array)
#5 /Users/elijahisrael/Desktop/Projects/chil/LARAVELBACKENDCHIL/vendor/laravel/framework/src/Illuminate/Container/Container.php(832): Illuminate\\Container\\Container->build(Object(Closure))
#6 /Users/elijahisrael/Desktop/Projects/chil/LARAVELBACKENDCHIL/vendor/laravel/framework/src/Illuminate/Foundation/Application.php(1078): Illuminate\\Container\\Container->resolve('encrypter', Array, true)
#7 /Users/elijahisrael/Desktop/Projects/chil/LARAVELBACKENDCHIL/vendor/laravel/framework/src/Illuminate/Container/Container.php(763): Illuminate\\Foundation\\Application->resolve('encrypter', Array)
#8 /Users/elijahisrael/Desktop/Projects/chil/LARAVELBACKENDCHIL/vendor/laravel/framework/src/Illuminate/Foundation/Application.php(1058): Illuminate\\Container\\Container->make('encrypter', Array)
#9 /Users/elijahisrael/Desktop/Projects/chil/LARAVELBACKENDCHIL/vendor/laravel/framework/src/Illuminate/Container/Container.php(1133): Illuminate\\Foundation\\Application->make('encrypter')
#10 /Users/elijahisrael/Desktop/Projects/chil/LARAVELBACKENDCHIL/vendor/laravel/framework/src/Illuminate/Container/Container.php(1043): Illuminate\\Container\\Container->resolveClass(Object(ReflectionParameter))
#11 /Users/elijahisrael/Desktop/Projects/chil/LARAVELBACKENDCHIL/vendor/laravel/framework/src/Illuminate/Container/Container.php(994): Illuminate\\Container\\Container->resolveDependencies(Array)
#12 /Users/elijahisrael/Desktop/Projects/chil/LARAVELBACKENDCHIL/vendor/laravel/framework/src/Illuminate/Container/Container.php(832): Illuminate\\Container\\Container->build('App\\\\Http\\\\Middle...')
#13 /Users/elijahisrael/Desktop/Projects/chil/LARAVELBACKENDCHIL/vendor/laravel/framework/src/Illuminate/Foundation/Application.php(1078): Illuminate\\Container\\Container->resolve('App\\\\Http\\\\Middle...', Array, true)
#14 /Users/elijahisrael/Desktop/Projects/chil/LARAVELBACKENDCHIL/vendor/laravel/framework/src/Illuminate/Container/Container.php(763): Illuminate\\Foundation\\Application->resolve('App\\\\Http\\\\Middle...', Array)
#15 /Users/elijahisrael/Desktop/Projects/chil/LARAVELBACKENDCHIL/vendor/laravel/framework/src/Illuminate/Foundation/Application.php(1058): Illuminate\\Container\\Container->make('App\\\\Http\\\\Middle...', Array)
#16 /Users/elijahisrael/Desktop/Projects/chil/LARAVELBACKENDCHIL/vendor/laravel/framework/src/Illuminate/Pipeline/Pipeline.php(198): Illuminate\\Foundation\\Application->make('App\\\\Http\\\\Middle...')
#17 /Users/elijahisrael/Desktop/Projects/chil/LARAVELBACKENDCHIL/vendor/laravel/framework/src/Illuminate/Pipeline/Pipeline.php(127): Illuminate\\Pipeline\\Pipeline->{closure:{closure:Illuminate\\Pipeline\\Pipeline::carry():184}:185}(Object(Illuminate\\Http\\Request))
#18 /Users/elijahisrael/Desktop/Projects/chil/LARAVELBACKENDCHIL/vendor/laravel/framework/src/Illuminate/Routing/Router.php(807): Illuminate\\Pipeline\\Pipeline->then(Object(Closure))
#19 /Users/elijahisrael/Desktop/Projects/chil/LARAVELBACKENDCHIL/vendor/laravel/framework/src/Illuminate/Routing/Router.php(786): Illuminate\\Routing\\Router->runRouteWithinStack(Object(Illuminate\\Routing\\Route), Object(Illuminate\\Http\\Request))
#20 /Users/elijahisrael/Desktop/Projects/chil/LARAVELBACKENDCHIL/vendor/laravel/framework/src/Illuminate/Routing/Router.php(750): Illuminate\\Routing\\Router->runRoute(Object(Illuminate\\Http\\Request), Object(Illuminate\\Routing\\Route))
#21 /Users/elijahisrael/Desktop/Projects/chil/LARAVELBACKENDCHIL/vendor/laravel/framework/src/Illuminate/Routing/Router.php(739): Illuminate\\Routing\\Router->dispatchToRoute(Object(Illuminate\\Http\\Request))
#22 /Users/elijahisrael/Desktop/Projects/chil/LARAVELBACKENDCHIL/vendor/laravel/framework/src/Illuminate/Foundation/Http/Kernel.php(201): Illuminate\\Routing\\Router->dispatch(Object(Illuminate\\Http\\Request))
#23 /Users/elijahisrael/Desktop/Projects/chil/LARAVELBACKENDCHIL/vendor/laravel/framework/src/Illuminate/Pipeline/Pipeline.php(170): Illuminate\\Foundation\\Http\\Kernel->{closure:Illuminate\\Foundation\\Http\\Kernel::dispatchToRouter():198}(Object(Illuminate\\Http\\Request))
#24 /Users/elijahisrael/Desktop/Projects/chil/LARAVELBACKENDCHIL/vendor/livewire/livewire/src/Features/SupportDisablingBackButtonCache/DisableBackButtonCacheMiddleware.php(19): Illuminate\\Pipeline\\Pipeline->{closure:Illuminate\\Pipeline\\Pipeline::prepareDestination():168}(Object(Illuminate\\Http\\Request))
#25 /Users/elijahisrael/Desktop/Projects/chil/LARAVELBACKENDCHIL/vendor/laravel/framework/src/Illuminate/Pipeline/Pipeline.php(209): Livewire\\Features\\SupportDisablingBackButtonCache\\DisableBackButtonCacheMiddleware->handle(Object(Illuminate\\Http\\Request), Object(Closure))
#26 /Users/elijahisrael/Desktop/Projects/chil/LARAVELBACKENDCHIL/app/Http/Middleware/Cors.php(31): Illuminate\\Pipeline\\Pipeline->{closure:{closure:Illuminate\\Pipeline\\Pipeline::carry():184}:185}(Object(Illuminate\\Http\\Request))
#27 /Users/elijahisrael/Desktop/Projects/chil/LARAVELBACKENDCHIL/vendor/laravel/framework/src/Illuminate/Pipeline/Pipeline.php(209): App\\Http\\Middleware\\Cors->handle(Object(Illuminate\\Http\\Request), Object(Closure))
#28 /Users/elijahisrael/Desktop/Projects/chil/LARAVELBACKENDCHIL/vendor/laravel/framework/src/Illuminate/Http/Middleware/TrustProxies.php(58): Illuminate\\Pipeline\\Pipeline->{closure:{closure:Illuminate\\Pipeline\\Pipeline::carry():184}:185}(Object(Illuminate\\Http\\Request))
#29 /Users/elijahisrael/Desktop/Projects/chil/LARAVELBACKENDCHIL/vendor/laravel/framework/src/Illuminate/Pipeline/Pipeline.php(209): Illuminate\\Http\\Middleware\\TrustProxies->handle(Object(Illuminate\\Http\\Request), Object(Closure))
#30 /Users/elijahisrael/Desktop/Projects/chil/LARAVELBACKENDCHIL/vendor/laravel/framework/src/Illuminate/Foundation/Http/Middleware/TransformsRequest.php(21): Illuminate\\Pipeline\\Pipeline->{closure:{closure:Illuminate\\Pipeline\\Pipeline::carry():184}:185}(Object(Illuminate\\Http\\Request))
#31 /Users/elijahisrael/Desktop/Projects/chil/LARAVELBACKENDCHIL/vendor/laravel/framework/src/Illuminate/Foundation/Http/Middleware/ConvertEmptyStringsToNull.php(31): Illuminate\\Foundation\\Http\\Middleware\\TransformsRequest->handle(Object(Illuminate\\Http\\Request), Object(Closure))
#32 /Users/elijahisrael/Desktop/Projects/chil/LARAVELBACKENDCHIL/vendor/laravel/framework/src/Illuminate/Pipeline/Pipeline.php(209): Illuminate\\Foundation\\Http\\Middleware\\ConvertEmptyStringsToNull->handle(Object(Illuminate\\Http\\Request), Object(Closure))
#33 /Users/elijahisrael/Desktop/Projects/chil/LARAVELBACKENDCHIL/vendor/laravel/framework/src/Illuminate/Foundation/Http/Middleware/TransformsRequest.php(21): Illuminate\\Pipeline\\Pipeline->{closure:{closure:Illuminate\\Pipeline\\Pipeline::carry():184}:185}(Object(Illuminate\\Http\\Request))
#34 /Users/elijahisrael/Desktop/Projects/chil/LARAVELBACKENDCHIL/vendor/laravel/framework/src/Illuminate/Foundation/Http/Middleware/TrimStrings.php(51): Illuminate\\Foundation\\Http\\Middleware\\TransformsRequest->handle(Object(Illuminate\\Http\\Request), Object(Closure))
#35 /Users/elijahisrael/Desktop/Projects/chil/LARAVELBACKENDCHIL/vendor/laravel/framework/src/Illuminate/Pipeline/Pipeline.php(209): Illuminate\\Foundation\\Http\\Middleware\\TrimStrings->handle(Object(Illuminate\\Http\\Request), Object(Closure))
#36 /Users/elijahisrael/Desktop/Projects/chil/LARAVELBACKENDCHIL/vendor/laravel/framework/src/Illuminate/Http/Middleware/ValidatePostSize.php(27): Illuminate\\Pipeline\\Pipeline->{closure:{closure:Illuminate\\Pipeline\\Pipeline::carry():184}:185}(Object(Illuminate\\Http\\Request))
#37 /Users/elijahisrael/Desktop/Projects/chil/LARAVELBACKENDCHIL/vendor/laravel/framework/src/Illuminate/Pipeline/Pipeline.php(209): Illuminate\\Http\\Middleware\\ValidatePostSize->handle(Object(Illuminate\\Http\\Request), Object(Closure))
#38 /Users/elijahisrael/Desktop/Projects/chil/LARAVELBACKENDCHIL/vendor/laravel/framework/src/Illuminate/Foundation/Http/Middleware/PreventRequestsDuringMaintenance.php(110): Illuminate\\Pipeline\\Pipeline->{closure:{closure:Illuminate\\Pipeline\\Pipeline::carry():184}:185}(Object(Illuminate\\Http\\Request))
#39 /Users/elijahisrael/Desktop/Projects/chil/LARAVELBACKENDCHIL/vendor/laravel/framework/src/Illuminate/Pipeline/Pipeline.php(209): Illuminate\\Foundation\\Http\\Middleware\\PreventRequestsDuringMaintenance->handle(Object(Illuminate\\Http\\Request), Object(Closure))
#40 /Users/elijahisrael/Desktop/Projects/chil/LARAVELBACKENDCHIL/vendor/laravel/framework/src/Illuminate/Pipeline/Pipeline.php(127): Illuminate\\Pipeline\\Pipeline->{closure:{closure:Illuminate\\Pipeline\\Pipeline::carry():184}:185}(Object(Illuminate\\Http\\Request))
#41 /Users/elijahisrael/Desktop/Projects/chil/LARAVELBACKENDCHIL/vendor/laravel/framework/src/Illuminate/Foundation/Http/Kernel.php(176): Illuminate\\Pipeline\\Pipeline->then(Object(Closure))
#42 /Users/elijahisrael/Desktop/Projects/chil/LARAVELBACKENDCHIL/vendor/laravel/framework/src/Illuminate/Foundation/Http/Kernel.php(145): Illuminate\\Foundation\\Http\\Kernel->sendRequestThroughRouter(Object(Illuminate\\Http\\Request))
#43 /Users/elijahisrael/Desktop/Projects/chil/LARAVELBACKENDCHIL/public/index.php(54): Illuminate\\Foundation\\Http\\Kernel->handle(Object(Illuminate\\Http\\Request))
#44 /Users/elijahisrael/Desktop/Projects/chil/LARAVELBACKENDCHIL/server.php(21): require_once('/Users/elijahis...')
#45 {main}
"} 
[2025-09-30 08:11:36] production.ERROR: No application encryption key has been specified. {"exception":"[object] (Illuminate\\Encryption\\MissingAppKeyException(code: 0): No application encryption key has been specified. at /Users/elijahisrael/Desktop/Projects/chil/LARAVELBACKENDCHIL/vendor/laravel/framework/src/Illuminate/Encryption/EncryptionServiceProvider.php:83)
[stacktrace]
#0 /Users/elijahisrael/Desktop/Projects/chil/LARAVELBACKENDCHIL/vendor/laravel/framework/src/Illuminate/Support/helpers.php(399): Illuminate\\Encryption\\EncryptionServiceProvider->{closure:Illuminate\\Encryption\\EncryptionServiceProvider::key():81}(NULL)
#1 /Users/elijahisrael/Desktop/Projects/chil/LARAVELBACKENDCHIL/vendor/laravel/framework/src/Illuminate/Encryption/EncryptionServiceProvider.php(81): tap(NULL, Object(Closure))
#2 /Users/elijahisrael/Desktop/Projects/chil/LARAVELBACKENDCHIL/vendor/laravel/framework/src/Illuminate/Encryption/EncryptionServiceProvider.php(64): Illuminate\\Encryption\\EncryptionServiceProvider->key(Array)
#3 /Users/elijahisrael/Desktop/Projects/chil/LARAVELBACKENDCHIL/vendor/laravel/framework/src/Illuminate/Encryption/EncryptionServiceProvider.php(32): Illuminate\\Encryption\\EncryptionServiceProvider->parseKey(Array)
#4 /Users/elijahisrael/Desktop/Projects/chil/LARAVELBACKENDCHIL/vendor/laravel/framework/src/Illuminate/Container/Container.php(952): Illuminate\\Encryption\\EncryptionServiceProvider->{closure:Illuminate\\Encryption\\EncryptionServiceProvider::registerEncrypter():29}(Object(Illuminate\\Foundation\\Application), Array)
#5 /Users/elijahisrael/Desktop/Projects/chil/LARAVELBACKENDCHIL/vendor/laravel/framework/src/Illuminate/Container/Container.php(832): Illuminate\\Container\\Container->build(Object(Closure))
#6 /Users/elijahisrael/Desktop/Projects/chil/LARAVELBACKENDCHIL/vendor/laravel/framework/src/Illuminate/Foundation/Application.php(1078): Illuminate\\Container\\Container->resolve('encrypter', Array, true)
#7 /Users/elijahisrael/Desktop/Projects/chil/LARAVELBACKENDCHIL/vendor/laravel/framework/src/Illuminate/Container/Container.php(763): Illuminate\\Foundation\\Application->resolve('encrypter', Array)
#8 /Users/elijahisrael/Desktop/Projects/chil/LARAVELBACKENDCHIL/vendor/laravel/framework/src/Illuminate/Foundation/Application.php(1058): Illuminate\\Container\\Container->make('encrypter', Array)
#9 /Users/elijahisrael/Desktop/Projects/chil/LARAVELBACKENDCHIL/vendor/laravel/framework/src/Illuminate/Container/Container.php(1133): Illuminate\\Foundation\\Application->make('encrypter')
#10 /Users/elijahisrael/Desktop/Projects/chil/LARAVELBACKENDCHIL/vendor/laravel/framework/src/Illuminate/Container/Container.php(1043): Illuminate\\Container\\Container->resolveClass(Object(ReflectionParameter))
#11 /Users/elijahisrael/Desktop/Projects/chil/LARAVELBACKENDCHIL/vendor/laravel/framework/src/Illuminate/Container/Container.php(994): Illuminate\\Container\\Container->resolveDependencies(Array)
#12 /Users/elijahisrael/Desktop/Projects/chil/LARAVELBACKENDCHIL/vendor/laravel/framework/src/Illuminate/Container/Container.php(832): Illuminate\\Container\\Container->build('App\\\\Http\\\\Middle...')
#13 /Users/elijahisrael/Desktop/Projects/chil/LARAVELBACKENDCHIL/vendor/laravel/framework/src/Illuminate/Foundation/Application.php(1078): Illuminate\\Container\\Container->resolve('App\\\\Http\\\\Middle...', Array, true)
#14 /Users/elijahisrael/Desktop/Projects/chil/LARAVELBACKENDCHIL/vendor/laravel/framework/src/Illuminate/Container/Container.php(763): Illuminate\\Foundation\\Application->resolve('App\\\\Http\\\\Middle...', Array)
#15 /Users/elijahisrael/Desktop/Projects/chil/LARAVELBACKENDCHIL/vendor/laravel/framework/src/Illuminate/Foundation/Application.php(1058): Illuminate\\Container\\Container->make('App\\\\Http\\\\Middle...', Array)
#16 /Users/elijahisrael/Desktop/Projects/chil/LARAVELBACKENDCHIL/vendor/laravel/framework/src/Illuminate/Foundation/Http/Kernel.php(258): Illuminate\\Foundation\\Application->make('App\\\\Http\\\\Middle...')
#17 /Users/elijahisrael/Desktop/Projects/chil/LARAVELBACKENDCHIL/vendor/laravel/framework/src/Illuminate/Foundation/Http/Kernel.php(216): Illuminate\\Foundation\\Http\\Kernel->terminateMiddleware(Object(Illuminate\\Http\\Request), Object(Illuminate\\Http\\Response))
#18 /Users/elijahisrael/Desktop/Projects/chil/LARAVELBACKENDCHIL/public/index.php(60): Illuminate\\Foundation\\Http\\Kernel->terminate(Object(Illuminate\\Http\\Request), Object(Illuminate\\Http\\Response))
#19 /Users/elijahisrael/Desktop/Projects/chil/LARAVELBACKENDCHIL/server.php(21): require_once('/Users/elijahis...')
#20 {main}
"} 
[2025-09-30 08:16:10] production.ERROR: file_get_contents(/Users/elijahisrael/Desktop/Projects/chil/LARAVELBACKENDCHIL/.env): Failed to open stream: No such file or directory {"exception":"[object] (ErrorException(code: 0): file_get_contents(/Users/elijahisrael/Desktop/Projects/chil/LARAVELBACKENDCHIL/.env): Failed to open stream: No such file or directory at /Users/elijahisrael/Desktop/Projects/chil/LARAVELBACKENDCHIL/vendor/laravel/framework/src/Illuminate/Foundation/Console/KeyGenerateCommand.php:100)
[stacktrace]
#0 /Users/elijahisrael/Desktop/Projects/chil/LARAVELBACKENDCHIL/vendor/laravel/framework/src/Illuminate/Foundation/Bootstrap/HandleExceptions.php(256): Illuminate\\Foundation\\Bootstrap\\HandleExceptions->handleError(2, 'file_get_conten...', '/Users/elijahis...', 100)
#1 [internal function]: Illuminate\\Foundation\\Bootstrap\\HandleExceptions->{closure:Illuminate\\Foundation\\Bootstrap\\HandleExceptions::forwardsTo():255}(2, 'file_get_conten...', '/Users/elijahis...', 100)
#2 /Users/elijahisrael/Desktop/Projects/chil/LARAVELBACKENDCHIL/vendor/laravel/framework/src/Illuminate/Foundation/Console/KeyGenerateCommand.php(100): file_get_contents('/Users/elijahis...')
#3 /Users/elijahisrael/Desktop/Projects/chil/LARAVELBACKENDCHIL/vendor/laravel/framework/src/Illuminate/Foundation/Console/KeyGenerateCommand.php(82): Illuminate\\Foundation\\Console\\KeyGenerateCommand->writeNewEnvironmentFileWith('base64:8kuZ0Tai...')
#4 /Users/elijahisrael/Desktop/Projects/chil/LARAVELBACKENDCHIL/vendor/laravel/framework/src/Illuminate/Foundation/Console/KeyGenerateCommand.php(47): Illuminate\\Foundation\\Console\\KeyGenerateCommand->setKeyInEnvironmentFile('base64:8kuZ0Tai...')
#5 /Users/elijahisrael/Desktop/Projects/chil/LARAVELBACKENDCHIL/vendor/laravel/framework/src/Illuminate/Container/BoundMethod.php(36): Illuminate\\Foundation\\Console\\KeyGenerateCommand->handle()
#6 /Users/elijahisrael/Desktop/Projects/chil/LARAVELBACKENDCHIL/vendor/laravel/framework/src/Illuminate/Container/Util.php(43): Illuminate\\Container\\BoundMethod::{closure:Illuminate\\Container\\BoundMethod::call():35}()
#7 /Users/elijahisrael/Desktop/Projects/chil/LARAVELBACKENDCHIL/vendor/laravel/framework/src/Illuminate/Container/BoundMethod.php(95): Illuminate\\Container\\Util::unwrapIfClosure(Object(Closure))
#8 /Users/elijahisrael/Desktop/Projects/chil/LARAVELBACKENDCHIL/vendor/laravel/framework/src/Illuminate/Container/BoundMethod.php(35): Illuminate\\Container\\BoundMethod::callBoundMethod(Object(Illuminate\\Foundation\\Application), Array, Object(Closure))
#9 /Users/elijahisrael/Desktop/Projects/chil/LARAVELBACKENDCHIL/vendor/laravel/framework/src/Illuminate/Container/Container.php(696): Illuminate\\Container\\BoundMethod::call(Object(Illuminate\\Foundation\\Application), Array, Array, NULL)
#10 /Users/elijahisrael/Desktop/Projects/chil/LARAVELBACKENDCHIL/vendor/laravel/framework/src/Illuminate/Console/Command.php(213): Illuminate\\Container\\Container->call(Array)
#11 /Users/elijahisrael/Desktop/Projects/chil/LARAVELBACKENDCHIL/vendor/symfony/console/Command/Command.php(279): Illuminate\\Console\\Command->execute(Object(Symfony\\Component\\Console\\Input\\ArgvInput), Object(Illuminate\\Console\\OutputStyle))
#12 /Users/elijahisrael/Desktop/Projects/chil/LARAVELBACKENDCHIL/vendor/laravel/framework/src/Illuminate/Console/Command.php(182): Symfony\\Component\\Console\\Command\\Command->run(Object(Symfony\\Component\\Console\\Input\\ArgvInput), Object(Illuminate\\Console\\OutputStyle))
#13 /Users/elijahisrael/Desktop/Projects/chil/LARAVELBACKENDCHIL/vendor/symfony/console/Application.php(1094): Illuminate\\Console\\Command->run(Object(Symfony\\Component\\Console\\Input\\ArgvInput), Object(Symfony\\Component\\Console\\Output\\ConsoleOutput))
#14 /Users/elijahisrael/Desktop/Projects/chil/LARAVELBACKENDCHIL/vendor/symfony/console/Application.php(342): Symfony\\Component\\Console\\Application->doRunCommand(Object(Illuminate\\Foundation\\Console\\KeyGenerateCommand), Object(Symfony\\Component\\Console\\Input\\ArgvInput), Object(Symfony\\Component\\Console\\Output\\ConsoleOutput))
#15 /Users/elijahisrael/Desktop/Projects/chil/LARAVELBACKENDCHIL/vendor/symfony/console/Application.php(193): Symfony\\Component\\Console\\Application->doRun(Object(Symfony\\Component\\Console\\Input\\ArgvInput), Object(Symfony\\Component\\Console\\Output\\ConsoleOutput))
#16 /Users/elijahisrael/Desktop/Projects/chil/LARAVELBACKENDCHIL/vendor/laravel/framework/src/Illuminate/Foundation/Console/Kernel.php(198): Symfony\\Component\\Console\\Application->run(Object(Symfony\\Component\\Console\\Input\\ArgvInput), Object(Symfony\\Component\\Console\\Output\\ConsoleOutput))
#17 /Users/elijahisrael/Desktop/Projects/chil/LARAVELBACKENDCHIL/artisan(35): Illuminate\\Foundation\\Console\\Kernel->handle(Object(Symfony\\Component\\Console\\Input\\ArgvInput), Object(Symfony\\Component\\Console\\Output\\ConsoleOutput))
#18 {main}
"} 
[2025-09-30 09:19:41] local.ERROR: Route [login] not defined. {"exception":"[object] (Symfony\\Component\\Routing\\Exception\\RouteNotFoundException(code: 0): Route [login] not defined. at /Users/elijahisrael/Desktop/Projects/chil/LARAVELBACKENDCHIL/vendor/laravel/framework/src/Illuminate/Routing/UrlGenerator.php:517)
[stacktrace]
#0 /Users/elijahisrael/Desktop/Projects/chil/LARAVELBACKENDCHIL/vendor/laravel/framework/src/Illuminate/Foundation/helpers.php(853): Illuminate\\Routing\\UrlGenerator->route('login', Array, true)
#1 /Users/elijahisrael/Desktop/Projects/chil/LARAVELBACKENDCHIL/app/Http/Middleware/Authenticate.php(18): route('login')
#2 /Users/elijahisrael/Desktop/Projects/chil/LARAVELBACKENDCHIL/vendor/laravel/framework/src/Illuminate/Auth/Middleware/Authenticate.php(105): App\\Http\\Middleware\\Authenticate->redirectTo(Object(Illuminate\\Http\\Request))
#3 /Users/elijahisrael/Desktop/Projects/chil/LARAVELBACKENDCHIL/vendor/laravel/framework/src/Illuminate/Auth/Middleware/Authenticate.php(88): Illuminate\\Auth\\Middleware\\Authenticate->unauthenticated(Object(Illuminate\\Http\\Request), Array)
#4 /Users/elijahisrael/Desktop/Projects/chil/LARAVELBACKENDCHIL/vendor/laravel/framework/src/Illuminate/Auth/Middleware/Authenticate.php(62): Illuminate\\Auth\\Middleware\\Authenticate->authenticate(Object(Illuminate\\Http\\Request), Array)
#5 /Users/elijahisrael/Desktop/Projects/chil/LARAVELBACKENDCHIL/vendor/laravel/framework/src/Illuminate/Pipeline/Pipeline.php(209): Illuminate\\Auth\\Middleware\\Authenticate->handle(Object(Illuminate\\Http\\Request), Object(Closure))
#6 /Users/elijahisrael/Desktop/Projects/chil/LARAVELBACKENDCHIL/vendor/laravel/framework/src/Illuminate/Foundation/Http/Middleware/VerifyCsrfToken.php(88): Illuminate\\Pipeline\\Pipeline->{closure:{closure:Illuminate\\Pipeline\\Pipeline::carry():184}:185}(Object(Illuminate\\Http\\Request))
#7 /Users/elijahisrael/Desktop/Projects/chil/LARAVELBACKENDCHIL/vendor/laravel/framework/src/Illuminate/Pipeline/Pipeline.php(209): Illuminate\\Foundation\\Http\\Middleware\\VerifyCsrfToken->handle(Object(Illuminate\\Http\\Request), Object(Closure))
#8 /Users/elijahisrael/Desktop/Projects/chil/LARAVELBACKENDCHIL/vendor/laravel/framework/src/Illuminate/View/Middleware/ShareErrorsFromSession.php(49): Illuminate\\Pipeline\\Pipeline->{closure:{closure:Illuminate\\Pipeline\\Pipeline::carry():184}:185}(Object(Illuminate\\Http\\Request))
#9 /Users/elijahisrael/Desktop/Projects/chil/LARAVELBACKENDCHIL/vendor/laravel/framework/src/Illuminate/Pipeline/Pipeline.php(209): Illuminate\\View\\Middleware\\ShareErrorsFromSession->handle(Object(Illuminate\\Http\\Request), Object(Closure))
#10 /Users/elijahisrael/Desktop/Projects/chil/LARAVELBACKENDCHIL/vendor/laravel/framework/src/Illuminate/Session/Middleware/StartSession.php(121): Illuminate\\Pipeline\\Pipeline->{closure:{closure:Illuminate\\Pipeline\\Pipeline::carry():184}:185}(Object(Illuminate\\Http\\Request))
#11 /Users/elijahisrael/Desktop/Projects/chil/LARAVELBACKENDCHIL/vendor/laravel/framework/src/Illuminate/Session/Middleware/StartSession.php(64): Illuminate\\Session\\Middleware\\StartSession->handleStatefulRequest(Object(Illuminate\\Http\\Request), Object(Illuminate\\Session\\Store), Object(Closure))
#12 /Users/elijahisrael/Desktop/Projects/chil/LARAVELBACKENDCHIL/vendor/laravel/framework/src/Illuminate/Pipeline/Pipeline.php(209): Illuminate\\Session\\Middleware\\StartSession->handle(Object(Illuminate\\Http\\Request), Object(Closure))
#13 /Users/elijahisrael/Desktop/Projects/chil/LARAVELBACKENDCHIL/vendor/laravel/framework/src/Illuminate/Cookie/Middleware/AddQueuedCookiesToResponse.php(37): Illuminate\\Pipeline\\Pipeline->{closure:{closure:Illuminate\\Pipeline\\Pipeline::carry():184}:185}(Object(Illuminate\\Http\\Request))
#14 /Users/elijahisrael/Desktop/Projects/chil/LARAVELBACKENDCHIL/vendor/laravel/framework/src/Illuminate/Pipeline/Pipeline.php(209): Illuminate\\Cookie\\Middleware\\AddQueuedCookiesToResponse->handle(Object(Illuminate\\Http\\Request), Object(Closure))
#15 /Users/elijahisrael/Desktop/Projects/chil/LARAVELBACKENDCHIL/vendor/laravel/framework/src/Illuminate/Cookie/Middleware/EncryptCookies.php(75): Illuminate\\Pipeline\\Pipeline->{closure:{closure:Illuminate\\Pipeline\\Pipeline::carry():184}:185}(Object(Illuminate\\Http\\Request))
#16 /Users/elijahisrael/Desktop/Projects/chil/LARAVELBACKENDCHIL/vendor/laravel/framework/src/Illuminate/Pipeline/Pipeline.php(209): Illuminate\\Cookie\\Middleware\\EncryptCookies->handle(Object(Illuminate\\Http\\Request), Object(Closure))
#17 /Users/elijahisrael/Desktop/Projects/chil/LARAVELBACKENDCHIL/vendor/laravel/framework/src/Illuminate/Pipeline/Pipeline.php(127): Illuminate\\Pipeline\\Pipeline->{closure:{closure:Illuminate\\Pipeline\\Pipeline::carry():184}:185}(Object(Illuminate\\Http\\Request))
#18 /Users/elijahisrael/Desktop/Projects/chil/LARAVELBACKENDCHIL/vendor/laravel/framework/src/Illuminate/Routing/Router.php(807): Illuminate\\Pipeline\\Pipeline->then(Object(Closure))
#19 /Users/elijahisrael/Desktop/Projects/chil/LARAVELBACKENDCHIL/vendor/laravel/framework/src/Illuminate/Routing/Router.php(786): Illuminate\\Routing\\Router->runRouteWithinStack(Object(Illuminate\\Routing\\Route), Object(Illuminate\\Http\\Request))
#20 /Users/elijahisrael/Desktop/Projects/chil/LARAVELBACKENDCHIL/vendor/laravel/framework/src/Illuminate/Routing/Router.php(750): Illuminate\\Routing\\Router->runRoute(Object(Illuminate\\Http\\Request), Object(Illuminate\\Routing\\Route))
#21 /Users/elijahisrael/Desktop/Projects/chil/LARAVELBACKENDCHIL/vendor/laravel/framework/src/Illuminate/Routing/Router.php(739): Illuminate\\Routing\\Router->dispatchToRoute(Object(Illuminate\\Http\\Request))
#22 /Users/elijahisrael/Desktop/Projects/chil/LARAVELBACKENDCHIL/vendor/laravel/framework/src/Illuminate/Foundation/Http/Kernel.php(201): Illuminate\\Routing\\Router->dispatch(Object(Illuminate\\Http\\Request))
#23 /Users/elijahisrael/Desktop/Projects/chil/LARAVELBACKENDCHIL/vendor/laravel/framework/src/Illuminate/Pipeline/Pipeline.php(170): Illuminate\\Foundation\\Http\\Kernel->{closure:Illuminate\\Foundation\\Http\\Kernel::dispatchToRouter():198}(Object(Illuminate\\Http\\Request))
#24 /Users/elijahisrael/Desktop/Projects/chil/LARAVELBACKENDCHIL/vendor/livewire/livewire/src/Features/SupportDisablingBackButtonCache/DisableBackButtonCacheMiddleware.php(19): Illuminate\\Pipeline\\Pipeline->{closure:Illuminate\\Pipeline\\Pipeline::prepareDestination():168}(Object(Illuminate\\Http\\Request))
#25 /Users/elijahisrael/Desktop/Projects/chil/LARAVELBACKENDCHIL/vendor/laravel/framework/src/Illuminate/Pipeline/Pipeline.php(209): Livewire\\Features\\SupportDisablingBackButtonCache\\DisableBackButtonCacheMiddleware->handle(Object(Illuminate\\Http\\Request), Object(Closure))
#26 /Users/elijahisrael/Desktop/Projects/chil/LARAVELBACKENDCHIL/app/Http/Middleware/Cors.php(31): Illuminate\\Pipeline\\Pipeline->{closure:{closure:Illuminate\\Pipeline\\Pipeline::carry():184}:185}(Object(Illuminate\\Http\\Request))
#27 /Users/elijahisrael/Desktop/Projects/chil/LARAVELBACKENDCHIL/vendor/laravel/framework/src/Illuminate/Pipeline/Pipeline.php(209): App\\Http\\Middleware\\Cors->handle(Object(Illuminate\\Http\\Request), Object(Closure))
#28 /Users/elijahisrael/Desktop/Projects/chil/LARAVELBACKENDCHIL/vendor/laravel/framework/src/Illuminate/Http/Middleware/TrustProxies.php(58): Illuminate\\Pipeline\\Pipeline->{closure:{closure:Illuminate\\Pipeline\\Pipeline::carry():184}:185}(Object(Illuminate\\Http\\Request))
#29 /Users/elijahisrael/Desktop/Projects/chil/LARAVELBACKENDCHIL/vendor/laravel/framework/src/Illuminate/Pipeline/Pipeline.php(209): Illuminate\\Http\\Middleware\\TrustProxies->handle(Object(Illuminate\\Http\\Request), Object(Closure))
#30 /Users/elijahisrael/Desktop/Projects/chil/LARAVELBACKENDCHIL/vendor/laravel/framework/src/Illuminate/Foundation/Http/Middleware/TransformsRequest.php(21): Illuminate\\Pipeline\\Pipeline->{closure:{closure:Illuminate\\Pipeline\\Pipeline::carry():184}:185}(Object(Illuminate\\Http\\Request))
#31 /Users/elijahisrael/Desktop/Projects/chil/LARAVELBACKENDCHIL/vendor/laravel/framework/src/Illuminate/Foundation/Http/Middleware/ConvertEmptyStringsToNull.php(31): Illuminate\\Foundation\\Http\\Middleware\\TransformsRequest->handle(Object(Illuminate\\Http\\Request), Object(Closure))
#32 /Users/elijahisrael/Desktop/Projects/chil/LARAVELBACKENDCHIL/vendor/laravel/framework/src/Illuminate/Pipeline/Pipeline.php(209): Illuminate\\Foundation\\Http\\Middleware\\ConvertEmptyStringsToNull->handle(Object(Illuminate\\Http\\Request), Object(Closure))
#33 /Users/elijahisrael/Desktop/Projects/chil/LARAVELBACKENDCHIL/vendor/laravel/framework/src/Illuminate/Foundation/Http/Middleware/TransformsRequest.php(21): Illuminate\\Pipeline\\Pipeline->{closure:{closure:Illuminate\\Pipeline\\Pipeline::carry():184}:185}(Object(Illuminate\\Http\\Request))
#34 /Users/elijahisrael/Desktop/Projects/chil/LARAVELBACKENDCHIL/vendor/laravel/framework/src/Illuminate/Foundation/Http/Middleware/TrimStrings.php(51): Illuminate\\Foundation\\Http\\Middleware\\TransformsRequest->handle(Object(Illuminate\\Http\\Request), Object(Closure))
#35 /Users/elijahisrael/Desktop/Projects/chil/LARAVELBACKENDCHIL/vendor/laravel/framework/src/Illuminate/Pipeline/Pipeline.php(209): Illuminate\\Foundation\\Http\\Middleware\\TrimStrings->handle(Object(Illuminate\\Http\\Request), Object(Closure))
#36 /Users/elijahisrael/Desktop/Projects/chil/LARAVELBACKENDCHIL/vendor/laravel/framework/src/Illuminate/Http/Middleware/ValidatePostSize.php(27): Illuminate\\Pipeline\\Pipeline->{closure:{closure:Illuminate\\Pipeline\\Pipeline::carry():184}:185}(Object(Illuminate\\Http\\Request))
#37 /Users/elijahisrael/Desktop/Projects/chil/LARAVELBACKENDCHIL/vendor/laravel/framework/src/Illuminate/Pipeline/Pipeline.php(209): Illuminate\\Http\\Middleware\\ValidatePostSize->handle(Object(Illuminate\\Http\\Request), Object(Closure))
#38 /Users/elijahisrael/Desktop/Projects/chil/LARAVELBACKENDCHIL/vendor/laravel/framework/src/Illuminate/Foundation/Http/Middleware/PreventRequestsDuringMaintenance.php(110): Illuminate\\Pipeline\\Pipeline->{closure:{closure:Illuminate\\Pipeline\\Pipeline::carry():184}:185}(Object(Illuminate\\Http\\Request))
#39 /Users/elijahisrael/Desktop/Projects/chil/LARAVELBACKENDCHIL/vendor/laravel/framework/src/Illuminate/Pipeline/Pipeline.php(209): Illuminate\\Foundation\\Http\\Middleware\\PreventRequestsDuringMaintenance->handle(Object(Illuminate\\Http\\Request), Object(Closure))
#40 /Users/elijahisrael/Desktop/Projects/chil/LARAVELBACKENDCHIL/vendor/laravel/framework/src/Illuminate/Pipeline/Pipeline.php(127): Illuminate\\Pipeline\\Pipeline->{closure:{closure:Illuminate\\Pipeline\\Pipeline::carry():184}:185}(Object(Illuminate\\Http\\Request))
#41 /Users/elijahisrael/Desktop/Projects/chil/LARAVELBACKENDCHIL/vendor/laravel/framework/src/Illuminate/Foundation/Http/Kernel.php(176): Illuminate\\Pipeline\\Pipeline->then(Object(Closure))
#42 /Users/elijahisrael/Desktop/Projects/chil/LARAVELBACKENDCHIL/vendor/laravel/framework/src/Illuminate/Foundation/Http/Kernel.php(145): Illuminate\\Foundation\\Http\\Kernel->sendRequestThroughRouter(Object(Illuminate\\Http\\Request))
#43 /Users/elijahisrael/Desktop/Projects/chil/LARAVELBACKENDCHIL/public/index.php(54): Illuminate\\Foundation\\Http\\Kernel->handle(Object(Illuminate\\Http\\Request))
#44 /Users/elijahisrael/Desktop/Projects/chil/LARAVELBACKENDCHIL/server.php(21): require_once('/Users/elijahis...')
#45 {main}
"} 
[2025-09-30 09:29:31] local.ERROR: Class "App\Mail\TestEmail" not found {"exception":"[object] (Error(code: 0): Class \"App\\Mail\\TestEmail\" not found at /Users/elijahisrael/Desktop/Projects/chil/LARAVELBACKENDCHIL/routes/web.php:72)
[stacktrace]
#0 /Users/elijahisrael/Desktop/Projects/chil/LARAVELBACKENDCHIL/vendor/laravel/framework/src/Illuminate/Routing/CallableDispatcher.php(40): Illuminate\\Routing\\RouteFileRegistrar->{closure:/Users/elijahisrael/Desktop/Projects/chil/LARAVELBACKENDCHIL/routes/web.php:71}()
#1 /Users/elijahisrael/Desktop/Projects/chil/LARAVELBACKENDCHIL/vendor/laravel/framework/src/Illuminate/Routing/Route.php(244): Illuminate\\Routing\\CallableDispatcher->dispatch(Object(Illuminate\\Routing\\Route), Object(Closure))
#2 /Users/elijahisrael/Desktop/Projects/chil/LARAVELBACKENDCHIL/vendor/laravel/framework/src/Illuminate/Routing/Route.php(215): Illuminate\\Routing\\Route->runCallable()
#3 /Users/elijahisrael/Desktop/Projects/chil/LARAVELBACKENDCHIL/vendor/laravel/framework/src/Illuminate/Routing/Router.php(808): Illuminate\\Routing\\Route->run()
#4 /Users/elijahisrael/Desktop/Projects/chil/LARAVELBACKENDCHIL/vendor/laravel/framework/src/Illuminate/Pipeline/Pipeline.php(170): Illuminate\\Routing\\Router->{closure:Illuminate\\Routing\\Router::runRouteWithinStack():807}(Object(Illuminate\\Http\\Request))
#5 /Users/elijahisrael/Desktop/Projects/chil/LARAVELBACKENDCHIL/vendor/laravel/framework/src/Illuminate/Routing/Middleware/SubstituteBindings.php(51): Illuminate\\Pipeline\\Pipeline->{closure:Illuminate\\Pipeline\\Pipeline::prepareDestination():168}(Object(Illuminate\\Http\\Request))
#6 /Users/elijahisrael/Desktop/Projects/chil/LARAVELBACKENDCHIL/vendor/laravel/framework/src/Illuminate/Pipeline/Pipeline.php(209): Illuminate\\Routing\\Middleware\\SubstituteBindings->handle(Object(Illuminate\\Http\\Request), Object(Closure))
#7 /Users/elijahisrael/Desktop/Projects/chil/LARAVELBACKENDCHIL/vendor/laravel/framework/src/Illuminate/Foundation/Http/Middleware/VerifyCsrfToken.php(88): Illuminate\\Pipeline\\Pipeline->{closure:{closure:Illuminate\\Pipeline\\Pipeline::carry():184}:185}(Object(Illuminate\\Http\\Request))
#8 /Users/elijahisrael/Desktop/Projects/chil/LARAVELBACKENDCHIL/vendor/laravel/framework/src/Illuminate/Pipeline/Pipeline.php(209): Illuminate\\Foundation\\Http\\Middleware\\VerifyCsrfToken->handle(Object(Illuminate\\Http\\Request), Object(Closure))
#9 /Users/elijahisrael/Desktop/Projects/chil/LARAVELBACKENDCHIL/vendor/laravel/framework/src/Illuminate/View/Middleware/ShareErrorsFromSession.php(49): Illuminate\\Pipeline\\Pipeline->{closure:{closure:Illuminate\\Pipeline\\Pipeline::carry():184}:185}(Object(Illuminate\\Http\\Request))
#10 /Users/elijahisrael/Desktop/Projects/chil/LARAVELBACKENDCHIL/vendor/laravel/framework/src/Illuminate/Pipeline/Pipeline.php(209): Illuminate\\View\\Middleware\\ShareErrorsFromSession->handle(Object(Illuminate\\Http\\Request), Object(Closure))
#11 /Users/elijahisrael/Desktop/Projects/chil/LARAVELBACKENDCHIL/vendor/laravel/framework/src/Illuminate/Session/Middleware/StartSession.php(121): Illuminate\\Pipeline\\Pipeline->{closure:{closure:Illuminate\\Pipeline\\Pipeline::carry():184}:185}(Object(Illuminate\\Http\\Request))
#12 /Users/elijahisrael/Desktop/Projects/chil/LARAVELBACKENDCHIL/vendor/laravel/framework/src/Illuminate/Session/Middleware/StartSession.php(64): Illuminate\\Session\\Middleware\\StartSession->handleStatefulRequest(Object(Illuminate\\Http\\Request), Object(Illuminate\\Session\\Store), Object(Closure))
#13 /Users/elijahisrael/Desktop/Projects/chil/LARAVELBACKENDCHIL/vendor/laravel/framework/src/Illuminate/Pipeline/Pipeline.php(209): Illuminate\\Session\\Middleware\\StartSession->handle(Object(Illuminate\\Http\\Request), Object(Closure))
#14 /Users/elijahisrael/Desktop/Projects/chil/LARAVELBACKENDCHIL/vendor/laravel/framework/src/Illuminate/Cookie/Middleware/AddQueuedCookiesToResponse.php(37): Illuminate\\Pipeline\\Pipeline->{closure:{closure:Illuminate\\Pipeline\\Pipeline::carry():184}:185}(Object(Illuminate\\Http\\Request))
#15 /Users/elijahisrael/Desktop/Projects/chil/LARAVELBACKENDCHIL/vendor/laravel/framework/src/Illuminate/Pipeline/Pipeline.php(209): Illuminate\\Cookie\\Middleware\\AddQueuedCookiesToResponse->handle(Object(Illuminate\\Http\\Request), Object(Closure))
#16 /Users/elijahisrael/Desktop/Projects/chil/LARAVELBACKENDCHIL/vendor/laravel/framework/src/Illuminate/Cookie/Middleware/EncryptCookies.php(75): Illuminate\\Pipeline\\Pipeline->{closure:{closure:Illuminate\\Pipeline\\Pipeline::carry():184}:185}(Object(Illuminate\\Http\\Request))
#17 /Users/elijahisrael/Desktop/Projects/chil/LARAVELBACKENDCHIL/vendor/laravel/framework/src/Illuminate/Pipeline/Pipeline.php(209): Illuminate\\Cookie\\Middleware\\EncryptCookies->handle(Object(Illuminate\\Http\\Request), Object(Closure))
#18 /Users/elijahisrael/Desktop/Projects/chil/LARAVELBACKENDCHIL/vendor/laravel/framework/src/Illuminate/Pipeline/Pipeline.php(127): Illuminate\\Pipeline\\Pipeline->{closure:{closure:Illuminate\\Pipeline\\Pipeline::carry():184}:185}(Object(Illuminate\\Http\\Request))
#19 /Users/elijahisrael/Desktop/Projects/chil/LARAVELBACKENDCHIL/vendor/laravel/framework/src/Illuminate/Routing/Router.php(807): Illuminate\\Pipeline\\Pipeline->then(Object(Closure))
#20 /Users/elijahisrael/Desktop/Projects/chil/LARAVELBACKENDCHIL/vendor/laravel/framework/src/Illuminate/Routing/Router.php(786): Illuminate\\Routing\\Router->runRouteWithinStack(Object(Illuminate\\Routing\\Route), Object(Illuminate\\Http\\Request))
#21 /Users/elijahisrael/Desktop/Projects/chil/LARAVELBACKENDCHIL/vendor/laravel/framework/src/Illuminate/Routing/Router.php(750): Illuminate\\Routing\\Router->runRoute(Object(Illuminate\\Http\\Request), Object(Illuminate\\Routing\\Route))
#22 /Users/elijahisrael/Desktop/Projects/chil/LARAVELBACKENDCHIL/vendor/laravel/framework/src/Illuminate/Routing/Router.php(739): Illuminate\\Routing\\Router->dispatchToRoute(Object(Illuminate\\Http\\Request))
#23 /Users/elijahisrael/Desktop/Projects/chil/LARAVELBACKENDCHIL/vendor/laravel/framework/src/Illuminate/Foundation/Http/Kernel.php(201): Illuminate\\Routing\\Router->dispatch(Object(Illuminate\\Http\\Request))
#24 /Users/elijahisrael/Desktop/Projects/chil/LARAVELBACKENDCHIL/vendor/laravel/framework/src/Illuminate/Pipeline/Pipeline.php(170): Illuminate\\Foundation\\Http\\Kernel->{closure:Illuminate\\Foundation\\Http\\Kernel::dispatchToRouter():198}(Object(Illuminate\\Http\\Request))
#25 /Users/elijahisrael/Desktop/Projects/chil/LARAVELBACKENDCHIL/vendor/livewire/livewire/src/Features/SupportDisablingBackButtonCache/DisableBackButtonCacheMiddleware.php(19): Illuminate\\Pipeline\\Pipeline->{closure:Illuminate\\Pipeline\\Pipeline::prepareDestination():168}(Object(Illuminate\\Http\\Request))
#26 /Users/elijahisrael/Desktop/Projects/chil/LARAVELBACKENDCHIL/vendor/laravel/framework/src/Illuminate/Pipeline/Pipeline.php(209): Livewire\\Features\\SupportDisablingBackButtonCache\\DisableBackButtonCacheMiddleware->handle(Object(Illuminate\\Http\\Request), Object(Closure))
#27 /Users/elijahisrael/Desktop/Projects/chil/LARAVELBACKENDCHIL/app/Http/Middleware/Cors.php(31): Illuminate\\Pipeline\\Pipeline->{closure:{closure:Illuminate\\Pipeline\\Pipeline::carry():184}:185}(Object(Illuminate\\Http\\Request))
#28 /Users/elijahisrael/Desktop/Projects/chil/LARAVELBACKENDCHIL/vendor/laravel/framework/src/Illuminate/Pipeline/Pipeline.php(209): App\\Http\\Middleware\\Cors->handle(Object(Illuminate\\Http\\Request), Object(Closure))
#29 /Users/elijahisrael/Desktop/Projects/chil/LARAVELBACKENDCHIL/vendor/laravel/framework/src/Illuminate/Http/Middleware/TrustProxies.php(58): Illuminate\\Pipeline\\Pipeline->{closure:{closure:Illuminate\\Pipeline\\Pipeline::carry():184}:185}(Object(Illuminate\\Http\\Request))
#30 /Users/elijahisrael/Desktop/Projects/chil/LARAVELBACKENDCHIL/vendor/laravel/framework/src/Illuminate/Pipeline/Pipeline.php(209): Illuminate\\Http\\Middleware\\TrustProxies->handle(Object(Illuminate\\Http\\Request), Object(Closure))
#31 /Users/elijahisrael/Desktop/Projects/chil/LARAVELBACKENDCHIL/vendor/laravel/framework/src/Illuminate/Foundation/Http/Middleware/TransformsRequest.php(21): Illuminate\\Pipeline\\Pipeline->{closure:{closure:Illuminate\\Pipeline\\Pipeline::carry():184}:185}(Object(Illuminate\\Http\\Request))
#32 /Users/elijahisrael/Desktop/Projects/chil/LARAVELBACKENDCHIL/vendor/laravel/framework/src/Illuminate/Foundation/Http/Middleware/ConvertEmptyStringsToNull.php(31): Illuminate\\Foundation\\Http\\Middleware\\TransformsRequest->handle(Object(Illuminate\\Http\\Request), Object(Closure))
#33 /Users/elijahisrael/Desktop/Projects/chil/LARAVELBACKENDCHIL/vendor/laravel/framework/src/Illuminate/Pipeline/Pipeline.php(209): Illuminate\\Foundation\\Http\\Middleware\\ConvertEmptyStringsToNull->handle(Object(Illuminate\\Http\\Request), Object(Closure))
#34 /Users/elijahisrael/Desktop/Projects/chil/LARAVELBACKENDCHIL/vendor/laravel/framework/src/Illuminate/Foundation/Http/Middleware/TransformsRequest.php(21): Illuminate\\Pipeline\\Pipeline->{closure:{closure:Illuminate\\Pipeline\\Pipeline::carry():184}:185}(Object(Illuminate\\Http\\Request))
#35 /Users/elijahisrael/Desktop/Projects/chil/LARAVELBACKENDCHIL/vendor/laravel/framework/src/Illuminate/Foundation/Http/Middleware/TrimStrings.php(51): Illuminate\\Foundation\\Http\\Middleware\\TransformsRequest->handle(Object(Illuminate\\Http\\Request), Object(Closure))
#36 /Users/elijahisrael/Desktop/Projects/chil/LARAVELBACKENDCHIL/vendor/laravel/framework/src/Illuminate/Pipeline/Pipeline.php(209): Illuminate\\Foundation\\Http\\Middleware\\TrimStrings->handle(Object(Illuminate\\Http\\Request), Object(Closure))
#37 /Users/elijahisrael/Desktop/Projects/chil/LARAVELBACKENDCHIL/vendor/laravel/framework/src/Illuminate/Http/Middleware/ValidatePostSize.php(27): Illuminate\\Pipeline\\Pipeline->{closure:{closure:Illuminate\\Pipeline\\Pipeline::carry():184}:185}(Object(Illuminate\\Http\\Request))
#38 /Users/elijahisrael/Desktop/Projects/chil/LARAVELBACKENDCHIL/vendor/laravel/framework/src/Illuminate/Pipeline/Pipeline.php(209): Illuminate\\Http\\Middleware\\ValidatePostSize->handle(Object(Illuminate\\Http\\Request), Object(Closure))
#39 /Users/elijahisrael/Desktop/Projects/chil/LARAVELBACKENDCHIL/vendor/laravel/framework/src/Illuminate/Foundation/Http/Middleware/PreventRequestsDuringMaintenance.php(110): Illuminate\\Pipeline\\Pipeline->{closure:{closure:Illuminate\\Pipeline\\Pipeline::carry():184}:185}(Object(Illuminate\\Http\\Request))
#40 /Users/elijahisrael/Desktop/Projects/chil/LARAVELBACKENDCHIL/vendor/laravel/framework/src/Illuminate/Pipeline/Pipeline.php(209): Illuminate\\Foundation\\Http\\Middleware\\PreventRequestsDuringMaintenance->handle(Object(Illuminate\\Http\\Request), Object(Closure))
#41 /Users/elijahisrael/Desktop/Projects/chil/LARAVELBACKENDCHIL/vendor/laravel/framework/src/Illuminate/Pipeline/Pipeline.php(127): Illuminate\\Pipeline\\Pipeline->{closure:{closure:Illuminate\\Pipeline\\Pipeline::carry():184}:185}(Object(Illuminate\\Http\\Request))
#42 /Users/elijahisrael/Desktop/Projects/chil/LARAVELBACKENDCHIL/vendor/laravel/framework/src/Illuminate/Foundation/Http/Kernel.php(176): Illuminate\\Pipeline\\Pipeline->then(Object(Closure))
#43 /Users/elijahisrael/Desktop/Projects/chil/LARAVELBACKENDCHIL/vendor/laravel/framework/src/Illuminate/Foundation/Http/Kernel.php(145): Illuminate\\Foundation\\Http\\Kernel->sendRequestThroughRouter(Object(Illuminate\\Http\\Request))
#44 /Users/elijahisrael/Desktop/Projects/chil/LARAVELBACKENDCHIL/public/index.php(54): Illuminate\\Foundation\\Http\\Kernel->handle(Object(Illuminate\\Http\\Request))
#45 /Users/elijahisrael/Desktop/Projects/chil/LARAVELBACKENDCHIL/server.php(21): require_once('/Users/elijahis...')
#46 {main}
"} 
[2025-09-30 09:31:23] local.ERROR: View [emails.test-email] not found. {"exception":"[object] (InvalidArgumentException(code: 0): View [emails.test-email] not found. at /Users/elijahisrael/Desktop/Projects/chil/LARAVELBACKENDCHIL/vendor/laravel/framework/src/Illuminate/View/FileViewFinder.php:139)
[stacktrace]
#0 /Users/elijahisrael/Desktop/Projects/chil/LARAVELBACKENDCHIL/vendor/laravel/framework/src/Illuminate/View/FileViewFinder.php(79): Illuminate\\View\\FileViewFinder->findInPaths('emails.test-ema...', Array)
#1 /Users/elijahisrael/Desktop/Projects/chil/LARAVELBACKENDCHIL/vendor/laravel/framework/src/Illuminate/View/Factory.php(151): Illuminate\\View\\FileViewFinder->find('emails.test-ema...')
#2 /Users/elijahisrael/Desktop/Projects/chil/LARAVELBACKENDCHIL/vendor/laravel/framework/src/Illuminate/Mail/Markdown.php(65): Illuminate\\View\\Factory->make('emails.test-ema...', Array)
#3 /Users/elijahisrael/Desktop/Projects/chil/LARAVELBACKENDCHIL/vendor/laravel/framework/src/Illuminate/Mail/Mailable.php(379): Illuminate\\Mail\\Markdown->render('emails.test-ema...', Array)
#4 /Users/elijahisrael/Desktop/Projects/chil/LARAVELBACKENDCHIL/vendor/laravel/framework/src/Illuminate/Collections/helpers.php(236): Illuminate\\Mail\\Mailable->{closure:Illuminate\\Mail\\Mailable::buildMarkdownHtml():379}(Array)
#5 /Users/elijahisrael/Desktop/Projects/chil/LARAVELBACKENDCHIL/vendor/laravel/framework/src/Illuminate/Mail/Mailer.php(441): value(Object(Closure), Array)
#6 /Users/elijahisrael/Desktop/Projects/chil/LARAVELBACKENDCHIL/vendor/laravel/framework/src/Illuminate/Mail/Mailer.php(420): Illuminate\\Mail\\Mailer->renderView(Object(Closure), Array)
#7 /Users/elijahisrael/Desktop/Projects/chil/LARAVELBACKENDCHIL/vendor/laravel/framework/src/Illuminate/Mail/Mailer.php(313): Illuminate\\Mail\\Mailer->addContent(Object(Illuminate\\Mail\\Message), Object(Closure), Object(Closure), NULL, Array)
#8 /Users/elijahisrael/Desktop/Projects/chil/LARAVELBACKENDCHIL/vendor/laravel/framework/src/Illuminate/Mail/Mailable.php(206): Illuminate\\Mail\\Mailer->send(Object(Closure), Array, Object(Closure))
#9 /Users/elijahisrael/Desktop/Projects/chil/LARAVELBACKENDCHIL/vendor/laravel/framework/src/Illuminate/Support/Traits/Localizable.php(19): Illuminate\\Mail\\Mailable->{closure:Illuminate\\Mail\\Mailable::send():199}()
#10 /Users/elijahisrael/Desktop/Projects/chil/LARAVELBACKENDCHIL/vendor/laravel/framework/src/Illuminate/Mail/Mailable.php(199): Illuminate\\Mail\\Mailable->withLocale(NULL, Object(Closure))
#11 /Users/elijahisrael/Desktop/Projects/chil/LARAVELBACKENDCHIL/vendor/laravel/framework/src/Illuminate/Mail/Mailer.php(354): Illuminate\\Mail\\Mailable->send(Object(Illuminate\\Mail\\Mailer))
#12 /Users/elijahisrael/Desktop/Projects/chil/LARAVELBACKENDCHIL/vendor/laravel/framework/src/Illuminate/Mail/Mailer.php(301): Illuminate\\Mail\\Mailer->sendMailable(Object(App\\Mail\\TestEmail))
#13 /Users/elijahisrael/Desktop/Projects/chil/LARAVELBACKENDCHIL/vendor/laravel/framework/src/Illuminate/Mail/PendingMail.php(124): Illuminate\\Mail\\Mailer->send(Object(App\\Mail\\TestEmail))
#14 /Users/elijahisrael/Desktop/Projects/chil/LARAVELBACKENDCHIL/routes/web.php(72): Illuminate\\Mail\\PendingMail->send(Object(App\\Mail\\TestEmail))
#15 /Users/elijahisrael/Desktop/Projects/chil/LARAVELBACKENDCHIL/vendor/laravel/framework/src/Illuminate/Routing/CallableDispatcher.php(40): Illuminate\\Routing\\RouteFileRegistrar->{closure:/Users/elijahisrael/Desktop/Projects/chil/LARAVELBACKENDCHIL/routes/web.php:71}()
#16 /Users/elijahisrael/Desktop/Projects/chil/LARAVELBACKENDCHIL/vendor/laravel/framework/src/Illuminate/Routing/Route.php(244): Illuminate\\Routing\\CallableDispatcher->dispatch(Object(Illuminate\\Routing\\Route), Object(Closure))
#17 /Users/elijahisrael/Desktop/Projects/chil/LARAVELBACKENDCHIL/vendor/laravel/framework/src/Illuminate/Routing/Route.php(215): Illuminate\\Routing\\Route->runCallable()
#18 /Users/elijahisrael/Desktop/Projects/chil/LARAVELBACKENDCHIL/vendor/laravel/framework/src/Illuminate/Routing/Router.php(808): Illuminate\\Routing\\Route->run()
#19 /Users/elijahisrael/Desktop/Projects/chil/LARAVELBACKENDCHIL/vendor/laravel/framework/src/Illuminate/Pipeline/Pipeline.php(170): Illuminate\\Routing\\Router->{closure:Illuminate\\Routing\\Router::runRouteWithinStack():807}(Object(Illuminate\\Http\\Request))
#20 /Users/elijahisrael/Desktop/Projects/chil/LARAVELBACKENDCHIL/vendor/laravel/framework/src/Illuminate/Routing/Middleware/SubstituteBindings.php(51): Illuminate\\Pipeline\\Pipeline->{closure:Illuminate\\Pipeline\\Pipeline::prepareDestination():168}(Object(Illuminate\\Http\\Request))
#21 /Users/elijahisrael/Desktop/Projects/chil/LARAVELBACKENDCHIL/vendor/laravel/framework/src/Illuminate/Pipeline/Pipeline.php(209): Illuminate\\Routing\\Middleware\\SubstituteBindings->handle(Object(Illuminate\\Http\\Request), Object(Closure))
#22 /Users/elijahisrael/Desktop/Projects/chil/LARAVELBACKENDCHIL/vendor/laravel/framework/src/Illuminate/Foundation/Http/Middleware/VerifyCsrfToken.php(88): Illuminate\\Pipeline\\Pipeline->{closure:{closure:Illuminate\\Pipeline\\Pipeline::carry():184}:185}(Object(Illuminate\\Http\\Request))
#23 /Users/elijahisrael/Desktop/Projects/chil/LARAVELBACKENDCHIL/vendor/laravel/framework/src/Illuminate/Pipeline/Pipeline.php(209): Illuminate\\Foundation\\Http\\Middleware\\VerifyCsrfToken->handle(Object(Illuminate\\Http\\Request), Object(Closure))
#24 /Users/elijahisrael/Desktop/Projects/chil/LARAVELBACKENDCHIL/vendor/laravel/framework/src/Illuminate/View/Middleware/ShareErrorsFromSession.php(49): Illuminate\\Pipeline\\Pipeline->{closure:{closure:Illuminate\\Pipeline\\Pipeline::carry():184}:185}(Object(Illuminate\\Http\\Request))
#25 /Users/elijahisrael/Desktop/Projects/chil/LARAVELBACKENDCHIL/vendor/laravel/framework/src/Illuminate/Pipeline/Pipeline.php(209): Illuminate\\View\\Middleware\\ShareErrorsFromSession->handle(Object(Illuminate\\Http\\Request), Object(Closure))
#26 /Users/elijahisrael/Desktop/Projects/chil/LARAVELBACKENDCHIL/vendor/laravel/framework/src/Illuminate/Session/Middleware/StartSession.php(121): Illuminate\\Pipeline\\Pipeline->{closure:{closure:Illuminate\\Pipeline\\Pipeline::carry():184}:185}(Object(Illuminate\\Http\\Request))
#27 /Users/elijahisrael/Desktop/Projects/chil/LARAVELBACKENDCHIL/vendor/laravel/framework/src/Illuminate/Session/Middleware/StartSession.php(64): Illuminate\\Session\\Middleware\\StartSession->handleStatefulRequest(Object(Illuminate\\Http\\Request), Object(Illuminate\\Session\\Store), Object(Closure))
#28 /Users/elijahisrael/Desktop/Projects/chil/LARAVELBACKENDCHIL/vendor/laravel/framework/src/Illuminate/Pipeline/Pipeline.php(209): Illuminate\\Session\\Middleware\\StartSession->handle(Object(Illuminate\\Http\\Request), Object(Closure))
#29 /Users/elijahisrael/Desktop/Projects/chil/LARAVELBACKENDCHIL/vendor/laravel/framework/src/Illuminate/Cookie/Middleware/AddQueuedCookiesToResponse.php(37): Illuminate\\Pipeline\\Pipeline->{closure:{closure:Illuminate\\Pipeline\\Pipeline::carry():184}:185}(Object(Illuminate\\Http\\Request))
#30 /Users/elijahisrael/Desktop/Projects/chil/LARAVELBACKENDCHIL/vendor/laravel/framework/src/Illuminate/Pipeline/Pipeline.php(209): Illuminate\\Cookie\\Middleware\\AddQueuedCookiesToResponse->handle(Object(Illuminate\\Http\\Request), Object(Closure))
#31 /Users/elijahisrael/Desktop/Projects/chil/LARAVELBACKENDCHIL/vendor/laravel/framework/src/Illuminate/Cookie/Middleware/EncryptCookies.php(75): Illuminate\\Pipeline\\Pipeline->{closure:{closure:Illuminate\\Pipeline\\Pipeline::carry():184}:185}(Object(Illuminate\\Http\\Request))
#32 /Users/elijahisrael/Desktop/Projects/chil/LARAVELBACKENDCHIL/vendor/laravel/framework/src/Illuminate/Pipeline/Pipeline.php(209): Illuminate\\Cookie\\Middleware\\EncryptCookies->handle(Object(Illuminate\\Http\\Request), Object(Closure))
#33 /Users/elijahisrael/Desktop/Projects/chil/LARAVELBACKENDCHIL/vendor/laravel/framework/src/Illuminate/Pipeline/Pipeline.php(127): Illuminate\\Pipeline\\Pipeline->{closure:{closure:Illuminate\\Pipeline\\Pipeline::carry():184}:185}(Object(Illuminate\\Http\\Request))
#34 /Users/elijahisrael/Desktop/Projects/chil/LARAVELBACKENDCHIL/vendor/laravel/framework/src/Illuminate/Routing/Router.php(807): Illuminate\\Pipeline\\Pipeline->then(Object(Closure))
#35 /Users/elijahisrael/Desktop/Projects/chil/LARAVELBACKENDCHIL/vendor/laravel/framework/src/Illuminate/Routing/Router.php(786): Illuminate\\Routing\\Router->runRouteWithinStack(Object(Illuminate\\Routing\\Route), Object(Illuminate\\Http\\Request))
#36 /Users/elijahisrael/Desktop/Projects/chil/LARAVELBACKENDCHIL/vendor/laravel/framework/src/Illuminate/Routing/Router.php(750): Illuminate\\Routing\\Router->runRoute(Object(Illuminate\\Http\\Request), Object(Illuminate\\Routing\\Route))
#37 /Users/elijahisrael/Desktop/Projects/chil/LARAVELBACKENDCHIL/vendor/laravel/framework/src/Illuminate/Routing/Router.php(739): Illuminate\\Routing\\Router->dispatchToRoute(Object(Illuminate\\Http\\Request))
#38 /Users/elijahisrael/Desktop/Projects/chil/LARAVELBACKENDCHIL/vendor/laravel/framework/src/Illuminate/Foundation/Http/Kernel.php(201): Illuminate\\Routing\\Router->dispatch(Object(Illuminate\\Http\\Request))
#39 /Users/elijahisrael/Desktop/Projects/chil/LARAVELBACKENDCHIL/vendor/laravel/framework/src/Illuminate/Pipeline/Pipeline.php(170): Illuminate\\Foundation\\Http\\Kernel->{closure:Illuminate\\Foundation\\Http\\Kernel::dispatchToRouter():198}(Object(Illuminate\\Http\\Request))
#40 /Users/elijahisrael/Desktop/Projects/chil/LARAVELBACKENDCHIL/vendor/livewire/livewire/src/Features/SupportDisablingBackButtonCache/DisableBackButtonCacheMiddleware.php(19): Illuminate\\Pipeline\\Pipeline->{closure:Illuminate\\Pipeline\\Pipeline::prepareDestination():168}(Object(Illuminate\\Http\\Request))
#41 /Users/elijahisrael/Desktop/Projects/chil/LARAVELBACKENDCHIL/vendor/laravel/framework/src/Illuminate/Pipeline/Pipeline.php(209): Livewire\\Features\\SupportDisablingBackButtonCache\\DisableBackButtonCacheMiddleware->handle(Object(Illuminate\\Http\\Request), Object(Closure))
#42 /Users/elijahisrael/Desktop/Projects/chil/LARAVELBACKENDCHIL/app/Http/Middleware/Cors.php(31): Illuminate\\Pipeline\\Pipeline->{closure:{closure:Illuminate\\Pipeline\\Pipeline::carry():184}:185}(Object(Illuminate\\Http\\Request))
#43 /Users/elijahisrael/Desktop/Projects/chil/LARAVELBACKENDCHIL/vendor/laravel/framework/src/Illuminate/Pipeline/Pipeline.php(209): App\\Http\\Middleware\\Cors->handle(Object(Illuminate\\Http\\Request), Object(Closure))
#44 /Users/elijahisrael/Desktop/Projects/chil/LARAVELBACKENDCHIL/vendor/laravel/framework/src/Illuminate/Http/Middleware/TrustProxies.php(58): Illuminate\\Pipeline\\Pipeline->{closure:{closure:Illuminate\\Pipeline\\Pipeline::carry():184}:185}(Object(Illuminate\\Http\\Request))
#45 /Users/elijahisrael/Desktop/Projects/chil/LARAVELBACKENDCHIL/vendor/laravel/framework/src/Illuminate/Pipeline/Pipeline.php(209): Illuminate\\Http\\Middleware\\TrustProxies->handle(Object(Illuminate\\Http\\Request), Object(Closure))
#46 /Users/elijahisrael/Desktop/Projects/chil/LARAVELBACKENDCHIL/vendor/laravel/framework/src/Illuminate/Foundation/Http/Middleware/TransformsRequest.php(21): Illuminate\\Pipeline\\Pipeline->{closure:{closure:Illuminate\\Pipeline\\Pipeline::carry():184}:185}(Object(Illuminate\\Http\\Request))
#47 /Users/elijahisrael/Desktop/Projects/chil/LARAVELBACKENDCHIL/vendor/laravel/framework/src/Illuminate/Foundation/Http/Middleware/ConvertEmptyStringsToNull.php(31): Illuminate\\Foundation\\Http\\Middleware\\TransformsRequest->handle(Object(Illuminate\\Http\\Request), Object(Closure))
#48 /Users/elijahisrael/Desktop/Projects/chil/LARAVELBACKENDCHIL/vendor/laravel/framework/src/Illuminate/Pipeline/Pipeline.php(209): Illuminate\\Foundation\\Http\\Middleware\\ConvertEmptyStringsToNull->handle(Object(Illuminate\\Http\\Request), Object(Closure))
#49 /Users/elijahisrael/Desktop/Projects/chil/LARAVELBACKENDCHIL/vendor/laravel/framework/src/Illuminate/Foundation/Http/Middleware/TransformsRequest.php(21): Illuminate\\Pipeline\\Pipeline->{closure:{closure:Illuminate\\Pipeline\\Pipeline::carry():184}:185}(Object(Illuminate\\Http\\Request))
#50 /Users/elijahisrael/Desktop/Projects/chil/LARAVELBACKENDCHIL/vendor/laravel/framework/src/Illuminate/Foundation/Http/Middleware/TrimStrings.php(51): Illuminate\\Foundation\\Http\\Middleware\\TransformsRequest->handle(Object(Illuminate\\Http\\Request), Object(Closure))
#51 /Users/elijahisrael/Desktop/Projects/chil/LARAVELBACKENDCHIL/vendor/laravel/framework/src/Illuminate/Pipeline/Pipeline.php(209): Illuminate\\Foundation\\Http\\Middleware\\TrimStrings->handle(Object(Illuminate\\Http\\Request), Object(Closure))
#52 /Users/elijahisrael/Desktop/Projects/chil/LARAVELBACKENDCHIL/vendor/laravel/framework/src/Illuminate/Http/Middleware/ValidatePostSize.php(27): Illuminate\\Pipeline\\Pipeline->{closure:{closure:Illuminate\\Pipeline\\Pipeline::carry():184}:185}(Object(Illuminate\\Http\\Request))
#53 /Users/elijahisrael/Desktop/Projects/chil/LARAVELBACKENDCHIL/vendor/laravel/framework/src/Illuminate/Pipeline/Pipeline.php(209): Illuminate\\Http\\Middleware\\ValidatePostSize->handle(Object(Illuminate\\Http\\Request), Object(Closure))
#54 /Users/elijahisrael/Desktop/Projects/chil/LARAVELBACKENDCHIL/vendor/laravel/framework/src/Illuminate/Foundation/Http/Middleware/PreventRequestsDuringMaintenance.php(110): Illuminate\\Pipeline\\Pipeline->{closure:{closure:Illuminate\\Pipeline\\Pipeline::carry():184}:185}(Object(Illuminate\\Http\\Request))
#55 /Users/elijahisrael/Desktop/Projects/chil/LARAVELBACKENDCHIL/vendor/laravel/framework/src/Illuminate/Pipeline/Pipeline.php(209): Illuminate\\Foundation\\Http\\Middleware\\PreventRequestsDuringMaintenance->handle(Object(Illuminate\\Http\\Request), Object(Closure))
#56 /Users/elijahisrael/Desktop/Projects/chil/LARAVELBACKENDCHIL/vendor/laravel/framework/src/Illuminate/Pipeline/Pipeline.php(127): Illuminate\\Pipeline\\Pipeline->{closure:{closure:Illuminate\\Pipeline\\Pipeline::carry():184}:185}(Object(Illuminate\\Http\\Request))
#57 /Users/elijahisrael/Desktop/Projects/chil/LARAVELBACKENDCHIL/vendor/laravel/framework/src/Illuminate/Foundation/Http/Kernel.php(176): Illuminate\\Pipeline\\Pipeline->then(Object(Closure))
#58 /Users/elijahisrael/Desktop/Projects/chil/LARAVELBACKENDCHIL/vendor/laravel/framework/src/Illuminate/Foundation/Http/Kernel.php(145): Illuminate\\Foundation\\Http\\Kernel->sendRequestThroughRouter(Object(Illuminate\\Http\\Request))
#59 /Users/elijahisrael/Desktop/Projects/chil/LARAVELBACKENDCHIL/public/index.php(54): Illuminate\\Foundation\\Http\\Kernel->handle(Object(Illuminate\\Http\\Request))
#60 /Users/elijahisrael/Desktop/Projects/chil/LARAVELBACKENDCHIL/server.php(21): require_once('/Users/elijahis...')
#61 {main}
"} 
[2025-09-30 09:31:25] local.ERROR: View [emails.test-email] not found. {"exception":"[object] (InvalidArgumentException(code: 0): View [emails.test-email] not found. at /Users/elijahisrael/Desktop/Projects/chil/LARAVELBACKENDCHIL/vendor/laravel/framework/src/Illuminate/View/FileViewFinder.php:139)
[stacktrace]
#0 /Users/elijahisrael/Desktop/Projects/chil/LARAVELBACKENDCHIL/vendor/laravel/framework/src/Illuminate/View/FileViewFinder.php(79): Illuminate\\View\\FileViewFinder->findInPaths('emails.test-ema...', Array)
#1 /Users/elijahisrael/Desktop/Projects/chil/LARAVELBACKENDCHIL/vendor/laravel/framework/src/Illuminate/View/Factory.php(151): Illuminate\\View\\FileViewFinder->find('emails.test-ema...')
#2 /Users/elijahisrael/Desktop/Projects/chil/LARAVELBACKENDCHIL/vendor/laravel/framework/src/Illuminate/Mail/Markdown.php(65): Illuminate\\View\\Factory->make('emails.test-ema...', Array)
#3 /Users/elijahisrael/Desktop/Projects/chil/LARAVELBACKENDCHIL/vendor/laravel/framework/src/Illuminate/Mail/Mailable.php(379): Illuminate\\Mail\\Markdown->render('emails.test-ema...', Array)
#4 /Users/elijahisrael/Desktop/Projects/chil/LARAVELBACKENDCHIL/vendor/laravel/framework/src/Illuminate/Collections/helpers.php(236): Illuminate\\Mail\\Mailable->{closure:Illuminate\\Mail\\Mailable::buildMarkdownHtml():379}(Array)
#5 /Users/elijahisrael/Desktop/Projects/chil/LARAVELBACKENDCHIL/vendor/laravel/framework/src/Illuminate/Mail/Mailer.php(441): value(Object(Closure), Array)
#6 /Users/elijahisrael/Desktop/Projects/chil/LARAVELBACKENDCHIL/vendor/laravel/framework/src/Illuminate/Mail/Mailer.php(420): Illuminate\\Mail\\Mailer->renderView(Object(Closure), Array)
#7 /Users/elijahisrael/Desktop/Projects/chil/LARAVELBACKENDCHIL/vendor/laravel/framework/src/Illuminate/Mail/Mailer.php(313): Illuminate\\Mail\\Mailer->addContent(Object(Illuminate\\Mail\\Message), Object(Closure), Object(Closure), NULL, Array)
#8 /Users/elijahisrael/Desktop/Projects/chil/LARAVELBACKENDCHIL/vendor/laravel/framework/src/Illuminate/Mail/Mailable.php(206): Illuminate\\Mail\\Mailer->send(Object(Closure), Array, Object(Closure))
#9 /Users/elijahisrael/Desktop/Projects/chil/LARAVELBACKENDCHIL/vendor/laravel/framework/src/Illuminate/Support/Traits/Localizable.php(19): Illuminate\\Mail\\Mailable->{closure:Illuminate\\Mail\\Mailable::send():199}()
#10 /Users/elijahisrael/Desktop/Projects/chil/LARAVELBACKENDCHIL/vendor/laravel/framework/src/Illuminate/Mail/Mailable.php(199): Illuminate\\Mail\\Mailable->withLocale(NULL, Object(Closure))
#11 /Users/elijahisrael/Desktop/Projects/chil/LARAVELBACKENDCHIL/vendor/laravel/framework/src/Illuminate/Mail/Mailer.php(354): Illuminate\\Mail\\Mailable->send(Object(Illuminate\\Mail\\Mailer))
#12 /Users/elijahisrael/Desktop/Projects/chil/LARAVELBACKENDCHIL/vendor/laravel/framework/src/Illuminate/Mail/Mailer.php(301): Illuminate\\Mail\\Mailer->sendMailable(Object(App\\Mail\\TestEmail))
#13 /Users/elijahisrael/Desktop/Projects/chil/LARAVELBACKENDCHIL/vendor/laravel/framework/src/Illuminate/Mail/PendingMail.php(124): Illuminate\\Mail\\Mailer->send(Object(App\\Mail\\TestEmail))
#14 /Users/elijahisrael/Desktop/Projects/chil/LARAVELBACKENDCHIL/routes/web.php(72): Illuminate\\Mail\\PendingMail->send(Object(App\\Mail\\TestEmail))
#15 /Users/elijahisrael/Desktop/Projects/chil/LARAVELBACKENDCHIL/vendor/laravel/framework/src/Illuminate/Routing/CallableDispatcher.php(40): Illuminate\\Routing\\RouteFileRegistrar->{closure:/Users/elijahisrael/Desktop/Projects/chil/LARAVELBACKENDCHIL/routes/web.php:71}()
#16 /Users/elijahisrael/Desktop/Projects/chil/LARAVELBACKENDCHIL/vendor/laravel/framework/src/Illuminate/Routing/Route.php(244): Illuminate\\Routing\\CallableDispatcher->dispatch(Object(Illuminate\\Routing\\Route), Object(Closure))
#17 /Users/elijahisrael/Desktop/Projects/chil/LARAVELBACKENDCHIL/vendor/laravel/framework/src/Illuminate/Routing/Route.php(215): Illuminate\\Routing\\Route->runCallable()
#18 /Users/elijahisrael/Desktop/Projects/chil/LARAVELBACKENDCHIL/vendor/laravel/framework/src/Illuminate/Routing/Router.php(808): Illuminate\\Routing\\Route->run()
#19 /Users/elijahisrael/Desktop/Projects/chil/LARAVELBACKENDCHIL/vendor/laravel/framework/src/Illuminate/Pipeline/Pipeline.php(170): Illuminate\\Routing\\Router->{closure:Illuminate\\Routing\\Router::runRouteWithinStack():807}(Object(Illuminate\\Http\\Request))
#20 /Users/elijahisrael/Desktop/Projects/chil/LARAVELBACKENDCHIL/vendor/laravel/framework/src/Illuminate/Routing/Middleware/SubstituteBindings.php(51): Illuminate\\Pipeline\\Pipeline->{closure:Illuminate\\Pipeline\\Pipeline::prepareDestination():168}(Object(Illuminate\\Http\\Request))
#21 /Users/elijahisrael/Desktop/Projects/chil/LARAVELBACKENDCHIL/vendor/laravel/framework/src/Illuminate/Pipeline/Pipeline.php(209): Illuminate\\Routing\\Middleware\\SubstituteBindings->handle(Object(Illuminate\\Http\\Request), Object(Closure))
#22 /Users/elijahisrael/Desktop/Projects/chil/LARAVELBACKENDCHIL/vendor/laravel/framework/src/Illuminate/Foundation/Http/Middleware/VerifyCsrfToken.php(88): Illuminate\\Pipeline\\Pipeline->{closure:{closure:Illuminate\\Pipeline\\Pipeline::carry():184}:185}(Object(Illuminate\\Http\\Request))
#23 /Users/elijahisrael/Desktop/Projects/chil/LARAVELBACKENDCHIL/vendor/laravel/framework/src/Illuminate/Pipeline/Pipeline.php(209): Illuminate\\Foundation\\Http\\Middleware\\VerifyCsrfToken->handle(Object(Illuminate\\Http\\Request), Object(Closure))
#24 /Users/elijahisrael/Desktop/Projects/chil/LARAVELBACKENDCHIL/vendor/laravel/framework/src/Illuminate/View/Middleware/ShareErrorsFromSession.php(49): Illuminate\\Pipeline\\Pipeline->{closure:{closure:Illuminate\\Pipeline\\Pipeline::carry():184}:185}(Object(Illuminate\\Http\\Request))
#25 /Users/elijahisrael/Desktop/Projects/chil/LARAVELBACKENDCHIL/vendor/laravel/framework/src/Illuminate/Pipeline/Pipeline.php(209): Illuminate\\View\\Middleware\\ShareErrorsFromSession->handle(Object(Illuminate\\Http\\Request), Object(Closure))
#26 /Users/elijahisrael/Desktop/Projects/chil/LARAVELBACKENDCHIL/vendor/laravel/framework/src/Illuminate/Session/Middleware/StartSession.php(121): Illuminate\\Pipeline\\Pipeline->{closure:{closure:Illuminate\\Pipeline\\Pipeline::carry():184}:185}(Object(Illuminate\\Http\\Request))
#27 /Users/elijahisrael/Desktop/Projects/chil/LARAVELBACKENDCHIL/vendor/laravel/framework/src/Illuminate/Session/Middleware/StartSession.php(64): Illuminate\\Session\\Middleware\\StartSession->handleStatefulRequest(Object(Illuminate\\Http\\Request), Object(Illuminate\\Session\\Store), Object(Closure))
#28 /Users/elijahisrael/Desktop/Projects/chil/LARAVELBACKENDCHIL/vendor/laravel/framework/src/Illuminate/Pipeline/Pipeline.php(209): Illuminate\\Session\\Middleware\\StartSession->handle(Object(Illuminate\\Http\\Request), Object(Closure))
#29 /Users/elijahisrael/Desktop/Projects/chil/LARAVELBACKENDCHIL/vendor/laravel/framework/src/Illuminate/Cookie/Middleware/AddQueuedCookiesToResponse.php(37): Illuminate\\Pipeline\\Pipeline->{closure:{closure:Illuminate\\Pipeline\\Pipeline::carry():184}:185}(Object(Illuminate\\Http\\Request))
#30 /Users/elijahisrael/Desktop/Projects/chil/LARAVELBACKENDCHIL/vendor/laravel/framework/src/Illuminate/Pipeline/Pipeline.php(209): Illuminate\\Cookie\\Middleware\\AddQueuedCookiesToResponse->handle(Object(Illuminate\\Http\\Request), Object(Closure))
#31 /Users/elijahisrael/Desktop/Projects/chil/LARAVELBACKENDCHIL/vendor/laravel/framework/src/Illuminate/Cookie/Middleware/EncryptCookies.php(75): Illuminate\\Pipeline\\Pipeline->{closure:{closure:Illuminate\\Pipeline\\Pipeline::carry():184}:185}(Object(Illuminate\\Http\\Request))
#32 /Users/elijahisrael/Desktop/Projects/chil/LARAVELBACKENDCHIL/vendor/laravel/framework/src/Illuminate/Pipeline/Pipeline.php(209): Illuminate\\Cookie\\Middleware\\EncryptCookies->handle(Object(Illuminate\\Http\\Request), Object(Closure))
#33 /Users/elijahisrael/Desktop/Projects/chil/LARAVELBACKENDCHIL/vendor/laravel/framework/src/Illuminate/Pipeline/Pipeline.php(127): Illuminate\\Pipeline\\Pipeline->{closure:{closure:Illuminate\\Pipeline\\Pipeline::carry():184}:185}(Object(Illuminate\\Http\\Request))
#34 /Users/elijahisrael/Desktop/Projects/chil/LARAVELBACKENDCHIL/vendor/laravel/framework/src/Illuminate/Routing/Router.php(807): Illuminate\\Pipeline\\Pipeline->then(Object(Closure))
#35 /Users/elijahisrael/Desktop/Projects/chil/LARAVELBACKENDCHIL/vendor/laravel/framework/src/Illuminate/Routing/Router.php(786): Illuminate\\Routing\\Router->runRouteWithinStack(Object(Illuminate\\Routing\\Route), Object(Illuminate\\Http\\Request))
#36 /Users/elijahisrael/Desktop/Projects/chil/LARAVELBACKENDCHIL/vendor/laravel/framework/src/Illuminate/Routing/Router.php(750): Illuminate\\Routing\\Router->runRoute(Object(Illuminate\\Http\\Request), Object(Illuminate\\Routing\\Route))
#37 /Users/elijahisrael/Desktop/Projects/chil/LARAVELBACKENDCHIL/vendor/laravel/framework/src/Illuminate/Routing/Router.php(739): Illuminate\\Routing\\Router->dispatchToRoute(Object(Illuminate\\Http\\Request))
#38 /Users/elijahisrael/Desktop/Projects/chil/LARAVELBACKENDCHIL/vendor/laravel/framework/src/Illuminate/Foundation/Http/Kernel.php(201): Illuminate\\Routing\\Router->dispatch(Object(Illuminate\\Http\\Request))
#39 /Users/elijahisrael/Desktop/Projects/chil/LARAVELBACKENDCHIL/vendor/laravel/framework/src/Illuminate/Pipeline/Pipeline.php(170): Illuminate\\Foundation\\Http\\Kernel->{closure:Illuminate\\Foundation\\Http\\Kernel::dispatchToRouter():198}(Object(Illuminate\\Http\\Request))
#40 /Users/elijahisrael/Desktop/Projects/chil/LARAVELBACKENDCHIL/vendor/livewire/livewire/src/Features/SupportDisablingBackButtonCache/DisableBackButtonCacheMiddleware.php(19): Illuminate\\Pipeline\\Pipeline->{closure:Illuminate\\Pipeline\\Pipeline::prepareDestination():168}(Object(Illuminate\\Http\\Request))
#41 /Users/elijahisrael/Desktop/Projects/chil/LARAVELBACKENDCHIL/vendor/laravel/framework/src/Illuminate/Pipeline/Pipeline.php(209): Livewire\\Features\\SupportDisablingBackButtonCache\\DisableBackButtonCacheMiddleware->handle(Object(Illuminate\\Http\\Request), Object(Closure))
#42 /Users/elijahisrael/Desktop/Projects/chil/LARAVELBACKENDCHIL/app/Http/Middleware/Cors.php(31): Illuminate\\Pipeline\\Pipeline->{closure:{closure:Illuminate\\Pipeline\\Pipeline::carry():184}:185}(Object(Illuminate\\Http\\Request))
#43 /Users/elijahisrael/Desktop/Projects/chil/LARAVELBACKENDCHIL/vendor/laravel/framework/src/Illuminate/Pipeline/Pipeline.php(209): App\\Http\\Middleware\\Cors->handle(Object(Illuminate\\Http\\Request), Object(Closure))
#44 /Users/elijahisrael/Desktop/Projects/chil/LARAVELBACKENDCHIL/vendor/laravel/framework/src/Illuminate/Http/Middleware/TrustProxies.php(58): Illuminate\\Pipeline\\Pipeline->{closure:{closure:Illuminate\\Pipeline\\Pipeline::carry():184}:185}(Object(Illuminate\\Http\\Request))
#45 /Users/elijahisrael/Desktop/Projects/chil/LARAVELBACKENDCHIL/vendor/laravel/framework/src/Illuminate/Pipeline/Pipeline.php(209): Illuminate\\Http\\Middleware\\TrustProxies->handle(Object(Illuminate\\Http\\Request), Object(Closure))
#46 /Users/elijahisrael/Desktop/Projects/chil/LARAVELBACKENDCHIL/vendor/laravel/framework/src/Illuminate/Foundation/Http/Middleware/TransformsRequest.php(21): Illuminate\\Pipeline\\Pipeline->{closure:{closure:Illuminate\\Pipeline\\Pipeline::carry():184}:185}(Object(Illuminate\\Http\\Request))
#47 /Users/elijahisrael/Desktop/Projects/chil/LARAVELBACKENDCHIL/vendor/laravel/framework/src/Illuminate/Foundation/Http/Middleware/ConvertEmptyStringsToNull.php(31): Illuminate\\Foundation\\Http\\Middleware\\TransformsRequest->handle(Object(Illuminate\\Http\\Request), Object(Closure))
#48 /Users/elijahisrael/Desktop/Projects/chil/LARAVELBACKENDCHIL/vendor/laravel/framework/src/Illuminate/Pipeline/Pipeline.php(209): Illuminate\\Foundation\\Http\\Middleware\\ConvertEmptyStringsToNull->handle(Object(Illuminate\\Http\\Request), Object(Closure))
#49 /Users/elijahisrael/Desktop/Projects/chil/LARAVELBACKENDCHIL/vendor/laravel/framework/src/Illuminate/Foundation/Http/Middleware/TransformsRequest.php(21): Illuminate\\Pipeline\\Pipeline->{closure:{closure:Illuminate\\Pipeline\\Pipeline::carry():184}:185}(Object(Illuminate\\Http\\Request))
#50 /Users/elijahisrael/Desktop/Projects/chil/LARAVELBACKENDCHIL/vendor/laravel/framework/src/Illuminate/Foundation/Http/Middleware/TrimStrings.php(51): Illuminate\\Foundation\\Http\\Middleware\\TransformsRequest->handle(Object(Illuminate\\Http\\Request), Object(Closure))
#51 /Users/elijahisrael/Desktop/Projects/chil/LARAVELBACKENDCHIL/vendor/laravel/framework/src/Illuminate/Pipeline/Pipeline.php(209): Illuminate\\Foundation\\Http\\Middleware\\TrimStrings->handle(Object(Illuminate\\Http\\Request), Object(Closure))
#52 /Users/elijahisrael/Desktop/Projects/chil/LARAVELBACKENDCHIL/vendor/laravel/framework/src/Illuminate/Http/Middleware/ValidatePostSize.php(27): Illuminate\\Pipeline\\Pipeline->{closure:{closure:Illuminate\\Pipeline\\Pipeline::carry():184}:185}(Object(Illuminate\\Http\\Request))
#53 /Users/elijahisrael/Desktop/Projects/chil/LARAVELBACKENDCHIL/vendor/laravel/framework/src/Illuminate/Pipeline/Pipeline.php(209): Illuminate\\Http\\Middleware\\ValidatePostSize->handle(Object(Illuminate\\Http\\Request), Object(Closure))
#54 /Users/elijahisrael/Desktop/Projects/chil/LARAVELBACKENDCHIL/vendor/laravel/framework/src/Illuminate/Foundation/Http/Middleware/PreventRequestsDuringMaintenance.php(110): Illuminate\\Pipeline\\Pipeline->{closure:{closure:Illuminate\\Pipeline\\Pipeline::carry():184}:185}(Object(Illuminate\\Http\\Request))
#55 /Users/elijahisrael/Desktop/Projects/chil/LARAVELBACKENDCHIL/vendor/laravel/framework/src/Illuminate/Pipeline/Pipeline.php(209): Illuminate\\Foundation\\Http\\Middleware\\PreventRequestsDuringMaintenance->handle(Object(Illuminate\\Http\\Request), Object(Closure))
#56 /Users/elijahisrael/Desktop/Projects/chil/LARAVELBACKENDCHIL/vendor/laravel/framework/src/Illuminate/Pipeline/Pipeline.php(127): Illuminate\\Pipeline\\Pipeline->{closure:{closure:Illuminate\\Pipeline\\Pipeline::carry():184}:185}(Object(Illuminate\\Http\\Request))
#57 /Users/elijahisrael/Desktop/Projects/chil/LARAVELBACKENDCHIL/vendor/laravel/framework/src/Illuminate/Foundation/Http/Kernel.php(176): Illuminate\\Pipeline\\Pipeline->then(Object(Closure))
#58 /Users/elijahisrael/Desktop/Projects/chil/LARAVELBACKENDCHIL/vendor/laravel/framework/src/Illuminate/Foundation/Http/Kernel.php(145): Illuminate\\Foundation\\Http\\Kernel->sendRequestThroughRouter(Object(Illuminate\\Http\\Request))
#59 /Users/elijahisrael/Desktop/Projects/chil/LARAVELBACKENDCHIL/public/index.php(54): Illuminate\\Foundation\\Http\\Kernel->handle(Object(Illuminate\\Http\\Request))
#60 /Users/elijahisrael/Desktop/Projects/chil/LARAVELBACKENDCHIL/server.php(21): require_once('/Users/elijahis...')
#61 {main}
"} 
[2025-09-30 09:31:26] local.ERROR: View [emails.test-email] not found. {"exception":"[object] (InvalidArgumentException(code: 0): View [emails.test-email] not found. at /Users/elijahisrael/Desktop/Projects/chil/LARAVELBACKENDCHIL/vendor/laravel/framework/src/Illuminate/View/FileViewFinder.php:139)
[stacktrace]
#0 /Users/elijahisrael/Desktop/Projects/chil/LARAVELBACKENDCHIL/vendor/laravel/framework/src/Illuminate/View/FileViewFinder.php(79): Illuminate\\View\\FileViewFinder->findInPaths('emails.test-ema...', Array)
#1 /Users/elijahisrael/Desktop/Projects/chil/LARAVELBACKENDCHIL/vendor/laravel/framework/src/Illuminate/View/Factory.php(151): Illuminate\\View\\FileViewFinder->find('emails.test-ema...')
#2 /Users/elijahisrael/Desktop/Projects/chil/LARAVELBACKENDCHIL/vendor/laravel/framework/src/Illuminate/Mail/Markdown.php(65): Illuminate\\View\\Factory->make('emails.test-ema...', Array)
#3 /Users/elijahisrael/Desktop/Projects/chil/LARAVELBACKENDCHIL/vendor/laravel/framework/src/Illuminate/Mail/Mailable.php(379): Illuminate\\Mail\\Markdown->render('emails.test-ema...', Array)
#4 /Users/elijahisrael/Desktop/Projects/chil/LARAVELBACKENDCHIL/vendor/laravel/framework/src/Illuminate/Collections/helpers.php(236): Illuminate\\Mail\\Mailable->{closure:Illuminate\\Mail\\Mailable::buildMarkdownHtml():379}(Array)
#5 /Users/elijahisrael/Desktop/Projects/chil/LARAVELBACKENDCHIL/vendor/laravel/framework/src/Illuminate/Mail/Mailer.php(441): value(Object(Closure), Array)
#6 /Users/elijahisrael/Desktop/Projects/chil/LARAVELBACKENDCHIL/vendor/laravel/framework/src/Illuminate/Mail/Mailer.php(420): Illuminate\\Mail\\Mailer->renderView(Object(Closure), Array)
#7 /Users/elijahisrael/Desktop/Projects/chil/LARAVELBACKENDCHIL/vendor/laravel/framework/src/Illuminate/Mail/Mailer.php(313): Illuminate\\Mail\\Mailer->addContent(Object(Illuminate\\Mail\\Message), Object(Closure), Object(Closure), NULL, Array)
#8 /Users/elijahisrael/Desktop/Projects/chil/LARAVELBACKENDCHIL/vendor/laravel/framework/src/Illuminate/Mail/Mailable.php(206): Illuminate\\Mail\\Mailer->send(Object(Closure), Array, Object(Closure))
#9 /Users/elijahisrael/Desktop/Projects/chil/LARAVELBACKENDCHIL/vendor/laravel/framework/src/Illuminate/Support/Traits/Localizable.php(19): Illuminate\\Mail\\Mailable->{closure:Illuminate\\Mail\\Mailable::send():199}()
#10 /Users/elijahisrael/Desktop/Projects/chil/LARAVELBACKENDCHIL/vendor/laravel/framework/src/Illuminate/Mail/Mailable.php(199): Illuminate\\Mail\\Mailable->withLocale(NULL, Object(Closure))
#11 /Users/elijahisrael/Desktop/Projects/chil/LARAVELBACKENDCHIL/vendor/laravel/framework/src/Illuminate/Mail/Mailer.php(354): Illuminate\\Mail\\Mailable->send(Object(Illuminate\\Mail\\Mailer))
#12 /Users/elijahisrael/Desktop/Projects/chil/LARAVELBACKENDCHIL/vendor/laravel/framework/src/Illuminate/Mail/Mailer.php(301): Illuminate\\Mail\\Mailer->sendMailable(Object(App\\Mail\\TestEmail))
#13 /Users/elijahisrael/Desktop/Projects/chil/LARAVELBACKENDCHIL/vendor/laravel/framework/src/Illuminate/Mail/PendingMail.php(124): Illuminate\\Mail\\Mailer->send(Object(App\\Mail\\TestEmail))
#14 /Users/elijahisrael/Desktop/Projects/chil/LARAVELBACKENDCHIL/routes/web.php(72): Illuminate\\Mail\\PendingMail->send(Object(App\\Mail\\TestEmail))
#15 /Users/elijahisrael/Desktop/Projects/chil/LARAVELBACKENDCHIL/vendor/laravel/framework/src/Illuminate/Routing/CallableDispatcher.php(40): Illuminate\\Routing\\RouteFileRegistrar->{closure:/Users/elijahisrael/Desktop/Projects/chil/LARAVELBACKENDCHIL/routes/web.php:71}()
#16 /Users/elijahisrael/Desktop/Projects/chil/LARAVELBACKENDCHIL/vendor/laravel/framework/src/Illuminate/Routing/Route.php(244): Illuminate\\Routing\\CallableDispatcher->dispatch(Object(Illuminate\\Routing\\Route), Object(Closure))
#17 /Users/elijahisrael/Desktop/Projects/chil/LARAVELBACKENDCHIL/vendor/laravel/framework/src/Illuminate/Routing/Route.php(215): Illuminate\\Routing\\Route->runCallable()
#18 /Users/elijahisrael/Desktop/Projects/chil/LARAVELBACKENDCHIL/vendor/laravel/framework/src/Illuminate/Routing/Router.php(808): Illuminate\\Routing\\Route->run()
#19 /Users/elijahisrael/Desktop/Projects/chil/LARAVELBACKENDCHIL/vendor/laravel/framework/src/Illuminate/Pipeline/Pipeline.php(170): Illuminate\\Routing\\Router->{closure:Illuminate\\Routing\\Router::runRouteWithinStack():807}(Object(Illuminate\\Http\\Request))
#20 /Users/elijahisrael/Desktop/Projects/chil/LARAVELBACKENDCHIL/vendor/laravel/framework/src/Illuminate/Routing/Middleware/SubstituteBindings.php(51): Illuminate\\Pipeline\\Pipeline->{closure:Illuminate\\Pipeline\\Pipeline::prepareDestination():168}(Object(Illuminate\\Http\\Request))
#21 /Users/elijahisrael/Desktop/Projects/chil/LARAVELBACKENDCHIL/vendor/laravel/framework/src/Illuminate/Pipeline/Pipeline.php(209): Illuminate\\Routing\\Middleware\\SubstituteBindings->handle(Object(Illuminate\\Http\\Request), Object(Closure))
#22 /Users/elijahisrael/Desktop/Projects/chil/LARAVELBACKENDCHIL/vendor/laravel/framework/src/Illuminate/Foundation/Http/Middleware/VerifyCsrfToken.php(88): Illuminate\\Pipeline\\Pipeline->{closure:{closure:Illuminate\\Pipeline\\Pipeline::carry():184}:185}(Object(Illuminate\\Http\\Request))
#23 /Users/elijahisrael/Desktop/Projects/chil/LARAVELBACKENDCHIL/vendor/laravel/framework/src/Illuminate/Pipeline/Pipeline.php(209): Illuminate\\Foundation\\Http\\Middleware\\VerifyCsrfToken->handle(Object(Illuminate\\Http\\Request), Object(Closure))
#24 /Users/elijahisrael/Desktop/Projects/chil/LARAVELBACKENDCHIL/vendor/laravel/framework/src/Illuminate/View/Middleware/ShareErrorsFromSession.php(49): Illuminate\\Pipeline\\Pipeline->{closure:{closure:Illuminate\\Pipeline\\Pipeline::carry():184}:185}(Object(Illuminate\\Http\\Request))
#25 /Users/elijahisrael/Desktop/Projects/chil/LARAVELBACKENDCHIL/vendor/laravel/framework/src/Illuminate/Pipeline/Pipeline.php(209): Illuminate\\View\\Middleware\\ShareErrorsFromSession->handle(Object(Illuminate\\Http\\Request), Object(Closure))
#26 /Users/elijahisrael/Desktop/Projects/chil/LARAVELBACKENDCHIL/vendor/laravel/framework/src/Illuminate/Session/Middleware/StartSession.php(121): Illuminate\\Pipeline\\Pipeline->{closure:{closure:Illuminate\\Pipeline\\Pipeline::carry():184}:185}(Object(Illuminate\\Http\\Request))
#27 /Users/elijahisrael/Desktop/Projects/chil/LARAVELBACKENDCHIL/vendor/laravel/framework/src/Illuminate/Session/Middleware/StartSession.php(64): Illuminate\\Session\\Middleware\\StartSession->handleStatefulRequest(Object(Illuminate\\Http\\Request), Object(Illuminate\\Session\\Store), Object(Closure))
#28 /Users/elijahisrael/Desktop/Projects/chil/LARAVELBACKENDCHIL/vendor/laravel/framework/src/Illuminate/Pipeline/Pipeline.php(209): Illuminate\\Session\\Middleware\\StartSession->handle(Object(Illuminate\\Http\\Request), Object(Closure))
#29 /Users/elijahisrael/Desktop/Projects/chil/LARAVELBACKENDCHIL/vendor/laravel/framework/src/Illuminate/Cookie/Middleware/AddQueuedCookiesToResponse.php(37): Illuminate\\Pipeline\\Pipeline->{closure:{closure:Illuminate\\Pipeline\\Pipeline::carry():184}:185}(Object(Illuminate\\Http\\Request))
#30 /Users/elijahisrael/Desktop/Projects/chil/LARAVELBACKENDCHIL/vendor/laravel/framework/src/Illuminate/Pipeline/Pipeline.php(209): Illuminate\\Cookie\\Middleware\\AddQueuedCookiesToResponse->handle(Object(Illuminate\\Http\\Request), Object(Closure))
#31 /Users/elijahisrael/Desktop/Projects/chil/LARAVELBACKENDCHIL/vendor/laravel/framework/src/Illuminate/Cookie/Middleware/EncryptCookies.php(75): Illuminate\\Pipeline\\Pipeline->{closure:{closure:Illuminate\\Pipeline\\Pipeline::carry():184}:185}(Object(Illuminate\\Http\\Request))
#32 /Users/elijahisrael/Desktop/Projects/chil/LARAVELBACKENDCHIL/vendor/laravel/framework/src/Illuminate/Pipeline/Pipeline.php(209): Illuminate\\Cookie\\Middleware\\EncryptCookies->handle(Object(Illuminate\\Http\\Request), Object(Closure))
#33 /Users/elijahisrael/Desktop/Projects/chil/LARAVELBACKENDCHIL/vendor/laravel/framework/src/Illuminate/Pipeline/Pipeline.php(127): Illuminate\\Pipeline\\Pipeline->{closure:{closure:Illuminate\\Pipeline\\Pipeline::carry():184}:185}(Object(Illuminate\\Http\\Request))
#34 /Users/elijahisrael/Desktop/Projects/chil/LARAVELBACKENDCHIL/vendor/laravel/framework/src/Illuminate/Routing/Router.php(807): Illuminate\\Pipeline\\Pipeline->then(Object(Closure))
#35 /Users/elijahisrael/Desktop/Projects/chil/LARAVELBACKENDCHIL/vendor/laravel/framework/src/Illuminate/Routing/Router.php(786): Illuminate\\Routing\\Router->runRouteWithinStack(Object(Illuminate\\Routing\\Route), Object(Illuminate\\Http\\Request))
#36 /Users/elijahisrael/Desktop/Projects/chil/LARAVELBACKENDCHIL/vendor/laravel/framework/src/Illuminate/Routing/Router.php(750): Illuminate\\Routing\\Router->runRoute(Object(Illuminate\\Http\\Request), Object(Illuminate\\Routing\\Route))
#37 /Users/elijahisrael/Desktop/Projects/chil/LARAVELBACKENDCHIL/vendor/laravel/framework/src/Illuminate/Routing/Router.php(739): Illuminate\\Routing\\Router->dispatchToRoute(Object(Illuminate\\Http\\Request))
#38 /Users/elijahisrael/Desktop/Projects/chil/LARAVELBACKENDCHIL/vendor/laravel/framework/src/Illuminate/Foundation/Http/Kernel.php(201): Illuminate\\Routing\\Router->dispatch(Object(Illuminate\\Http\\Request))
#39 /Users/elijahisrael/Desktop/Projects/chil/LARAVELBACKENDCHIL/vendor/laravel/framework/src/Illuminate/Pipeline/Pipeline.php(170): Illuminate\\Foundation\\Http\\Kernel->{closure:Illuminate\\Foundation\\Http\\Kernel::dispatchToRouter():198}(Object(Illuminate\\Http\\Request))
#40 /Users/elijahisrael/Desktop/Projects/chil/LARAVELBACKENDCHIL/vendor/livewire/livewire/src/Features/SupportDisablingBackButtonCache/DisableBackButtonCacheMiddleware.php(19): Illuminate\\Pipeline\\Pipeline->{closure:Illuminate\\Pipeline\\Pipeline::prepareDestination():168}(Object(Illuminate\\Http\\Request))
#41 /Users/elijahisrael/Desktop/Projects/chil/LARAVELBACKENDCHIL/vendor/laravel/framework/src/Illuminate/Pipeline/Pipeline.php(209): Livewire\\Features\\SupportDisablingBackButtonCache\\DisableBackButtonCacheMiddleware->handle(Object(Illuminate\\Http\\Request), Object(Closure))
#42 /Users/elijahisrael/Desktop/Projects/chil/LARAVELBACKENDCHIL/app/Http/Middleware/Cors.php(31): Illuminate\\Pipeline\\Pipeline->{closure:{closure:Illuminate\\Pipeline\\Pipeline::carry():184}:185}(Object(Illuminate\\Http\\Request))
#43 /Users/elijahisrael/Desktop/Projects/chil/LARAVELBACKENDCHIL/vendor/laravel/framework/src/Illuminate/Pipeline/Pipeline.php(209): App\\Http\\Middleware\\Cors->handle(Object(Illuminate\\Http\\Request), Object(Closure))
#44 /Users/elijahisrael/Desktop/Projects/chil/LARAVELBACKENDCHIL/vendor/laravel/framework/src/Illuminate/Http/Middleware/TrustProxies.php(58): Illuminate\\Pipeline\\Pipeline->{closure:{closure:Illuminate\\Pipeline\\Pipeline::carry():184}:185}(Object(Illuminate\\Http\\Request))
#45 /Users/elijahisrael/Desktop/Projects/chil/LARAVELBACKENDCHIL/vendor/laravel/framework/src/Illuminate/Pipeline/Pipeline.php(209): Illuminate\\Http\\Middleware\\TrustProxies->handle(Object(Illuminate\\Http\\Request), Object(Closure))
#46 /Users/elijahisrael/Desktop/Projects/chil/LARAVELBACKENDCHIL/vendor/laravel/framework/src/Illuminate/Foundation/Http/Middleware/TransformsRequest.php(21): Illuminate\\Pipeline\\Pipeline->{closure:{closure:Illuminate\\Pipeline\\Pipeline::carry():184}:185}(Object(Illuminate\\Http\\Request))
#47 /Users/elijahisrael/Desktop/Projects/chil/LARAVELBACKENDCHIL/vendor/laravel/framework/src/Illuminate/Foundation/Http/Middleware/ConvertEmptyStringsToNull.php(31): Illuminate\\Foundation\\Http\\Middleware\\TransformsRequest->handle(Object(Illuminate\\Http\\Request), Object(Closure))
#48 /Users/elijahisrael/Desktop/Projects/chil/LARAVELBACKENDCHIL/vendor/laravel/framework/src/Illuminate/Pipeline/Pipeline.php(209): Illuminate\\Foundation\\Http\\Middleware\\ConvertEmptyStringsToNull->handle(Object(Illuminate\\Http\\Request), Object(Closure))
#49 /Users/elijahisrael/Desktop/Projects/chil/LARAVELBACKENDCHIL/vendor/laravel/framework/src/Illuminate/Foundation/Http/Middleware/TransformsRequest.php(21): Illuminate\\Pipeline\\Pipeline->{closure:{closure:Illuminate\\Pipeline\\Pipeline::carry():184}:185}(Object(Illuminate\\Http\\Request))
#50 /Users/elijahisrael/Desktop/Projects/chil/LARAVELBACKENDCHIL/vendor/laravel/framework/src/Illuminate/Foundation/Http/Middleware/TrimStrings.php(51): Illuminate\\Foundation\\Http\\Middleware\\TransformsRequest->handle(Object(Illuminate\\Http\\Request), Object(Closure))
#51 /Users/elijahisrael/Desktop/Projects/chil/LARAVELBACKENDCHIL/vendor/laravel/framework/src/Illuminate/Pipeline/Pipeline.php(209): Illuminate\\Foundation\\Http\\Middleware\\TrimStrings->handle(Object(Illuminate\\Http\\Request), Object(Closure))
#52 /Users/elijahisrael/Desktop/Projects/chil/LARAVELBACKENDCHIL/vendor/laravel/framework/src/Illuminate/Http/Middleware/ValidatePostSize.php(27): Illuminate\\Pipeline\\Pipeline->{closure:{closure:Illuminate\\Pipeline\\Pipeline::carry():184}:185}(Object(Illuminate\\Http\\Request))
#53 /Users/elijahisrael/Desktop/Projects/chil/LARAVELBACKENDCHIL/vendor/laravel/framework/src/Illuminate/Pipeline/Pipeline.php(209): Illuminate\\Http\\Middleware\\ValidatePostSize->handle(Object(Illuminate\\Http\\Request), Object(Closure))
#54 /Users/elijahisrael/Desktop/Projects/chil/LARAVELBACKENDCHIL/vendor/laravel/framework/src/Illuminate/Foundation/Http/Middleware/PreventRequestsDuringMaintenance.php(110): Illuminate\\Pipeline\\Pipeline->{closure:{closure:Illuminate\\Pipeline\\Pipeline::carry():184}:185}(Object(Illuminate\\Http\\Request))
#55 /Users/elijahisrael/Desktop/Projects/chil/LARAVELBACKENDCHIL/vendor/laravel/framework/src/Illuminate/Pipeline/Pipeline.php(209): Illuminate\\Foundation\\Http\\Middleware\\PreventRequestsDuringMaintenance->handle(Object(Illuminate\\Http\\Request), Object(Closure))
#56 /Users/elijahisrael/Desktop/Projects/chil/LARAVELBACKENDCHIL/vendor/laravel/framework/src/Illuminate/Pipeline/Pipeline.php(127): Illuminate\\Pipeline\\Pipeline->{closure:{closure:Illuminate\\Pipeline\\Pipeline::carry():184}:185}(Object(Illuminate\\Http\\Request))
#57 /Users/elijahisrael/Desktop/Projects/chil/LARAVELBACKENDCHIL/vendor/laravel/framework/src/Illuminate/Foundation/Http/Kernel.php(176): Illuminate\\Pipeline\\Pipeline->then(Object(Closure))
#58 /Users/elijahisrael/Desktop/Projects/chil/LARAVELBACKENDCHIL/vendor/laravel/framework/src/Illuminate/Foundation/Http/Kernel.php(145): Illuminate\\Foundation\\Http\\Kernel->sendRequestThroughRouter(Object(Illuminate\\Http\\Request))
#59 /Users/elijahisrael/Desktop/Projects/chil/LARAVELBACKENDCHIL/public/index.php(54): Illuminate\\Foundation\\Http\\Kernel->handle(Object(Illuminate\\Http\\Request))
#60 /Users/elijahisrael/Desktop/Projects/chil/LARAVELBACKENDCHIL/server.php(21): require_once('/Users/elijahis...')
#61 {main}
"} 
[2025-09-30 09:34:57] local.ERROR: Too few arguments to function App\Mail\SchoolOtpMail::__construct(), 0 passed in /Users/elijahisrael/Desktop/Projects/chil/LARAVELBACKENDCHIL/routes/web.php on line 72 and at least 1 expected {"exception":"[object] (ArgumentCountError(code: 0): Too few arguments to function App\\Mail\\SchoolOtpMail::__construct(), 0 passed in /Users/elijahisrael/Desktop/Projects/chil/LARAVELBACKENDCHIL/routes/web.php on line 72 and at least 1 expected at /Users/elijahisrael/Desktop/Projects/chil/LARAVELBACKENDCHIL/app/Mail/SchoolOTPMail.php:19)
[stacktrace]
#0 /Users/elijahisrael/Desktop/Projects/chil/LARAVELBACKENDCHIL/routes/web.php(72): App\\Mail\\SchoolOtpMail->__construct()
#1 /Users/elijahisrael/Desktop/Projects/chil/LARAVELBACKENDCHIL/vendor/laravel/framework/src/Illuminate/Routing/CallableDispatcher.php(40): Illuminate\\Routing\\RouteFileRegistrar->{closure:/Users/elijahisrael/Desktop/Projects/chil/LARAVELBACKENDCHIL/routes/web.php:71}()
#2 /Users/elijahisrael/Desktop/Projects/chil/LARAVELBACKENDCHIL/vendor/laravel/framework/src/Illuminate/Routing/Route.php(244): Illuminate\\Routing\\CallableDispatcher->dispatch(Object(Illuminate\\Routing\\Route), Object(Closure))
#3 /Users/elijahisrael/Desktop/Projects/chil/LARAVELBACKENDCHIL/vendor/laravel/framework/src/Illuminate/Routing/Route.php(215): Illuminate\\Routing\\Route->runCallable()
#4 /Users/elijahisrael/Desktop/Projects/chil/LARAVELBACKENDCHIL/vendor/laravel/framework/src/Illuminate/Routing/Router.php(808): Illuminate\\Routing\\Route->run()
#5 /Users/elijahisrael/Desktop/Projects/chil/LARAVELBACKENDCHIL/vendor/laravel/framework/src/Illuminate/Pipeline/Pipeline.php(170): Illuminate\\Routing\\Router->{closure:Illuminate\\Routing\\Router::runRouteWithinStack():807}(Object(Illuminate\\Http\\Request))
#6 /Users/elijahisrael/Desktop/Projects/chil/LARAVELBACKENDCHIL/vendor/laravel/framework/src/Illuminate/Routing/Middleware/SubstituteBindings.php(51): Illuminate\\Pipeline\\Pipeline->{closure:Illuminate\\Pipeline\\Pipeline::prepareDestination():168}(Object(Illuminate\\Http\\Request))
#7 /Users/elijahisrael/Desktop/Projects/chil/LARAVELBACKENDCHIL/vendor/laravel/framework/src/Illuminate/Pipeline/Pipeline.php(209): Illuminate\\Routing\\Middleware\\SubstituteBindings->handle(Object(Illuminate\\Http\\Request), Object(Closure))
#8 /Users/elijahisrael/Desktop/Projects/chil/LARAVELBACKENDCHIL/vendor/laravel/framework/src/Illuminate/Foundation/Http/Middleware/VerifyCsrfToken.php(88): Illuminate\\Pipeline\\Pipeline->{closure:{closure:Illuminate\\Pipeline\\Pipeline::carry():184}:185}(Object(Illuminate\\Http\\Request))
#9 /Users/elijahisrael/Desktop/Projects/chil/LARAVELBACKENDCHIL/vendor/laravel/framework/src/Illuminate/Pipeline/Pipeline.php(209): Illuminate\\Foundation\\Http\\Middleware\\VerifyCsrfToken->handle(Object(Illuminate\\Http\\Request), Object(Closure))
#10 /Users/elijahisrael/Desktop/Projects/chil/LARAVELBACKENDCHIL/vendor/laravel/framework/src/Illuminate/View/Middleware/ShareErrorsFromSession.php(49): Illuminate\\Pipeline\\Pipeline->{closure:{closure:Illuminate\\Pipeline\\Pipeline::carry():184}:185}(Object(Illuminate\\Http\\Request))
#11 /Users/elijahisrael/Desktop/Projects/chil/LARAVELBACKENDCHIL/vendor/laravel/framework/src/Illuminate/Pipeline/Pipeline.php(209): Illuminate\\View\\Middleware\\ShareErrorsFromSession->handle(Object(Illuminate\\Http\\Request), Object(Closure))
#12 /Users/elijahisrael/Desktop/Projects/chil/LARAVELBACKENDCHIL/vendor/laravel/framework/src/Illuminate/Session/Middleware/StartSession.php(121): Illuminate\\Pipeline\\Pipeline->{closure:{closure:Illuminate\\Pipeline\\Pipeline::carry():184}:185}(Object(Illuminate\\Http\\Request))
#13 /Users/elijahisrael/Desktop/Projects/chil/LARAVELBACKENDCHIL/vendor/laravel/framework/src/Illuminate/Session/Middleware/StartSession.php(64): Illuminate\\Session\\Middleware\\StartSession->handleStatefulRequest(Object(Illuminate\\Http\\Request), Object(Illuminate\\Session\\Store), Object(Closure))
#14 /Users/elijahisrael/Desktop/Projects/chil/LARAVELBACKENDCHIL/vendor/laravel/framework/src/Illuminate/Pipeline/Pipeline.php(209): Illuminate\\Session\\Middleware\\StartSession->handle(Object(Illuminate\\Http\\Request), Object(Closure))
#15 /Users/elijahisrael/Desktop/Projects/chil/LARAVELBACKENDCHIL/vendor/laravel/framework/src/Illuminate/Cookie/Middleware/AddQueuedCookiesToResponse.php(37): Illuminate\\Pipeline\\Pipeline->{closure:{closure:Illuminate\\Pipeline\\Pipeline::carry():184}:185}(Object(Illuminate\\Http\\Request))
#16 /Users/elijahisrael/Desktop/Projects/chil/LARAVELBACKENDCHIL/vendor/laravel/framework/src/Illuminate/Pipeline/Pipeline.php(209): Illuminate\\Cookie\\Middleware\\AddQueuedCookiesToResponse->handle(Object(Illuminate\\Http\\Request), Object(Closure))
#17 /Users/elijahisrael/Desktop/Projects/chil/LARAVELBACKENDCHIL/vendor/laravel/framework/src/Illuminate/Cookie/Middleware/EncryptCookies.php(75): Illuminate\\Pipeline\\Pipeline->{closure:{closure:Illuminate\\Pipeline\\Pipeline::carry():184}:185}(Object(Illuminate\\Http\\Request))
#18 /Users/elijahisrael/Desktop/Projects/chil/LARAVELBACKENDCHIL/vendor/laravel/framework/src/Illuminate/Pipeline/Pipeline.php(209): Illuminate\\Cookie\\Middleware\\EncryptCookies->handle(Object(Illuminate\\Http\\Request), Object(Closure))
#19 /Users/elijahisrael/Desktop/Projects/chil/LARAVELBACKENDCHIL/vendor/laravel/framework/src/Illuminate/Pipeline/Pipeline.php(127): Illuminate\\Pipeline\\Pipeline->{closure:{closure:Illuminate\\Pipeline\\Pipeline::carry():184}:185}(Object(Illuminate\\Http\\Request))
#20 /Users/elijahisrael/Desktop/Projects/chil/LARAVELBACKENDCHIL/vendor/laravel/framework/src/Illuminate/Routing/Router.php(807): Illuminate\\Pipeline\\Pipeline->then(Object(Closure))
#21 /Users/elijahisrael/Desktop/Projects/chil/LARAVELBACKENDCHIL/vendor/laravel/framework/src/Illuminate/Routing/Router.php(786): Illuminate\\Routing\\Router->runRouteWithinStack(Object(Illuminate\\Routing\\Route), Object(Illuminate\\Http\\Request))
#22 /Users/elijahisrael/Desktop/Projects/chil/LARAVELBACKENDCHIL/vendor/laravel/framework/src/Illuminate/Routing/Router.php(750): Illuminate\\Routing\\Router->runRoute(Object(Illuminate\\Http\\Request), Object(Illuminate\\Routing\\Route))
#23 /Users/elijahisrael/Desktop/Projects/chil/LARAVELBACKENDCHIL/vendor/laravel/framework/src/Illuminate/Routing/Router.php(739): Illuminate\\Routing\\Router->dispatchToRoute(Object(Illuminate\\Http\\Request))
#24 /Users/elijahisrael/Desktop/Projects/chil/LARAVELBACKENDCHIL/vendor/laravel/framework/src/Illuminate/Foundation/Http/Kernel.php(201): Illuminate\\Routing\\Router->dispatch(Object(Illuminate\\Http\\Request))
#25 /Users/elijahisrael/Desktop/Projects/chil/LARAVELBACKENDCHIL/vendor/laravel/framework/src/Illuminate/Pipeline/Pipeline.php(170): Illuminate\\Foundation\\Http\\Kernel->{closure:Illuminate\\Foundation\\Http\\Kernel::dispatchToRouter():198}(Object(Illuminate\\Http\\Request))
#26 /Users/elijahisrael/Desktop/Projects/chil/LARAVELBACKENDCHIL/vendor/livewire/livewire/src/Features/SupportDisablingBackButtonCache/DisableBackButtonCacheMiddleware.php(19): Illuminate\\Pipeline\\Pipeline->{closure:Illuminate\\Pipeline\\Pipeline::prepareDestination():168}(Object(Illuminate\\Http\\Request))
#27 /Users/elijahisrael/Desktop/Projects/chil/LARAVELBACKENDCHIL/vendor/laravel/framework/src/Illuminate/Pipeline/Pipeline.php(209): Livewire\\Features\\SupportDisablingBackButtonCache\\DisableBackButtonCacheMiddleware->handle(Object(Illuminate\\Http\\Request), Object(Closure))
#28 /Users/elijahisrael/Desktop/Projects/chil/LARAVELBACKENDCHIL/app/Http/Middleware/Cors.php(31): Illuminate\\Pipeline\\Pipeline->{closure:{closure:Illuminate\\Pipeline\\Pipeline::carry():184}:185}(Object(Illuminate\\Http\\Request))
#29 /Users/elijahisrael/Desktop/Projects/chil/LARAVELBACKENDCHIL/vendor/laravel/framework/src/Illuminate/Pipeline/Pipeline.php(209): App\\Http\\Middleware\\Cors->handle(Object(Illuminate\\Http\\Request), Object(Closure))
#30 /Users/elijahisrael/Desktop/Projects/chil/LARAVELBACKENDCHIL/vendor/laravel/framework/src/Illuminate/Http/Middleware/TrustProxies.php(58): Illuminate\\Pipeline\\Pipeline->{closure:{closure:Illuminate\\Pipeline\\Pipeline::carry():184}:185}(Object(Illuminate\\Http\\Request))
#31 /Users/elijahisrael/Desktop/Projects/chil/LARAVELBACKENDCHIL/vendor/laravel/framework/src/Illuminate/Pipeline/Pipeline.php(209): Illuminate\\Http\\Middleware\\TrustProxies->handle(Object(Illuminate\\Http\\Request), Object(Closure))
#32 /Users/elijahisrael/Desktop/Projects/chil/LARAVELBACKENDCHIL/vendor/laravel/framework/src/Illuminate/Foundation/Http/Middleware/TransformsRequest.php(21): Illuminate\\Pipeline\\Pipeline->{closure:{closure:Illuminate\\Pipeline\\Pipeline::carry():184}:185}(Object(Illuminate\\Http\\Request))
#33 /Users/elijahisrael/Desktop/Projects/chil/LARAVELBACKENDCHIL/vendor/laravel/framework/src/Illuminate/Foundation/Http/Middleware/ConvertEmptyStringsToNull.php(31): Illuminate\\Foundation\\Http\\Middleware\\TransformsRequest->handle(Object(Illuminate\\Http\\Request), Object(Closure))
#34 /Users/elijahisrael/Desktop/Projects/chil/LARAVELBACKENDCHIL/vendor/laravel/framework/src/Illuminate/Pipeline/Pipeline.php(209): Illuminate\\Foundation\\Http\\Middleware\\ConvertEmptyStringsToNull->handle(Object(Illuminate\\Http\\Request), Object(Closure))
#35 /Users/elijahisrael/Desktop/Projects/chil/LARAVELBACKENDCHIL/vendor/laravel/framework/src/Illuminate/Foundation/Http/Middleware/TransformsRequest.php(21): Illuminate\\Pipeline\\Pipeline->{closure:{closure:Illuminate\\Pipeline\\Pipeline::carry():184}:185}(Object(Illuminate\\Http\\Request))
#36 /Users/elijahisrael/Desktop/Projects/chil/LARAVELBACKENDCHIL/vendor/laravel/framework/src/Illuminate/Foundation/Http/Middleware/TrimStrings.php(51): Illuminate\\Foundation\\Http\\Middleware\\TransformsRequest->handle(Object(Illuminate\\Http\\Request), Object(Closure))
#37 /Users/elijahisrael/Desktop/Projects/chil/LARAVELBACKENDCHIL/vendor/laravel/framework/src/Illuminate/Pipeline/Pipeline.php(209): Illuminate\\Foundation\\Http\\Middleware\\TrimStrings->handle(Object(Illuminate\\Http\\Request), Object(Closure))
#38 /Users/elijahisrael/Desktop/Projects/chil/LARAVELBACKENDCHIL/vendor/laravel/framework/src/Illuminate/Http/Middleware/ValidatePostSize.php(27): Illuminate\\Pipeline\\Pipeline->{closure:{closure:Illuminate\\Pipeline\\Pipeline::carry():184}:185}(Object(Illuminate\\Http\\Request))
#39 /Users/elijahisrael/Desktop/Projects/chil/LARAVELBACKENDCHIL/vendor/laravel/framework/src/Illuminate/Pipeline/Pipeline.php(209): Illuminate\\Http\\Middleware\\ValidatePostSize->handle(Object(Illuminate\\Http\\Request), Object(Closure))
#40 /Users/elijahisrael/Desktop/Projects/chil/LARAVELBACKENDCHIL/vendor/laravel/framework/src/Illuminate/Foundation/Http/Middleware/PreventRequestsDuringMaintenance.php(110): Illuminate\\Pipeline\\Pipeline->{closure:{closure:Illuminate\\Pipeline\\Pipeline::carry():184}:185}(Object(Illuminate\\Http\\Request))
#41 /Users/elijahisrael/Desktop/Projects/chil/LARAVELBACKENDCHIL/vendor/laravel/framework/src/Illuminate/Pipeline/Pipeline.php(209): Illuminate\\Foundation\\Http\\Middleware\\PreventRequestsDuringMaintenance->handle(Object(Illuminate\\Http\\Request), Object(Closure))
#42 /Users/elijahisrael/Desktop/Projects/chil/LARAVELBACKENDCHIL/vendor/laravel/framework/src/Illuminate/Pipeline/Pipeline.php(127): Illuminate\\Pipeline\\Pipeline->{closure:{closure:Illuminate\\Pipeline\\Pipeline::carry():184}:185}(Object(Illuminate\\Http\\Request))
#43 /Users/elijahisrael/Desktop/Projects/chil/LARAVELBACKENDCHIL/vendor/laravel/framework/src/Illuminate/Foundation/Http/Kernel.php(176): Illuminate\\Pipeline\\Pipeline->then(Object(Closure))
#44 /Users/elijahisrael/Desktop/Projects/chil/LARAVELBACKENDCHIL/vendor/laravel/framework/src/Illuminate/Foundation/Http/Kernel.php(145): Illuminate\\Foundation\\Http\\Kernel->sendRequestThroughRouter(Object(Illuminate\\Http\\Request))
#45 /Users/elijahisrael/Desktop/Projects/chil/LARAVELBACKENDCHIL/public/index.php(54): Illuminate\\Foundation\\Http\\Kernel->handle(Object(Illuminate\\Http\\Request))
#46 /Users/elijahisrael/Desktop/Projects/chil/LARAVELBACKENDCHIL/server.php(21): require_once('/Users/elijahis...')
#47 {main}
"} 
[2025-09-30 09:38:51] local.ERROR: Expected response code "250/251/252" but got code "554", with message "554 5.7.1 <unknown[102.209.109.214]>: Client host rejected: Access denied". {"exception":"[object] (Symfony\\Component\\Mailer\\Exception\\UnexpectedResponseException(code: 554): Expected response code \"250/251/252\" but got code \"554\", with message \"554 5.7.1 <unknown[102.209.109.214]>: Client host rejected: Access denied\". at /Users/elijahisrael/Desktop/Projects/chil/LARAVELBACKENDCHIL/vendor/symfony/mailer/Transport/Smtp/SmtpTransport.php:342)
[stacktrace]
#0 /Users/elijahisrael/Desktop/Projects/chil/LARAVELBACKENDCHIL/vendor/symfony/mailer/Transport/Smtp/SmtpTransport.php(198): Symfony\\Component\\Mailer\\Transport\\Smtp\\SmtpTransport->assertResponseCode('554 5.7.1 <unkn...', Array)
#1 /Users/elijahisrael/Desktop/Projects/chil/LARAVELBACKENDCHIL/vendor/symfony/mailer/Transport/Smtp/EsmtpTransport.php(134): Symfony\\Component\\Mailer\\Transport\\Smtp\\SmtpTransport->executeCommand('RCPT TO:<mukiis...', Array)
#2 /Users/elijahisrael/Desktop/Projects/chil/LARAVELBACKENDCHIL/vendor/symfony/mailer/Transport/Smtp/SmtpTransport.php(268): Symfony\\Component\\Mailer\\Transport\\Smtp\\EsmtpTransport->executeCommand('RCPT TO:<mukiis...', Array)
#3 /Users/elijahisrael/Desktop/Projects/chil/LARAVELBACKENDCHIL/vendor/symfony/mailer/Transport/Smtp/SmtpTransport.php(217): Symfony\\Component\\Mailer\\Transport\\Smtp\\SmtpTransport->doRcptToCommand('mukiisaelijah29...')
#4 /Users/elijahisrael/Desktop/Projects/chil/LARAVELBACKENDCHIL/vendor/symfony/mailer/Transport/AbstractTransport.php(69): Symfony\\Component\\Mailer\\Transport\\Smtp\\SmtpTransport->doSend(Object(Symfony\\Component\\Mailer\\SentMessage))
#5 /Users/elijahisrael/Desktop/Projects/chil/LARAVELBACKENDCHIL/vendor/symfony/mailer/Transport/Smtp/SmtpTransport.php(138): Symfony\\Component\\Mailer\\Transport\\AbstractTransport->send(Object(Symfony\\Component\\Mime\\Email), Object(Symfony\\Component\\Mailer\\DelayedEnvelope))
#6 /Users/elijahisrael/Desktop/Projects/chil/LARAVELBACKENDCHIL/vendor/laravel/framework/src/Illuminate/Mail/Mailer.php(585): Symfony\\Component\\Mailer\\Transport\\Smtp\\SmtpTransport->send(Object(Symfony\\Component\\Mime\\Email), Object(Symfony\\Component\\Mailer\\DelayedEnvelope))
#7 /Users/elijahisrael/Desktop/Projects/chil/LARAVELBACKENDCHIL/vendor/laravel/framework/src/Illuminate/Mail/Mailer.php(332): Illuminate\\Mail\\Mailer->sendSymfonyMessage(Object(Symfony\\Component\\Mime\\Email))
#8 /Users/elijahisrael/Desktop/Projects/chil/LARAVELBACKENDCHIL/vendor/laravel/framework/src/Illuminate/Mail/Mailable.php(206): Illuminate\\Mail\\Mailer->send('emails.otp', Array, Object(Closure))
#9 /Users/elijahisrael/Desktop/Projects/chil/LARAVELBACKENDCHIL/vendor/laravel/framework/src/Illuminate/Support/Traits/Localizable.php(19): Illuminate\\Mail\\Mailable->{closure:Illuminate\\Mail\\Mailable::send():199}()
#10 /Users/elijahisrael/Desktop/Projects/chil/LARAVELBACKENDCHIL/vendor/laravel/framework/src/Illuminate/Mail/Mailable.php(199): Illuminate\\Mail\\Mailable->withLocale(NULL, Object(Closure))
#11 /Users/elijahisrael/Desktop/Projects/chil/LARAVELBACKENDCHIL/vendor/laravel/framework/src/Illuminate/Mail/Mailer.php(354): Illuminate\\Mail\\Mailable->send(Object(Illuminate\\Mail\\Mailer))
#12 /Users/elijahisrael/Desktop/Projects/chil/LARAVELBACKENDCHIL/vendor/laravel/framework/src/Illuminate/Mail/Mailer.php(301): Illuminate\\Mail\\Mailer->sendMailable(Object(App\\Mail\\SchoolOtpMail))
#13 /Users/elijahisrael/Desktop/Projects/chil/LARAVELBACKENDCHIL/vendor/laravel/framework/src/Illuminate/Mail/PendingMail.php(124): Illuminate\\Mail\\Mailer->send(Object(App\\Mail\\SchoolOtpMail))
#14 /Users/elijahisrael/Desktop/Projects/chil/LARAVELBACKENDCHIL/routes/web.php(72): Illuminate\\Mail\\PendingMail->send(Object(App\\Mail\\SchoolOtpMail))
#15 /Users/elijahisrael/Desktop/Projects/chil/LARAVELBACKENDCHIL/vendor/laravel/framework/src/Illuminate/Routing/CallableDispatcher.php(40): Illuminate\\Routing\\RouteFileRegistrar->{closure:/Users/elijahisrael/Desktop/Projects/chil/LARAVELBACKENDCHIL/routes/web.php:71}()
#16 /Users/elijahisrael/Desktop/Projects/chil/LARAVELBACKENDCHIL/vendor/laravel/framework/src/Illuminate/Routing/Route.php(244): Illuminate\\Routing\\CallableDispatcher->dispatch(Object(Illuminate\\Routing\\Route), Object(Closure))
#17 /Users/elijahisrael/Desktop/Projects/chil/LARAVELBACKENDCHIL/vendor/laravel/framework/src/Illuminate/Routing/Route.php(215): Illuminate\\Routing\\Route->runCallable()
#18 /Users/elijahisrael/Desktop/Projects/chil/LARAVELBACKENDCHIL/vendor/laravel/framework/src/Illuminate/Routing/Router.php(808): Illuminate\\Routing\\Route->run()
#19 /Users/elijahisrael/Desktop/Projects/chil/LARAVELBACKENDCHIL/vendor/laravel/framework/src/Illuminate/Pipeline/Pipeline.php(170): Illuminate\\Routing\\Router->{closure:Illuminate\\Routing\\Router::runRouteWithinStack():807}(Object(Illuminate\\Http\\Request))
#20 /Users/elijahisrael/Desktop/Projects/chil/LARAVELBACKENDCHIL/vendor/laravel/framework/src/Illuminate/Routing/Middleware/SubstituteBindings.php(51): Illuminate\\Pipeline\\Pipeline->{closure:Illuminate\\Pipeline\\Pipeline::prepareDestination():168}(Object(Illuminate\\Http\\Request))
#21 /Users/elijahisrael/Desktop/Projects/chil/LARAVELBACKENDCHIL/vendor/laravel/framework/src/Illuminate/Pipeline/Pipeline.php(209): Illuminate\\Routing\\Middleware\\SubstituteBindings->handle(Object(Illuminate\\Http\\Request), Object(Closure))
#22 /Users/elijahisrael/Desktop/Projects/chil/LARAVELBACKENDCHIL/vendor/laravel/framework/src/Illuminate/Foundation/Http/Middleware/VerifyCsrfToken.php(88): Illuminate\\Pipeline\\Pipeline->{closure:{closure:Illuminate\\Pipeline\\Pipeline::carry():184}:185}(Object(Illuminate\\Http\\Request))
#23 /Users/elijahisrael/Desktop/Projects/chil/LARAVELBACKENDCHIL/vendor/laravel/framework/src/Illuminate/Pipeline/Pipeline.php(209): Illuminate\\Foundation\\Http\\Middleware\\VerifyCsrfToken->handle(Object(Illuminate\\Http\\Request), Object(Closure))
#24 /Users/elijahisrael/Desktop/Projects/chil/LARAVELBACKENDCHIL/vendor/laravel/framework/src/Illuminate/View/Middleware/ShareErrorsFromSession.php(49): Illuminate\\Pipeline\\Pipeline->{closure:{closure:Illuminate\\Pipeline\\Pipeline::carry():184}:185}(Object(Illuminate\\Http\\Request))
#25 /Users/elijahisrael/Desktop/Projects/chil/LARAVELBACKENDCHIL/vendor/laravel/framework/src/Illuminate/Pipeline/Pipeline.php(209): Illuminate\\View\\Middleware\\ShareErrorsFromSession->handle(Object(Illuminate\\Http\\Request), Object(Closure))
#26 /Users/elijahisrael/Desktop/Projects/chil/LARAVELBACKENDCHIL/vendor/laravel/framework/src/Illuminate/Session/Middleware/StartSession.php(121): Illuminate\\Pipeline\\Pipeline->{closure:{closure:Illuminate\\Pipeline\\Pipeline::carry():184}:185}(Object(Illuminate\\Http\\Request))
#27 /Users/elijahisrael/Desktop/Projects/chil/LARAVELBACKENDCHIL/vendor/laravel/framework/src/Illuminate/Session/Middleware/StartSession.php(64): Illuminate\\Session\\Middleware\\StartSession->handleStatefulRequest(Object(Illuminate\\Http\\Request), Object(Illuminate\\Session\\Store), Object(Closure))
#28 /Users/elijahisrael/Desktop/Projects/chil/LARAVELBACKENDCHIL/vendor/laravel/framework/src/Illuminate/Pipeline/Pipeline.php(209): Illuminate\\Session\\Middleware\\StartSession->handle(Object(Illuminate\\Http\\Request), Object(Closure))
#29 /Users/elijahisrael/Desktop/Projects/chil/LARAVELBACKENDCHIL/vendor/laravel/framework/src/Illuminate/Cookie/Middleware/AddQueuedCookiesToResponse.php(37): Illuminate\\Pipeline\\Pipeline->{closure:{closure:Illuminate\\Pipeline\\Pipeline::carry():184}:185}(Object(Illuminate\\Http\\Request))
#30 /Users/elijahisrael/Desktop/Projects/chil/LARAVELBACKENDCHIL/vendor/laravel/framework/src/Illuminate/Pipeline/Pipeline.php(209): Illuminate\\Cookie\\Middleware\\AddQueuedCookiesToResponse->handle(Object(Illuminate\\Http\\Request), Object(Closure))
#31 /Users/elijahisrael/Desktop/Projects/chil/LARAVELBACKENDCHIL/vendor/laravel/framework/src/Illuminate/Cookie/Middleware/EncryptCookies.php(75): Illuminate\\Pipeline\\Pipeline->{closure:{closure:Illuminate\\Pipeline\\Pipeline::carry():184}:185}(Object(Illuminate\\Http\\Request))
#32 /Users/elijahisrael/Desktop/Projects/chil/LARAVELBACKENDCHIL/vendor/laravel/framework/src/Illuminate/Pipeline/Pipeline.php(209): Illuminate\\Cookie\\Middleware\\EncryptCookies->handle(Object(Illuminate\\Http\\Request), Object(Closure))
#33 /Users/elijahisrael/Desktop/Projects/chil/LARAVELBACKENDCHIL/vendor/laravel/framework/src/Illuminate/Pipeline/Pipeline.php(127): Illuminate\\Pipeline\\Pipeline->{closure:{closure:Illuminate\\Pipeline\\Pipeline::carry():184}:185}(Object(Illuminate\\Http\\Request))
#34 /Users/elijahisrael/Desktop/Projects/chil/LARAVELBACKENDCHIL/vendor/laravel/framework/src/Illuminate/Routing/Router.php(807): Illuminate\\Pipeline\\Pipeline->then(Object(Closure))
#35 /Users/elijahisrael/Desktop/Projects/chil/LARAVELBACKENDCHIL/vendor/laravel/framework/src/Illuminate/Routing/Router.php(786): Illuminate\\Routing\\Router->runRouteWithinStack(Object(Illuminate\\Routing\\Route), Object(Illuminate\\Http\\Request))
#36 /Users/elijahisrael/Desktop/Projects/chil/LARAVELBACKENDCHIL/vendor/laravel/framework/src/Illuminate/Routing/Router.php(750): Illuminate\\Routing\\Router->runRoute(Object(Illuminate\\Http\\Request), Object(Illuminate\\Routing\\Route))
#37 /Users/elijahisrael/Desktop/Projects/chil/LARAVELBACKENDCHIL/vendor/laravel/framework/src/Illuminate/Routing/Router.php(739): Illuminate\\Routing\\Router->dispatchToRoute(Object(Illuminate\\Http\\Request))
#38 /Users/elijahisrael/Desktop/Projects/chil/LARAVELBACKENDCHIL/vendor/laravel/framework/src/Illuminate/Foundation/Http/Kernel.php(201): Illuminate\\Routing\\Router->dispatch(Object(Illuminate\\Http\\Request))
#39 /Users/elijahisrael/Desktop/Projects/chil/LARAVELBACKENDCHIL/vendor/laravel/framework/src/Illuminate/Pipeline/Pipeline.php(170): Illuminate\\Foundation\\Http\\Kernel->{closure:Illuminate\\Foundation\\Http\\Kernel::dispatchToRouter():198}(Object(Illuminate\\Http\\Request))
#40 /Users/elijahisrael/Desktop/Projects/chil/LARAVELBACKENDCHIL/vendor/livewire/livewire/src/Features/SupportDisablingBackButtonCache/DisableBackButtonCacheMiddleware.php(19): Illuminate\\Pipeline\\Pipeline->{closure:Illuminate\\Pipeline\\Pipeline::prepareDestination():168}(Object(Illuminate\\Http\\Request))
#41 /Users/elijahisrael/Desktop/Projects/chil/LARAVELBACKENDCHIL/vendor/laravel/framework/src/Illuminate/Pipeline/Pipeline.php(209): Livewire\\Features\\SupportDisablingBackButtonCache\\DisableBackButtonCacheMiddleware->handle(Object(Illuminate\\Http\\Request), Object(Closure))
#42 /Users/elijahisrael/Desktop/Projects/chil/LARAVELBACKENDCHIL/app/Http/Middleware/Cors.php(31): Illuminate\\Pipeline\\Pipeline->{closure:{closure:Illuminate\\Pipeline\\Pipeline::carry():184}:185}(Object(Illuminate\\Http\\Request))
#43 /Users/elijahisrael/Desktop/Projects/chil/LARAVELBACKENDCHIL/vendor/laravel/framework/src/Illuminate/Pipeline/Pipeline.php(209): App\\Http\\Middleware\\Cors->handle(Object(Illuminate\\Http\\Request), Object(Closure))
#44 /Users/elijahisrael/Desktop/Projects/chil/LARAVELBACKENDCHIL/vendor/laravel/framework/src/Illuminate/Http/Middleware/TrustProxies.php(58): Illuminate\\Pipeline\\Pipeline->{closure:{closure:Illuminate\\Pipeline\\Pipeline::carry():184}:185}(Object(Illuminate\\Http\\Request))
#45 /Users/elijahisrael/Desktop/Projects/chil/LARAVELBACKENDCHIL/vendor/laravel/framework/src/Illuminate/Pipeline/Pipeline.php(209): Illuminate\\Http\\Middleware\\TrustProxies->handle(Object(Illuminate\\Http\\Request), Object(Closure))
#46 /Users/elijahisrael/Desktop/Projects/chil/LARAVELBACKENDCHIL/vendor/laravel/framework/src/Illuminate/Foundation/Http/Middleware/TransformsRequest.php(21): Illuminate\\Pipeline\\Pipeline->{closure:{closure:Illuminate\\Pipeline\\Pipeline::carry():184}:185}(Object(Illuminate\\Http\\Request))
#47 /Users/elijahisrael/Desktop/Projects/chil/LARAVELBACKENDCHIL/vendor/laravel/framework/src/Illuminate/Foundation/Http/Middleware/ConvertEmptyStringsToNull.php(31): Illuminate\\Foundation\\Http\\Middleware\\TransformsRequest->handle(Object(Illuminate\\Http\\Request), Object(Closure))
#48 /Users/elijahisrael/Desktop/Projects/chil/LARAVELBACKENDCHIL/vendor/laravel/framework/src/Illuminate/Pipeline/Pipeline.php(209): Illuminate\\Foundation\\Http\\Middleware\\ConvertEmptyStringsToNull->handle(Object(Illuminate\\Http\\Request), Object(Closure))
#49 /Users/elijahisrael/Desktop/Projects/chil/LARAVELBACKENDCHIL/vendor/laravel/framework/src/Illuminate/Foundation/Http/Middleware/TransformsRequest.php(21): Illuminate\\Pipeline\\Pipeline->{closure:{closure:Illuminate\\Pipeline\\Pipeline::carry():184}:185}(Object(Illuminate\\Http\\Request))
#50 /Users/elijahisrael/Desktop/Projects/chil/LARAVELBACKENDCHIL/vendor/laravel/framework/src/Illuminate/Foundation/Http/Middleware/TrimStrings.php(51): Illuminate\\Foundation\\Http\\Middleware\\TransformsRequest->handle(Object(Illuminate\\Http\\Request), Object(Closure))
#51 /Users/elijahisrael/Desktop/Projects/chil/LARAVELBACKENDCHIL/vendor/laravel/framework/src/Illuminate/Pipeline/Pipeline.php(209): Illuminate\\Foundation\\Http\\Middleware\\TrimStrings->handle(Object(Illuminate\\Http\\Request), Object(Closure))
#52 /Users/elijahisrael/Desktop/Projects/chil/LARAVELBACKENDCHIL/vendor/laravel/framework/src/Illuminate/Http/Middleware/ValidatePostSize.php(27): Illuminate\\Pipeline\\Pipeline->{closure:{closure:Illuminate\\Pipeline\\Pipeline::carry():184}:185}(Object(Illuminate\\Http\\Request))
#53 /Users/elijahisrael/Desktop/Projects/chil/LARAVELBACKENDCHIL/vendor/laravel/framework/src/Illuminate/Pipeline/Pipeline.php(209): Illuminate\\Http\\Middleware\\ValidatePostSize->handle(Object(Illuminate\\Http\\Request), Object(Closure))
#54 /Users/elijahisrael/Desktop/Projects/chil/LARAVELBACKENDCHIL/vendor/laravel/framework/src/Illuminate/Foundation/Http/Middleware/PreventRequestsDuringMaintenance.php(110): Illuminate\\Pipeline\\Pipeline->{closure:{closure:Illuminate\\Pipeline\\Pipeline::carry():184}:185}(Object(Illuminate\\Http\\Request))
#55 /Users/elijahisrael/Desktop/Projects/chil/LARAVELBACKENDCHIL/vendor/laravel/framework/src/Illuminate/Pipeline/Pipeline.php(209): Illuminate\\Foundation\\Http\\Middleware\\PreventRequestsDuringMaintenance->handle(Object(Illuminate\\Http\\Request), Object(Closure))
#56 /Users/elijahisrael/Desktop/Projects/chil/LARAVELBACKENDCHIL/vendor/laravel/framework/src/Illuminate/Pipeline/Pipeline.php(127): Illuminate\\Pipeline\\Pipeline->{closure:{closure:Illuminate\\Pipeline\\Pipeline::carry():184}:185}(Object(Illuminate\\Http\\Request))
#57 /Users/elijahisrael/Desktop/Projects/chil/LARAVELBACKENDCHIL/vendor/laravel/framework/src/Illuminate/Foundation/Http/Kernel.php(176): Illuminate\\Pipeline\\Pipeline->then(Object(Closure))
#58 /Users/elijahisrael/Desktop/Projects/chil/LARAVELBACKENDCHIL/vendor/laravel/framework/src/Illuminate/Foundation/Http/Kernel.php(145): Illuminate\\Foundation\\Http\\Kernel->sendRequestThroughRouter(Object(Illuminate\\Http\\Request))
#59 /Users/elijahisrael/Desktop/Projects/chil/LARAVELBACKENDCHIL/public/index.php(54): Illuminate\\Foundation\\Http\\Kernel->handle(Object(Illuminate\\Http\\Request))
#60 /Users/elijahisrael/Desktop/Projects/chil/LARAVELBACKENDCHIL/server.php(21): require_once('/Users/elijahis...')
#61 {main}
"} 
[2025-09-30 09:42:37] local.ERROR: Expected response code "250" but got code "530", with message "530 5.7.1 Authentication required". {"exception":"[object] (Symfony\\Component\\Mailer\\Exception\\UnexpectedResponseException(code: 530): Expected response code \"250\" but got code \"530\", with message \"530 5.7.1 Authentication required\". at /Users/elijahisrael/Desktop/Projects/chil/LARAVELBACKENDCHIL/vendor/symfony/mailer/Transport/Smtp/SmtpTransport.php:342)
[stacktrace]
#0 /Users/elijahisrael/Desktop/Projects/chil/LARAVELBACKENDCHIL/vendor/symfony/mailer/Transport/Smtp/SmtpTransport.php(198): Symfony\\Component\\Mailer\\Transport\\Smtp\\SmtpTransport->assertResponseCode('530 5.7.1 Authe...', Array)
#1 /Users/elijahisrael/Desktop/Projects/chil/LARAVELBACKENDCHIL/vendor/symfony/mailer/Transport/Smtp/EsmtpTransport.php(134): Symfony\\Component\\Mailer\\Transport\\Smtp\\SmtpTransport->executeCommand('MAIL FROM:<hell...', Array)
#2 /Users/elijahisrael/Desktop/Projects/chil/LARAVELBACKENDCHIL/vendor/symfony/mailer/Transport/Smtp/SmtpTransport.php(263): Symfony\\Component\\Mailer\\Transport\\Smtp\\EsmtpTransport->executeCommand('MAIL FROM:<hell...', Array)
#3 /Users/elijahisrael/Desktop/Projects/chil/LARAVELBACKENDCHIL/vendor/symfony/mailer/Transport/Smtp/SmtpTransport.php(215): Symfony\\Component\\Mailer\\Transport\\Smtp\\SmtpTransport->doMailFromCommand('hello@example.c...', false)
#4 /Users/elijahisrael/Desktop/Projects/chil/LARAVELBACKENDCHIL/vendor/symfony/mailer/Transport/AbstractTransport.php(69): Symfony\\Component\\Mailer\\Transport\\Smtp\\SmtpTransport->doSend(Object(Symfony\\Component\\Mailer\\SentMessage))
#5 /Users/elijahisrael/Desktop/Projects/chil/LARAVELBACKENDCHIL/vendor/symfony/mailer/Transport/Smtp/SmtpTransport.php(138): Symfony\\Component\\Mailer\\Transport\\AbstractTransport->send(Object(Symfony\\Component\\Mime\\Email), Object(Symfony\\Component\\Mailer\\DelayedEnvelope))
#6 /Users/elijahisrael/Desktop/Projects/chil/LARAVELBACKENDCHIL/vendor/laravel/framework/src/Illuminate/Mail/Mailer.php(585): Symfony\\Component\\Mailer\\Transport\\Smtp\\SmtpTransport->send(Object(Symfony\\Component\\Mime\\Email), Object(Symfony\\Component\\Mailer\\DelayedEnvelope))
#7 /Users/elijahisrael/Desktop/Projects/chil/LARAVELBACKENDCHIL/vendor/laravel/framework/src/Illuminate/Mail/Mailer.php(332): Illuminate\\Mail\\Mailer->sendSymfonyMessage(Object(Symfony\\Component\\Mime\\Email))
#8 /Users/elijahisrael/Desktop/Projects/chil/LARAVELBACKENDCHIL/vendor/laravel/framework/src/Illuminate/Mail/Mailable.php(206): Illuminate\\Mail\\Mailer->send('emails.otp', Array, Object(Closure))
#9 /Users/elijahisrael/Desktop/Projects/chil/LARAVELBACKENDCHIL/vendor/laravel/framework/src/Illuminate/Support/Traits/Localizable.php(19): Illuminate\\Mail\\Mailable->{closure:Illuminate\\Mail\\Mailable::send():199}()
#10 /Users/elijahisrael/Desktop/Projects/chil/LARAVELBACKENDCHIL/vendor/laravel/framework/src/Illuminate/Mail/Mailable.php(199): Illuminate\\Mail\\Mailable->withLocale(NULL, Object(Closure))
#11 /Users/elijahisrael/Desktop/Projects/chil/LARAVELBACKENDCHIL/vendor/laravel/framework/src/Illuminate/Mail/Mailer.php(354): Illuminate\\Mail\\Mailable->send(Object(Illuminate\\Mail\\Mailer))
#12 /Users/elijahisrael/Desktop/Projects/chil/LARAVELBACKENDCHIL/vendor/laravel/framework/src/Illuminate/Mail/Mailer.php(301): Illuminate\\Mail\\Mailer->sendMailable(Object(App\\Mail\\SchoolOtpMail))
#13 /Users/elijahisrael/Desktop/Projects/chil/LARAVELBACKENDCHIL/vendor/laravel/framework/src/Illuminate/Mail/PendingMail.php(124): Illuminate\\Mail\\Mailer->send(Object(App\\Mail\\SchoolOtpMail))
#14 /Users/elijahisrael/Desktop/Projects/chil/LARAVELBACKENDCHIL/routes/web.php(72): Illuminate\\Mail\\PendingMail->send(Object(App\\Mail\\SchoolOtpMail))
#15 /Users/elijahisrael/Desktop/Projects/chil/LARAVELBACKENDCHIL/vendor/laravel/framework/src/Illuminate/Routing/CallableDispatcher.php(40): Illuminate\\Routing\\RouteFileRegistrar->{closure:/Users/elijahisrael/Desktop/Projects/chil/LARAVELBACKENDCHIL/routes/web.php:71}()
#16 /Users/elijahisrael/Desktop/Projects/chil/LARAVELBACKENDCHIL/vendor/laravel/framework/src/Illuminate/Routing/Route.php(244): Illuminate\\Routing\\CallableDispatcher->dispatch(Object(Illuminate\\Routing\\Route), Object(Closure))
#17 /Users/elijahisrael/Desktop/Projects/chil/LARAVELBACKENDCHIL/vendor/laravel/framework/src/Illuminate/Routing/Route.php(215): Illuminate\\Routing\\Route->runCallable()
#18 /Users/elijahisrael/Desktop/Projects/chil/LARAVELBACKENDCHIL/vendor/laravel/framework/src/Illuminate/Routing/Router.php(808): Illuminate\\Routing\\Route->run()
#19 /Users/elijahisrael/Desktop/Projects/chil/LARAVELBACKENDCHIL/vendor/laravel/framework/src/Illuminate/Pipeline/Pipeline.php(170): Illuminate\\Routing\\Router->{closure:Illuminate\\Routing\\Router::runRouteWithinStack():807}(Object(Illuminate\\Http\\Request))
#20 /Users/elijahisrael/Desktop/Projects/chil/LARAVELBACKENDCHIL/vendor/laravel/framework/src/Illuminate/Routing/Middleware/SubstituteBindings.php(51): Illuminate\\Pipeline\\Pipeline->{closure:Illuminate\\Pipeline\\Pipeline::prepareDestination():168}(Object(Illuminate\\Http\\Request))
#21 /Users/elijahisrael/Desktop/Projects/chil/LARAVELBACKENDCHIL/vendor/laravel/framework/src/Illuminate/Pipeline/Pipeline.php(209): Illuminate\\Routing\\Middleware\\SubstituteBindings->handle(Object(Illuminate\\Http\\Request), Object(Closure))
#22 /Users/elijahisrael/Desktop/Projects/chil/LARAVELBACKENDCHIL/vendor/laravel/framework/src/Illuminate/Foundation/Http/Middleware/VerifyCsrfToken.php(88): Illuminate\\Pipeline\\Pipeline->{closure:{closure:Illuminate\\Pipeline\\Pipeline::carry():184}:185}(Object(Illuminate\\Http\\Request))
#23 /Users/elijahisrael/Desktop/Projects/chil/LARAVELBACKENDCHIL/vendor/laravel/framework/src/Illuminate/Pipeline/Pipeline.php(209): Illuminate\\Foundation\\Http\\Middleware\\VerifyCsrfToken->handle(Object(Illuminate\\Http\\Request), Object(Closure))
#24 /Users/elijahisrael/Desktop/Projects/chil/LARAVELBACKENDCHIL/vendor/laravel/framework/src/Illuminate/View/Middleware/ShareErrorsFromSession.php(49): Illuminate\\Pipeline\\Pipeline->{closure:{closure:Illuminate\\Pipeline\\Pipeline::carry():184}:185}(Object(Illuminate\\Http\\Request))
#25 /Users/elijahisrael/Desktop/Projects/chil/LARAVELBACKENDCHIL/vendor/laravel/framework/src/Illuminate/Pipeline/Pipeline.php(209): Illuminate\\View\\Middleware\\ShareErrorsFromSession->handle(Object(Illuminate\\Http\\Request), Object(Closure))
#26 /Users/elijahisrael/Desktop/Projects/chil/LARAVELBACKENDCHIL/vendor/laravel/framework/src/Illuminate/Session/Middleware/StartSession.php(121): Illuminate\\Pipeline\\Pipeline->{closure:{closure:Illuminate\\Pipeline\\Pipeline::carry():184}:185}(Object(Illuminate\\Http\\Request))
#27 /Users/elijahisrael/Desktop/Projects/chil/LARAVELBACKENDCHIL/vendor/laravel/framework/src/Illuminate/Session/Middleware/StartSession.php(64): Illuminate\\Session\\Middleware\\StartSession->handleStatefulRequest(Object(Illuminate\\Http\\Request), Object(Illuminate\\Session\\Store), Object(Closure))
#28 /Users/elijahisrael/Desktop/Projects/chil/LARAVELBACKENDCHIL/vendor/laravel/framework/src/Illuminate/Pipeline/Pipeline.php(209): Illuminate\\Session\\Middleware\\StartSession->handle(Object(Illuminate\\Http\\Request), Object(Closure))
#29 /Users/elijahisrael/Desktop/Projects/chil/LARAVELBACKENDCHIL/vendor/laravel/framework/src/Illuminate/Cookie/Middleware/AddQueuedCookiesToResponse.php(37): Illuminate\\Pipeline\\Pipeline->{closure:{closure:Illuminate\\Pipeline\\Pipeline::carry():184}:185}(Object(Illuminate\\Http\\Request))
#30 /Users/elijahisrael/Desktop/Projects/chil/LARAVELBACKENDCHIL/vendor/laravel/framework/src/Illuminate/Pipeline/Pipeline.php(209): Illuminate\\Cookie\\Middleware\\AddQueuedCookiesToResponse->handle(Object(Illuminate\\Http\\Request), Object(Closure))
#31 /Users/elijahisrael/Desktop/Projects/chil/LARAVELBACKENDCHIL/vendor/laravel/framework/src/Illuminate/Cookie/Middleware/EncryptCookies.php(75): Illuminate\\Pipeline\\Pipeline->{closure:{closure:Illuminate\\Pipeline\\Pipeline::carry():184}:185}(Object(Illuminate\\Http\\Request))
#32 /Users/elijahisrael/Desktop/Projects/chil/LARAVELBACKENDCHIL/vendor/laravel/framework/src/Illuminate/Pipeline/Pipeline.php(209): Illuminate\\Cookie\\Middleware\\EncryptCookies->handle(Object(Illuminate\\Http\\Request), Object(Closure))
#33 /Users/elijahisrael/Desktop/Projects/chil/LARAVELBACKENDCHIL/vendor/laravel/framework/src/Illuminate/Pipeline/Pipeline.php(127): Illuminate\\Pipeline\\Pipeline->{closure:{closure:Illuminate\\Pipeline\\Pipeline::carry():184}:185}(Object(Illuminate\\Http\\Request))
#34 /Users/elijahisrael/Desktop/Projects/chil/LARAVELBACKENDCHIL/vendor/laravel/framework/src/Illuminate/Routing/Router.php(807): Illuminate\\Pipeline\\Pipeline->then(Object(Closure))
#35 /Users/elijahisrael/Desktop/Projects/chil/LARAVELBACKENDCHIL/vendor/laravel/framework/src/Illuminate/Routing/Router.php(786): Illuminate\\Routing\\Router->runRouteWithinStack(Object(Illuminate\\Routing\\Route), Object(Illuminate\\Http\\Request))
#36 /Users/elijahisrael/Desktop/Projects/chil/LARAVELBACKENDCHIL/vendor/laravel/framework/src/Illuminate/Routing/Router.php(750): Illuminate\\Routing\\Router->runRoute(Object(Illuminate\\Http\\Request), Object(Illuminate\\Routing\\Route))
#37 /Users/elijahisrael/Desktop/Projects/chil/LARAVELBACKENDCHIL/vendor/laravel/framework/src/Illuminate/Routing/Router.php(739): Illuminate\\Routing\\Router->dispatchToRoute(Object(Illuminate\\Http\\Request))
#38 /Users/elijahisrael/Desktop/Projects/chil/LARAVELBACKENDCHIL/vendor/laravel/framework/src/Illuminate/Foundation/Http/Kernel.php(201): Illuminate\\Routing\\Router->dispatch(Object(Illuminate\\Http\\Request))
#39 /Users/elijahisrael/Desktop/Projects/chil/LARAVELBACKENDCHIL/vendor/laravel/framework/src/Illuminate/Pipeline/Pipeline.php(170): Illuminate\\Foundation\\Http\\Kernel->{closure:Illuminate\\Foundation\\Http\\Kernel::dispatchToRouter():198}(Object(Illuminate\\Http\\Request))
#40 /Users/elijahisrael/Desktop/Projects/chil/LARAVELBACKENDCHIL/vendor/livewire/livewire/src/Features/SupportDisablingBackButtonCache/DisableBackButtonCacheMiddleware.php(19): Illuminate\\Pipeline\\Pipeline->{closure:Illuminate\\Pipeline\\Pipeline::prepareDestination():168}(Object(Illuminate\\Http\\Request))
#41 /Users/elijahisrael/Desktop/Projects/chil/LARAVELBACKENDCHIL/vendor/laravel/framework/src/Illuminate/Pipeline/Pipeline.php(209): Livewire\\Features\\SupportDisablingBackButtonCache\\DisableBackButtonCacheMiddleware->handle(Object(Illuminate\\Http\\Request), Object(Closure))
#42 /Users/elijahisrael/Desktop/Projects/chil/LARAVELBACKENDCHIL/app/Http/Middleware/Cors.php(31): Illuminate\\Pipeline\\Pipeline->{closure:{closure:Illuminate\\Pipeline\\Pipeline::carry():184}:185}(Object(Illuminate\\Http\\Request))
#43 /Users/elijahisrael/Desktop/Projects/chil/LARAVELBACKENDCHIL/vendor/laravel/framework/src/Illuminate/Pipeline/Pipeline.php(209): App\\Http\\Middleware\\Cors->handle(Object(Illuminate\\Http\\Request), Object(Closure))
#44 /Users/elijahisrael/Desktop/Projects/chil/LARAVELBACKENDCHIL/vendor/laravel/framework/src/Illuminate/Http/Middleware/TrustProxies.php(58): Illuminate\\Pipeline\\Pipeline->{closure:{closure:Illuminate\\Pipeline\\Pipeline::carry():184}:185}(Object(Illuminate\\Http\\Request))
#45 /Users/elijahisrael/Desktop/Projects/chil/LARAVELBACKENDCHIL/vendor/laravel/framework/src/Illuminate/Pipeline/Pipeline.php(209): Illuminate\\Http\\Middleware\\TrustProxies->handle(Object(Illuminate\\Http\\Request), Object(Closure))
#46 /Users/elijahisrael/Desktop/Projects/chil/LARAVELBACKENDCHIL/vendor/laravel/framework/src/Illuminate/Foundation/Http/Middleware/TransformsRequest.php(21): Illuminate\\Pipeline\\Pipeline->{closure:{closure:Illuminate\\Pipeline\\Pipeline::carry():184}:185}(Object(Illuminate\\Http\\Request))
#47 /Users/elijahisrael/Desktop/Projects/chil/LARAVELBACKENDCHIL/vendor/laravel/framework/src/Illuminate/Foundation/Http/Middleware/ConvertEmptyStringsToNull.php(31): Illuminate\\Foundation\\Http\\Middleware\\TransformsRequest->handle(Object(Illuminate\\Http\\Request), Object(Closure))
#48 /Users/elijahisrael/Desktop/Projects/chil/LARAVELBACKENDCHIL/vendor/laravel/framework/src/Illuminate/Pipeline/Pipeline.php(209): Illuminate\\Foundation\\Http\\Middleware\\ConvertEmptyStringsToNull->handle(Object(Illuminate\\Http\\Request), Object(Closure))
#49 /Users/elijahisrael/Desktop/Projects/chil/LARAVELBACKENDCHIL/vendor/laravel/framework/src/Illuminate/Foundation/Http/Middleware/TransformsRequest.php(21): Illuminate\\Pipeline\\Pipeline->{closure:{closure:Illuminate\\Pipeline\\Pipeline::carry():184}:185}(Object(Illuminate\\Http\\Request))
#50 /Users/elijahisrael/Desktop/Projects/chil/LARAVELBACKENDCHIL/vendor/laravel/framework/src/Illuminate/Foundation/Http/Middleware/TrimStrings.php(51): Illuminate\\Foundation\\Http\\Middleware\\TransformsRequest->handle(Object(Illuminate\\Http\\Request), Object(Closure))
#51 /Users/elijahisrael/Desktop/Projects/chil/LARAVELBACKENDCHIL/vendor/laravel/framework/src/Illuminate/Pipeline/Pipeline.php(209): Illuminate\\Foundation\\Http\\Middleware\\TrimStrings->handle(Object(Illuminate\\Http\\Request), Object(Closure))
#52 /Users/elijahisrael/Desktop/Projects/chil/LARAVELBACKENDCHIL/vendor/laravel/framework/src/Illuminate/Http/Middleware/ValidatePostSize.php(27): Illuminate\\Pipeline\\Pipeline->{closure:{closure:Illuminate\\Pipeline\\Pipeline::carry():184}:185}(Object(Illuminate\\Http\\Request))
#53 /Users/elijahisrael/Desktop/Projects/chil/LARAVELBACKENDCHIL/vendor/laravel/framework/src/Illuminate/Pipeline/Pipeline.php(209): Illuminate\\Http\\Middleware\\ValidatePostSize->handle(Object(Illuminate\\Http\\Request), Object(Closure))
#54 /Users/elijahisrael/Desktop/Projects/chil/LARAVELBACKENDCHIL/vendor/laravel/framework/src/Illuminate/Foundation/Http/Middleware/PreventRequestsDuringMaintenance.php(110): Illuminate\\Pipeline\\Pipeline->{closure:{closure:Illuminate\\Pipeline\\Pipeline::carry():184}:185}(Object(Illuminate\\Http\\Request))
#55 /Users/elijahisrael/Desktop/Projects/chil/LARAVELBACKENDCHIL/vendor/laravel/framework/src/Illuminate/Pipeline/Pipeline.php(209): Illuminate\\Foundation\\Http\\Middleware\\PreventRequestsDuringMaintenance->handle(Object(Illuminate\\Http\\Request), Object(Closure))
#56 /Users/elijahisrael/Desktop/Projects/chil/LARAVELBACKENDCHIL/vendor/laravel/framework/src/Illuminate/Pipeline/Pipeline.php(127): Illuminate\\Pipeline\\Pipeline->{closure:{closure:Illuminate\\Pipeline\\Pipeline::carry():184}:185}(Object(Illuminate\\Http\\Request))
#57 /Users/elijahisrael/Desktop/Projects/chil/LARAVELBACKENDCHIL/vendor/laravel/framework/src/Illuminate/Foundation/Http/Kernel.php(176): Illuminate\\Pipeline\\Pipeline->then(Object(Closure))
#58 /Users/elijahisrael/Desktop/Projects/chil/LARAVELBACKENDCHIL/vendor/laravel/framework/src/Illuminate/Foundation/Http/Kernel.php(145): Illuminate\\Foundation\\Http\\Kernel->sendRequestThroughRouter(Object(Illuminate\\Http\\Request))
#59 /Users/elijahisrael/Desktop/Projects/chil/LARAVELBACKENDCHIL/public/index.php(54): Illuminate\\Foundation\\Http\\Kernel->handle(Object(Illuminate\\Http\\Request))
#60 /Users/elijahisrael/Desktop/Projects/chil/LARAVELBACKENDCHIL/server.php(21): require_once('/Users/elijahis...')
#61 {main}
"} 
[2025-09-30 09:45:19] local.ERROR: Failed to authenticate on SMTP server with username "your-email@example.com" using the following authenticators: "LOGIN", "PLAIN". Authenticator "LOGIN" returned "Expected response code "235" but got code "535", with message "535 5.7.8 Error: authentication failed: (reason unavailable)".". Authenticator "PLAIN" returned "Expected response code "235" but got code "535", with message "535 5.7.8 Error: authentication failed: (reason unavailable)".". {"exception":"[object] (Symfony\\Component\\Mailer\\Exception\\TransportException(code: 535): Failed to authenticate on SMTP server with username \"your-email@example.com\" using the following authenticators: \"LOGIN\", \"PLAIN\". Authenticator \"LOGIN\" returned \"Expected response code \"235\" but got code \"535\", with message \"535 5.7.8 Error: authentication failed: (reason unavailable)\".\". Authenticator \"PLAIN\" returned \"Expected response code \"235\" but got code \"535\", with message \"535 5.7.8 Error: authentication failed: (reason unavailable)\".\". at /Users/elijahisrael/Desktop/Projects/chil/LARAVELBACKENDCHIL/vendor/symfony/mailer/Transport/Smtp/EsmtpTransport.php:247)
[stacktrace]
#0 /Users/elijahisrael/Desktop/Projects/chil/LARAVELBACKENDCHIL/vendor/symfony/mailer/Transport/Smtp/EsmtpTransport.php(177): Symfony\\Component\\Mailer\\Transport\\Smtp\\EsmtpTransport->handleAuth(Array)
#1 /Users/elijahisrael/Desktop/Projects/chil/LARAVELBACKENDCHIL/vendor/symfony/mailer/Transport/Smtp/EsmtpTransport.php(134): Symfony\\Component\\Mailer\\Transport\\Smtp\\EsmtpTransport->doEhloCommand()
#2 /Users/elijahisrael/Desktop/Projects/chil/LARAVELBACKENDCHIL/vendor/symfony/mailer/Transport/Smtp/SmtpTransport.php(255): Symfony\\Component\\Mailer\\Transport\\Smtp\\EsmtpTransport->executeCommand('HELO [127.0.0.1...', Array)
#3 /Users/elijahisrael/Desktop/Projects/chil/LARAVELBACKENDCHIL/vendor/symfony/mailer/Transport/Smtp/SmtpTransport.php(281): Symfony\\Component\\Mailer\\Transport\\Smtp\\SmtpTransport->doHeloCommand()
#4 /Users/elijahisrael/Desktop/Projects/chil/LARAVELBACKENDCHIL/vendor/symfony/mailer/Transport/Smtp/SmtpTransport.php(211): Symfony\\Component\\Mailer\\Transport\\Smtp\\SmtpTransport->start()
#5 /Users/elijahisrael/Desktop/Projects/chil/LARAVELBACKENDCHIL/vendor/symfony/mailer/Transport/AbstractTransport.php(69): Symfony\\Component\\Mailer\\Transport\\Smtp\\SmtpTransport->doSend(Object(Symfony\\Component\\Mailer\\SentMessage))
#6 /Users/elijahisrael/Desktop/Projects/chil/LARAVELBACKENDCHIL/vendor/symfony/mailer/Transport/Smtp/SmtpTransport.php(138): Symfony\\Component\\Mailer\\Transport\\AbstractTransport->send(Object(Symfony\\Component\\Mime\\Email), Object(Symfony\\Component\\Mailer\\DelayedEnvelope))
#7 /Users/elijahisrael/Desktop/Projects/chil/LARAVELBACKENDCHIL/vendor/laravel/framework/src/Illuminate/Mail/Mailer.php(585): Symfony\\Component\\Mailer\\Transport\\Smtp\\SmtpTransport->send(Object(Symfony\\Component\\Mime\\Email), Object(Symfony\\Component\\Mailer\\DelayedEnvelope))
#8 /Users/elijahisrael/Desktop/Projects/chil/LARAVELBACKENDCHIL/vendor/laravel/framework/src/Illuminate/Mail/Mailer.php(332): Illuminate\\Mail\\Mailer->sendSymfonyMessage(Object(Symfony\\Component\\Mime\\Email))
#9 /Users/elijahisrael/Desktop/Projects/chil/LARAVELBACKENDCHIL/vendor/laravel/framework/src/Illuminate/Mail/Mailable.php(206): Illuminate\\Mail\\Mailer->send('emails.otp', Array, Object(Closure))
#10 /Users/elijahisrael/Desktop/Projects/chil/LARAVELBACKENDCHIL/vendor/laravel/framework/src/Illuminate/Support/Traits/Localizable.php(19): Illuminate\\Mail\\Mailable->{closure:Illuminate\\Mail\\Mailable::send():199}()
#11 /Users/elijahisrael/Desktop/Projects/chil/LARAVELBACKENDCHIL/vendor/laravel/framework/src/Illuminate/Mail/Mailable.php(199): Illuminate\\Mail\\Mailable->withLocale(NULL, Object(Closure))
#12 /Users/elijahisrael/Desktop/Projects/chil/LARAVELBACKENDCHIL/vendor/laravel/framework/src/Illuminate/Mail/Mailer.php(354): Illuminate\\Mail\\Mailable->send(Object(Illuminate\\Mail\\Mailer))
#13 /Users/elijahisrael/Desktop/Projects/chil/LARAVELBACKENDCHIL/vendor/laravel/framework/src/Illuminate/Mail/Mailer.php(301): Illuminate\\Mail\\Mailer->sendMailable(Object(App\\Mail\\SchoolOtpMail))
#14 /Users/elijahisrael/Desktop/Projects/chil/LARAVELBACKENDCHIL/vendor/laravel/framework/src/Illuminate/Mail/PendingMail.php(124): Illuminate\\Mail\\Mailer->send(Object(App\\Mail\\SchoolOtpMail))
#15 /Users/elijahisrael/Desktop/Projects/chil/LARAVELBACKENDCHIL/routes/web.php(72): Illuminate\\Mail\\PendingMail->send(Object(App\\Mail\\SchoolOtpMail))
#16 /Users/elijahisrael/Desktop/Projects/chil/LARAVELBACKENDCHIL/vendor/laravel/framework/src/Illuminate/Routing/CallableDispatcher.php(40): Illuminate\\Routing\\RouteFileRegistrar->{closure:/Users/elijahisrael/Desktop/Projects/chil/LARAVELBACKENDCHIL/routes/web.php:71}()
#17 /Users/elijahisrael/Desktop/Projects/chil/LARAVELBACKENDCHIL/vendor/laravel/framework/src/Illuminate/Routing/Route.php(244): Illuminate\\Routing\\CallableDispatcher->dispatch(Object(Illuminate\\Routing\\Route), Object(Closure))
#18 /Users/elijahisrael/Desktop/Projects/chil/LARAVELBACKENDCHIL/vendor/laravel/framework/src/Illuminate/Routing/Route.php(215): Illuminate\\Routing\\Route->runCallable()
#19 /Users/elijahisrael/Desktop/Projects/chil/LARAVELBACKENDCHIL/vendor/laravel/framework/src/Illuminate/Routing/Router.php(808): Illuminate\\Routing\\Route->run()
#20 /Users/elijahisrael/Desktop/Projects/chil/LARAVELBACKENDCHIL/vendor/laravel/framework/src/Illuminate/Pipeline/Pipeline.php(170): Illuminate\\Routing\\Router->{closure:Illuminate\\Routing\\Router::runRouteWithinStack():807}(Object(Illuminate\\Http\\Request))
#21 /Users/elijahisrael/Desktop/Projects/chil/LARAVELBACKENDCHIL/vendor/laravel/framework/src/Illuminate/Routing/Middleware/SubstituteBindings.php(51): Illuminate\\Pipeline\\Pipeline->{closure:Illuminate\\Pipeline\\Pipeline::prepareDestination():168}(Object(Illuminate\\Http\\Request))
#22 /Users/elijahisrael/Desktop/Projects/chil/LARAVELBACKENDCHIL/vendor/laravel/framework/src/Illuminate/Pipeline/Pipeline.php(209): Illuminate\\Routing\\Middleware\\SubstituteBindings->handle(Object(Illuminate\\Http\\Request), Object(Closure))
#23 /Users/elijahisrael/Desktop/Projects/chil/LARAVELBACKENDCHIL/vendor/laravel/framework/src/Illuminate/Foundation/Http/Middleware/VerifyCsrfToken.php(88): Illuminate\\Pipeline\\Pipeline->{closure:{closure:Illuminate\\Pipeline\\Pipeline::carry():184}:185}(Object(Illuminate\\Http\\Request))
#24 /Users/elijahisrael/Desktop/Projects/chil/LARAVELBACKENDCHIL/vendor/laravel/framework/src/Illuminate/Pipeline/Pipeline.php(209): Illuminate\\Foundation\\Http\\Middleware\\VerifyCsrfToken->handle(Object(Illuminate\\Http\\Request), Object(Closure))
#25 /Users/elijahisrael/Desktop/Projects/chil/LARAVELBACKENDCHIL/vendor/laravel/framework/src/Illuminate/View/Middleware/ShareErrorsFromSession.php(49): Illuminate\\Pipeline\\Pipeline->{closure:{closure:Illuminate\\Pipeline\\Pipeline::carry():184}:185}(Object(Illuminate\\Http\\Request))
#26 /Users/elijahisrael/Desktop/Projects/chil/LARAVELBACKENDCHIL/vendor/laravel/framework/src/Illuminate/Pipeline/Pipeline.php(209): Illuminate\\View\\Middleware\\ShareErrorsFromSession->handle(Object(Illuminate\\Http\\Request), Object(Closure))
#27 /Users/elijahisrael/Desktop/Projects/chil/LARAVELBACKENDCHIL/vendor/laravel/framework/src/Illuminate/Session/Middleware/StartSession.php(121): Illuminate\\Pipeline\\Pipeline->{closure:{closure:Illuminate\\Pipeline\\Pipeline::carry():184}:185}(Object(Illuminate\\Http\\Request))
#28 /Users/elijahisrael/Desktop/Projects/chil/LARAVELBACKENDCHIL/vendor/laravel/framework/src/Illuminate/Session/Middleware/StartSession.php(64): Illuminate\\Session\\Middleware\\StartSession->handleStatefulRequest(Object(Illuminate\\Http\\Request), Object(Illuminate\\Session\\Store), Object(Closure))
#29 /Users/elijahisrael/Desktop/Projects/chil/LARAVELBACKENDCHIL/vendor/laravel/framework/src/Illuminate/Pipeline/Pipeline.php(209): Illuminate\\Session\\Middleware\\StartSession->handle(Object(Illuminate\\Http\\Request), Object(Closure))
#30 /Users/elijahisrael/Desktop/Projects/chil/LARAVELBACKENDCHIL/vendor/laravel/framework/src/Illuminate/Cookie/Middleware/AddQueuedCookiesToResponse.php(37): Illuminate\\Pipeline\\Pipeline->{closure:{closure:Illuminate\\Pipeline\\Pipeline::carry():184}:185}(Object(Illuminate\\Http\\Request))
#31 /Users/elijahisrael/Desktop/Projects/chil/LARAVELBACKENDCHIL/vendor/laravel/framework/src/Illuminate/Pipeline/Pipeline.php(209): Illuminate\\Cookie\\Middleware\\AddQueuedCookiesToResponse->handle(Object(Illuminate\\Http\\Request), Object(Closure))
#32 /Users/elijahisrael/Desktop/Projects/chil/LARAVELBACKENDCHIL/vendor/laravel/framework/src/Illuminate/Cookie/Middleware/EncryptCookies.php(75): Illuminate\\Pipeline\\Pipeline->{closure:{closure:Illuminate\\Pipeline\\Pipeline::carry():184}:185}(Object(Illuminate\\Http\\Request))
#33 /Users/elijahisrael/Desktop/Projects/chil/LARAVELBACKENDCHIL/vendor/laravel/framework/src/Illuminate/Pipeline/Pipeline.php(209): Illuminate\\Cookie\\Middleware\\EncryptCookies->handle(Object(Illuminate\\Http\\Request), Object(Closure))
#34 /Users/elijahisrael/Desktop/Projects/chil/LARAVELBACKENDCHIL/vendor/laravel/framework/src/Illuminate/Pipeline/Pipeline.php(127): Illuminate\\Pipeline\\Pipeline->{closure:{closure:Illuminate\\Pipeline\\Pipeline::carry():184}:185}(Object(Illuminate\\Http\\Request))
#35 /Users/elijahisrael/Desktop/Projects/chil/LARAVELBACKENDCHIL/vendor/laravel/framework/src/Illuminate/Routing/Router.php(807): Illuminate\\Pipeline\\Pipeline->then(Object(Closure))
#36 /Users/elijahisrael/Desktop/Projects/chil/LARAVELBACKENDCHIL/vendor/laravel/framework/src/Illuminate/Routing/Router.php(786): Illuminate\\Routing\\Router->runRouteWithinStack(Object(Illuminate\\Routing\\Route), Object(Illuminate\\Http\\Request))
#37 /Users/elijahisrael/Desktop/Projects/chil/LARAVELBACKENDCHIL/vendor/laravel/framework/src/Illuminate/Routing/Router.php(750): Illuminate\\Routing\\Router->runRoute(Object(Illuminate\\Http\\Request), Object(Illuminate\\Routing\\Route))
#38 /Users/elijahisrael/Desktop/Projects/chil/LARAVELBACKENDCHIL/vendor/laravel/framework/src/Illuminate/Routing/Router.php(739): Illuminate\\Routing\\Router->dispatchToRoute(Object(Illuminate\\Http\\Request))
#39 /Users/elijahisrael/Desktop/Projects/chil/LARAVELBACKENDCHIL/vendor/laravel/framework/src/Illuminate/Foundation/Http/Kernel.php(201): Illuminate\\Routing\\Router->dispatch(Object(Illuminate\\Http\\Request))
#40 /Users/elijahisrael/Desktop/Projects/chil/LARAVELBACKENDCHIL/vendor/laravel/framework/src/Illuminate/Pipeline/Pipeline.php(170): Illuminate\\Foundation\\Http\\Kernel->{closure:Illuminate\\Foundation\\Http\\Kernel::dispatchToRouter():198}(Object(Illuminate\\Http\\Request))
#41 /Users/elijahisrael/Desktop/Projects/chil/LARAVELBACKENDCHIL/vendor/livewire/livewire/src/Features/SupportDisablingBackButtonCache/DisableBackButtonCacheMiddleware.php(19): Illuminate\\Pipeline\\Pipeline->{closure:Illuminate\\Pipeline\\Pipeline::prepareDestination():168}(Object(Illuminate\\Http\\Request))
#42 /Users/elijahisrael/Desktop/Projects/chil/LARAVELBACKENDCHIL/vendor/laravel/framework/src/Illuminate/Pipeline/Pipeline.php(209): Livewire\\Features\\SupportDisablingBackButtonCache\\DisableBackButtonCacheMiddleware->handle(Object(Illuminate\\Http\\Request), Object(Closure))
#43 /Users/elijahisrael/Desktop/Projects/chil/LARAVELBACKENDCHIL/app/Http/Middleware/Cors.php(31): Illuminate\\Pipeline\\Pipeline->{closure:{closure:Illuminate\\Pipeline\\Pipeline::carry():184}:185}(Object(Illuminate\\Http\\Request))
#44 /Users/elijahisrael/Desktop/Projects/chil/LARAVELBACKENDCHIL/vendor/laravel/framework/src/Illuminate/Pipeline/Pipeline.php(209): App\\Http\\Middleware\\Cors->handle(Object(Illuminate\\Http\\Request), Object(Closure))
#45 /Users/elijahisrael/Desktop/Projects/chil/LARAVELBACKENDCHIL/vendor/laravel/framework/src/Illuminate/Http/Middleware/TrustProxies.php(58): Illuminate\\Pipeline\\Pipeline->{closure:{closure:Illuminate\\Pipeline\\Pipeline::carry():184}:185}(Object(Illuminate\\Http\\Request))
#46 /Users/elijahisrael/Desktop/Projects/chil/LARAVELBACKENDCHIL/vendor/laravel/framework/src/Illuminate/Pipeline/Pipeline.php(209): Illuminate\\Http\\Middleware\\TrustProxies->handle(Object(Illuminate\\Http\\Request), Object(Closure))
#47 /Users/elijahisrael/Desktop/Projects/chil/LARAVELBACKENDCHIL/vendor/laravel/framework/src/Illuminate/Foundation/Http/Middleware/TransformsRequest.php(21): Illuminate\\Pipeline\\Pipeline->{closure:{closure:Illuminate\\Pipeline\\Pipeline::carry():184}:185}(Object(Illuminate\\Http\\Request))
#48 /Users/elijahisrael/Desktop/Projects/chil/LARAVELBACKENDCHIL/vendor/laravel/framework/src/Illuminate/Foundation/Http/Middleware/ConvertEmptyStringsToNull.php(31): Illuminate\\Foundation\\Http\\Middleware\\TransformsRequest->handle(Object(Illuminate\\Http\\Request), Object(Closure))
#49 /Users/elijahisrael/Desktop/Projects/chil/LARAVELBACKENDCHIL/vendor/laravel/framework/src/Illuminate/Pipeline/Pipeline.php(209): Illuminate\\Foundation\\Http\\Middleware\\ConvertEmptyStringsToNull->handle(Object(Illuminate\\Http\\Request), Object(Closure))
#50 /Users/elijahisrael/Desktop/Projects/chil/LARAVELBACKENDCHIL/vendor/laravel/framework/src/Illuminate/Foundation/Http/Middleware/TransformsRequest.php(21): Illuminate\\Pipeline\\Pipeline->{closure:{closure:Illuminate\\Pipeline\\Pipeline::carry():184}:185}(Object(Illuminate\\Http\\Request))
#51 /Users/elijahisrael/Desktop/Projects/chil/LARAVELBACKENDCHIL/vendor/laravel/framework/src/Illuminate/Foundation/Http/Middleware/TrimStrings.php(51): Illuminate\\Foundation\\Http\\Middleware\\TransformsRequest->handle(Object(Illuminate\\Http\\Request), Object(Closure))
#52 /Users/elijahisrael/Desktop/Projects/chil/LARAVELBACKENDCHIL/vendor/laravel/framework/src/Illuminate/Pipeline/Pipeline.php(209): Illuminate\\Foundation\\Http\\Middleware\\TrimStrings->handle(Object(Illuminate\\Http\\Request), Object(Closure))
#53 /Users/elijahisrael/Desktop/Projects/chil/LARAVELBACKENDCHIL/vendor/laravel/framework/src/Illuminate/Http/Middleware/ValidatePostSize.php(27): Illuminate\\Pipeline\\Pipeline->{closure:{closure:Illuminate\\Pipeline\\Pipeline::carry():184}:185}(Object(Illuminate\\Http\\Request))
#54 /Users/elijahisrael/Desktop/Projects/chil/LARAVELBACKENDCHIL/vendor/laravel/framework/src/Illuminate/Pipeline/Pipeline.php(209): Illuminate\\Http\\Middleware\\ValidatePostSize->handle(Object(Illuminate\\Http\\Request), Object(Closure))
#55 /Users/elijahisrael/Desktop/Projects/chil/LARAVELBACKENDCHIL/vendor/laravel/framework/src/Illuminate/Foundation/Http/Middleware/PreventRequestsDuringMaintenance.php(110): Illuminate\\Pipeline\\Pipeline->{closure:{closure:Illuminate\\Pipeline\\Pipeline::carry():184}:185}(Object(Illuminate\\Http\\Request))
#56 /Users/elijahisrael/Desktop/Projects/chil/LARAVELBACKENDCHIL/vendor/laravel/framework/src/Illuminate/Pipeline/Pipeline.php(209): Illuminate\\Foundation\\Http\\Middleware\\PreventRequestsDuringMaintenance->handle(Object(Illuminate\\Http\\Request), Object(Closure))
#57 /Users/elijahisrael/Desktop/Projects/chil/LARAVELBACKENDCHIL/vendor/laravel/framework/src/Illuminate/Pipeline/Pipeline.php(127): Illuminate\\Pipeline\\Pipeline->{closure:{closure:Illuminate\\Pipeline\\Pipeline::carry():184}:185}(Object(Illuminate\\Http\\Request))
#58 /Users/elijahisrael/Desktop/Projects/chil/LARAVELBACKENDCHIL/vendor/laravel/framework/src/Illuminate/Foundation/Http/Kernel.php(176): Illuminate\\Pipeline\\Pipeline->then(Object(Closure))
#59 /Users/elijahisrael/Desktop/Projects/chil/LARAVELBACKENDCHIL/vendor/laravel/framework/src/Illuminate/Foundation/Http/Kernel.php(145): Illuminate\\Foundation\\Http\\Kernel->sendRequestThroughRouter(Object(Illuminate\\Http\\Request))
#60 /Users/elijahisrael/Desktop/Projects/chil/LARAVELBACKENDCHIL/public/index.php(54): Illuminate\\Foundation\\Http\\Kernel->handle(Object(Illuminate\\Http\\Request))
#61 /Users/elijahisrael/Desktop/Projects/chil/LARAVELBACKENDCHIL/server.php(21): require_once('/Users/elijahis...')
#62 {main}
"} 
[2025-09-30 09:46:17] local.ERROR: Failed to authenticate on SMTP server with username "info@ketiai.com" using the following authenticators: "LOGIN", "PLAIN". Authenticator "LOGIN" returned "Expected response code "235" but got code "535", with message "535 5.7.8 Error: authentication failed: (reason unavailable)".". Authenticator "PLAIN" returned "Expected response code "235" but got code "535", with message "535 5.7.8 Error: authentication failed: (reason unavailable)".". {"exception":"[object] (Symfony\\Component\\Mailer\\Exception\\TransportException(code: 535): Failed to authenticate on SMTP server with username \"info@ketiai.com\" using the following authenticators: \"LOGIN\", \"PLAIN\". Authenticator \"LOGIN\" returned \"Expected response code \"235\" but got code \"535\", with message \"535 5.7.8 Error: authentication failed: (reason unavailable)\".\". Authenticator \"PLAIN\" returned \"Expected response code \"235\" but got code \"535\", with message \"535 5.7.8 Error: authentication failed: (reason unavailable)\".\". at /Users/elijahisrael/Desktop/Projects/chil/LARAVELBACKENDCHIL/vendor/symfony/mailer/Transport/Smtp/EsmtpTransport.php:247)
[stacktrace]
#0 /Users/elijahisrael/Desktop/Projects/chil/LARAVELBACKENDCHIL/vendor/symfony/mailer/Transport/Smtp/EsmtpTransport.php(177): Symfony\\Component\\Mailer\\Transport\\Smtp\\EsmtpTransport->handleAuth(Array)
#1 /Users/elijahisrael/Desktop/Projects/chil/LARAVELBACKENDCHIL/vendor/symfony/mailer/Transport/Smtp/EsmtpTransport.php(134): Symfony\\Component\\Mailer\\Transport\\Smtp\\EsmtpTransport->doEhloCommand()
#2 /Users/elijahisrael/Desktop/Projects/chil/LARAVELBACKENDCHIL/vendor/symfony/mailer/Transport/Smtp/SmtpTransport.php(255): Symfony\\Component\\Mailer\\Transport\\Smtp\\EsmtpTransport->executeCommand('HELO [127.0.0.1...', Array)
#3 /Users/elijahisrael/Desktop/Projects/chil/LARAVELBACKENDCHIL/vendor/symfony/mailer/Transport/Smtp/SmtpTransport.php(281): Symfony\\Component\\Mailer\\Transport\\Smtp\\SmtpTransport->doHeloCommand()
#4 /Users/elijahisrael/Desktop/Projects/chil/LARAVELBACKENDCHIL/vendor/symfony/mailer/Transport/Smtp/SmtpTransport.php(211): Symfony\\Component\\Mailer\\Transport\\Smtp\\SmtpTransport->start()
#5 /Users/elijahisrael/Desktop/Projects/chil/LARAVELBACKENDCHIL/vendor/symfony/mailer/Transport/AbstractTransport.php(69): Symfony\\Component\\Mailer\\Transport\\Smtp\\SmtpTransport->doSend(Object(Symfony\\Component\\Mailer\\SentMessage))
#6 /Users/elijahisrael/Desktop/Projects/chil/LARAVELBACKENDCHIL/vendor/symfony/mailer/Transport/Smtp/SmtpTransport.php(138): Symfony\\Component\\Mailer\\Transport\\AbstractTransport->send(Object(Symfony\\Component\\Mime\\Email), Object(Symfony\\Component\\Mailer\\DelayedEnvelope))
#7 /Users/elijahisrael/Desktop/Projects/chil/LARAVELBACKENDCHIL/vendor/laravel/framework/src/Illuminate/Mail/Mailer.php(585): Symfony\\Component\\Mailer\\Transport\\Smtp\\SmtpTransport->send(Object(Symfony\\Component\\Mime\\Email), Object(Symfony\\Component\\Mailer\\DelayedEnvelope))
#8 /Users/elijahisrael/Desktop/Projects/chil/LARAVELBACKENDCHIL/vendor/laravel/framework/src/Illuminate/Mail/Mailer.php(332): Illuminate\\Mail\\Mailer->sendSymfonyMessage(Object(Symfony\\Component\\Mime\\Email))
#9 /Users/elijahisrael/Desktop/Projects/chil/LARAVELBACKENDCHIL/vendor/laravel/framework/src/Illuminate/Mail/Mailable.php(206): Illuminate\\Mail\\Mailer->send('emails.otp', Array, Object(Closure))
#10 /Users/elijahisrael/Desktop/Projects/chil/LARAVELBACKENDCHIL/vendor/laravel/framework/src/Illuminate/Support/Traits/Localizable.php(19): Illuminate\\Mail\\Mailable->{closure:Illuminate\\Mail\\Mailable::send():199}()
#11 /Users/elijahisrael/Desktop/Projects/chil/LARAVELBACKENDCHIL/vendor/laravel/framework/src/Illuminate/Mail/Mailable.php(199): Illuminate\\Mail\\Mailable->withLocale(NULL, Object(Closure))
#12 /Users/elijahisrael/Desktop/Projects/chil/LARAVELBACKENDCHIL/vendor/laravel/framework/src/Illuminate/Mail/Mailer.php(354): Illuminate\\Mail\\Mailable->send(Object(Illuminate\\Mail\\Mailer))
#13 /Users/elijahisrael/Desktop/Projects/chil/LARAVELBACKENDCHIL/vendor/laravel/framework/src/Illuminate/Mail/Mailer.php(301): Illuminate\\Mail\\Mailer->sendMailable(Object(App\\Mail\\SchoolOtpMail))
#14 /Users/elijahisrael/Desktop/Projects/chil/LARAVELBACKENDCHIL/vendor/laravel/framework/src/Illuminate/Mail/PendingMail.php(124): Illuminate\\Mail\\Mailer->send(Object(App\\Mail\\SchoolOtpMail))
#15 /Users/elijahisrael/Desktop/Projects/chil/LARAVELBACKENDCHIL/routes/web.php(72): Illuminate\\Mail\\PendingMail->send(Object(App\\Mail\\SchoolOtpMail))
#16 /Users/elijahisrael/Desktop/Projects/chil/LARAVELBACKENDCHIL/vendor/laravel/framework/src/Illuminate/Routing/CallableDispatcher.php(40): Illuminate\\Routing\\RouteFileRegistrar->{closure:/Users/elijahisrael/Desktop/Projects/chil/LARAVELBACKENDCHIL/routes/web.php:71}()
#17 /Users/elijahisrael/Desktop/Projects/chil/LARAVELBACKENDCHIL/vendor/laravel/framework/src/Illuminate/Routing/Route.php(244): Illuminate\\Routing\\CallableDispatcher->dispatch(Object(Illuminate\\Routing\\Route), Object(Closure))
#18 /Users/elijahisrael/Desktop/Projects/chil/LARAVELBACKENDCHIL/vendor/laravel/framework/src/Illuminate/Routing/Route.php(215): Illuminate\\Routing\\Route->runCallable()
#19 /Users/elijahisrael/Desktop/Projects/chil/LARAVELBACKENDCHIL/vendor/laravel/framework/src/Illuminate/Routing/Router.php(808): Illuminate\\Routing\\Route->run()
#20 /Users/elijahisrael/Desktop/Projects/chil/LARAVELBACKENDCHIL/vendor/laravel/framework/src/Illuminate/Pipeline/Pipeline.php(170): Illuminate\\Routing\\Router->{closure:Illuminate\\Routing\\Router::runRouteWithinStack():807}(Object(Illuminate\\Http\\Request))
#21 /Users/elijahisrael/Desktop/Projects/chil/LARAVELBACKENDCHIL/vendor/laravel/framework/src/Illuminate/Routing/Middleware/SubstituteBindings.php(51): Illuminate\\Pipeline\\Pipeline->{closure:Illuminate\\Pipeline\\Pipeline::prepareDestination():168}(Object(Illuminate\\Http\\Request))
#22 /Users/elijahisrael/Desktop/Projects/chil/LARAVELBACKENDCHIL/vendor/laravel/framework/src/Illuminate/Pipeline/Pipeline.php(209): Illuminate\\Routing\\Middleware\\SubstituteBindings->handle(Object(Illuminate\\Http\\Request), Object(Closure))
#23 /Users/elijahisrael/Desktop/Projects/chil/LARAVELBACKENDCHIL/vendor/laravel/framework/src/Illuminate/Foundation/Http/Middleware/VerifyCsrfToken.php(88): Illuminate\\Pipeline\\Pipeline->{closure:{closure:Illuminate\\Pipeline\\Pipeline::carry():184}:185}(Object(Illuminate\\Http\\Request))
#24 /Users/elijahisrael/Desktop/Projects/chil/LARAVELBACKENDCHIL/vendor/laravel/framework/src/Illuminate/Pipeline/Pipeline.php(209): Illuminate\\Foundation\\Http\\Middleware\\VerifyCsrfToken->handle(Object(Illuminate\\Http\\Request), Object(Closure))
#25 /Users/elijahisrael/Desktop/Projects/chil/LARAVELBACKENDCHIL/vendor/laravel/framework/src/Illuminate/View/Middleware/ShareErrorsFromSession.php(49): Illuminate\\Pipeline\\Pipeline->{closure:{closure:Illuminate\\Pipeline\\Pipeline::carry():184}:185}(Object(Illuminate\\Http\\Request))
#26 /Users/elijahisrael/Desktop/Projects/chil/LARAVELBACKENDCHIL/vendor/laravel/framework/src/Illuminate/Pipeline/Pipeline.php(209): Illuminate\\View\\Middleware\\ShareErrorsFromSession->handle(Object(Illuminate\\Http\\Request), Object(Closure))
#27 /Users/elijahisrael/Desktop/Projects/chil/LARAVELBACKENDCHIL/vendor/laravel/framework/src/Illuminate/Session/Middleware/StartSession.php(121): Illuminate\\Pipeline\\Pipeline->{closure:{closure:Illuminate\\Pipeline\\Pipeline::carry():184}:185}(Object(Illuminate\\Http\\Request))
#28 /Users/elijahisrael/Desktop/Projects/chil/LARAVELBACKENDCHIL/vendor/laravel/framework/src/Illuminate/Session/Middleware/StartSession.php(64): Illuminate\\Session\\Middleware\\StartSession->handleStatefulRequest(Object(Illuminate\\Http\\Request), Object(Illuminate\\Session\\Store), Object(Closure))
#29 /Users/elijahisrael/Desktop/Projects/chil/LARAVELBACKENDCHIL/vendor/laravel/framework/src/Illuminate/Pipeline/Pipeline.php(209): Illuminate\\Session\\Middleware\\StartSession->handle(Object(Illuminate\\Http\\Request), Object(Closure))
#30 /Users/elijahisrael/Desktop/Projects/chil/LARAVELBACKENDCHIL/vendor/laravel/framework/src/Illuminate/Cookie/Middleware/AddQueuedCookiesToResponse.php(37): Illuminate\\Pipeline\\Pipeline->{closure:{closure:Illuminate\\Pipeline\\Pipeline::carry():184}:185}(Object(Illuminate\\Http\\Request))
#31 /Users/elijahisrael/Desktop/Projects/chil/LARAVELBACKENDCHIL/vendor/laravel/framework/src/Illuminate/Pipeline/Pipeline.php(209): Illuminate\\Cookie\\Middleware\\AddQueuedCookiesToResponse->handle(Object(Illuminate\\Http\\Request), Object(Closure))
#32 /Users/elijahisrael/Desktop/Projects/chil/LARAVELBACKENDCHIL/vendor/laravel/framework/src/Illuminate/Cookie/Middleware/EncryptCookies.php(75): Illuminate\\Pipeline\\Pipeline->{closure:{closure:Illuminate\\Pipeline\\Pipeline::carry():184}:185}(Object(Illuminate\\Http\\Request))
#33 /Users/elijahisrael/Desktop/Projects/chil/LARAVELBACKENDCHIL/vendor/laravel/framework/src/Illuminate/Pipeline/Pipeline.php(209): Illuminate\\Cookie\\Middleware\\EncryptCookies->handle(Object(Illuminate\\Http\\Request), Object(Closure))
#34 /Users/elijahisrael/Desktop/Projects/chil/LARAVELBACKENDCHIL/vendor/laravel/framework/src/Illuminate/Pipeline/Pipeline.php(127): Illuminate\\Pipeline\\Pipeline->{closure:{closure:Illuminate\\Pipeline\\Pipeline::carry():184}:185}(Object(Illuminate\\Http\\Request))
#35 /Users/elijahisrael/Desktop/Projects/chil/LARAVELBACKENDCHIL/vendor/laravel/framework/src/Illuminate/Routing/Router.php(807): Illuminate\\Pipeline\\Pipeline->then(Object(Closure))
#36 /Users/elijahisrael/Desktop/Projects/chil/LARAVELBACKENDCHIL/vendor/laravel/framework/src/Illuminate/Routing/Router.php(786): Illuminate\\Routing\\Router->runRouteWithinStack(Object(Illuminate\\Routing\\Route), Object(Illuminate\\Http\\Request))
#37 /Users/elijahisrael/Desktop/Projects/chil/LARAVELBACKENDCHIL/vendor/laravel/framework/src/Illuminate/Routing/Router.php(750): Illuminate\\Routing\\Router->runRoute(Object(Illuminate\\Http\\Request), Object(Illuminate\\Routing\\Route))
#38 /Users/elijahisrael/Desktop/Projects/chil/LARAVELBACKENDCHIL/vendor/laravel/framework/src/Illuminate/Routing/Router.php(739): Illuminate\\Routing\\Router->dispatchToRoute(Object(Illuminate\\Http\\Request))
#39 /Users/elijahisrael/Desktop/Projects/chil/LARAVELBACKENDCHIL/vendor/laravel/framework/src/Illuminate/Foundation/Http/Kernel.php(201): Illuminate\\Routing\\Router->dispatch(Object(Illuminate\\Http\\Request))
#40 /Users/elijahisrael/Desktop/Projects/chil/LARAVELBACKENDCHIL/vendor/laravel/framework/src/Illuminate/Pipeline/Pipeline.php(170): Illuminate\\Foundation\\Http\\Kernel->{closure:Illuminate\\Foundation\\Http\\Kernel::dispatchToRouter():198}(Object(Illuminate\\Http\\Request))
#41 /Users/elijahisrael/Desktop/Projects/chil/LARAVELBACKENDCHIL/vendor/livewire/livewire/src/Features/SupportDisablingBackButtonCache/DisableBackButtonCacheMiddleware.php(19): Illuminate\\Pipeline\\Pipeline->{closure:Illuminate\\Pipeline\\Pipeline::prepareDestination():168}(Object(Illuminate\\Http\\Request))
#42 /Users/elijahisrael/Desktop/Projects/chil/LARAVELBACKENDCHIL/vendor/laravel/framework/src/Illuminate/Pipeline/Pipeline.php(209): Livewire\\Features\\SupportDisablingBackButtonCache\\DisableBackButtonCacheMiddleware->handle(Object(Illuminate\\Http\\Request), Object(Closure))
#43 /Users/elijahisrael/Desktop/Projects/chil/LARAVELBACKENDCHIL/app/Http/Middleware/Cors.php(31): Illuminate\\Pipeline\\Pipeline->{closure:{closure:Illuminate\\Pipeline\\Pipeline::carry():184}:185}(Object(Illuminate\\Http\\Request))
#44 /Users/elijahisrael/Desktop/Projects/chil/LARAVELBACKENDCHIL/vendor/laravel/framework/src/Illuminate/Pipeline/Pipeline.php(209): App\\Http\\Middleware\\Cors->handle(Object(Illuminate\\Http\\Request), Object(Closure))
#45 /Users/elijahisrael/Desktop/Projects/chil/LARAVELBACKENDCHIL/vendor/laravel/framework/src/Illuminate/Http/Middleware/TrustProxies.php(58): Illuminate\\Pipeline\\Pipeline->{closure:{closure:Illuminate\\Pipeline\\Pipeline::carry():184}:185}(Object(Illuminate\\Http\\Request))
#46 /Users/elijahisrael/Desktop/Projects/chil/LARAVELBACKENDCHIL/vendor/laravel/framework/src/Illuminate/Pipeline/Pipeline.php(209): Illuminate\\Http\\Middleware\\TrustProxies->handle(Object(Illuminate\\Http\\Request), Object(Closure))
#47 /Users/elijahisrael/Desktop/Projects/chil/LARAVELBACKENDCHIL/vendor/laravel/framework/src/Illuminate/Foundation/Http/Middleware/TransformsRequest.php(21): Illuminate\\Pipeline\\Pipeline->{closure:{closure:Illuminate\\Pipeline\\Pipeline::carry():184}:185}(Object(Illuminate\\Http\\Request))
#48 /Users/elijahisrael/Desktop/Projects/chil/LARAVELBACKENDCHIL/vendor/laravel/framework/src/Illuminate/Foundation/Http/Middleware/ConvertEmptyStringsToNull.php(31): Illuminate\\Foundation\\Http\\Middleware\\TransformsRequest->handle(Object(Illuminate\\Http\\Request), Object(Closure))
#49 /Users/elijahisrael/Desktop/Projects/chil/LARAVELBACKENDCHIL/vendor/laravel/framework/src/Illuminate/Pipeline/Pipeline.php(209): Illuminate\\Foundation\\Http\\Middleware\\ConvertEmptyStringsToNull->handle(Object(Illuminate\\Http\\Request), Object(Closure))
#50 /Users/elijahisrael/Desktop/Projects/chil/LARAVELBACKENDCHIL/vendor/laravel/framework/src/Illuminate/Foundation/Http/Middleware/TransformsRequest.php(21): Illuminate\\Pipeline\\Pipeline->{closure:{closure:Illuminate\\Pipeline\\Pipeline::carry():184}:185}(Object(Illuminate\\Http\\Request))
#51 /Users/elijahisrael/Desktop/Projects/chil/LARAVELBACKENDCHIL/vendor/laravel/framework/src/Illuminate/Foundation/Http/Middleware/TrimStrings.php(51): Illuminate\\Foundation\\Http\\Middleware\\TransformsRequest->handle(Object(Illuminate\\Http\\Request), Object(Closure))
#52 /Users/elijahisrael/Desktop/Projects/chil/LARAVELBACKENDCHIL/vendor/laravel/framework/src/Illuminate/Pipeline/Pipeline.php(209): Illuminate\\Foundation\\Http\\Middleware\\TrimStrings->handle(Object(Illuminate\\Http\\Request), Object(Closure))
#53 /Users/elijahisrael/Desktop/Projects/chil/LARAVELBACKENDCHIL/vendor/laravel/framework/src/Illuminate/Http/Middleware/ValidatePostSize.php(27): Illuminate\\Pipeline\\Pipeline->{closure:{closure:Illuminate\\Pipeline\\Pipeline::carry():184}:185}(Object(Illuminate\\Http\\Request))
#54 /Users/elijahisrael/Desktop/Projects/chil/LARAVELBACKENDCHIL/vendor/laravel/framework/src/Illuminate/Pipeline/Pipeline.php(209): Illuminate\\Http\\Middleware\\ValidatePostSize->handle(Object(Illuminate\\Http\\Request), Object(Closure))
#55 /Users/elijahisrael/Desktop/Projects/chil/LARAVELBACKENDCHIL/vendor/laravel/framework/src/Illuminate/Foundation/Http/Middleware/PreventRequestsDuringMaintenance.php(110): Illuminate\\Pipeline\\Pipeline->{closure:{closure:Illuminate\\Pipeline\\Pipeline::carry():184}:185}(Object(Illuminate\\Http\\Request))
#56 /Users/elijahisrael/Desktop/Projects/chil/LARAVELBACKENDCHIL/vendor/laravel/framework/src/Illuminate/Pipeline/Pipeline.php(209): Illuminate\\Foundation\\Http\\Middleware\\PreventRequestsDuringMaintenance->handle(Object(Illuminate\\Http\\Request), Object(Closure))
#57 /Users/elijahisrael/Desktop/Projects/chil/LARAVELBACKENDCHIL/vendor/laravel/framework/src/Illuminate/Pipeline/Pipeline.php(127): Illuminate\\Pipeline\\Pipeline->{closure:{closure:Illuminate\\Pipeline\\Pipeline::carry():184}:185}(Object(Illuminate\\Http\\Request))
#58 /Users/elijahisrael/Desktop/Projects/chil/LARAVELBACKENDCHIL/vendor/laravel/framework/src/Illuminate/Foundation/Http/Kernel.php(176): Illuminate\\Pipeline\\Pipeline->then(Object(Closure))
#59 /Users/elijahisrael/Desktop/Projects/chil/LARAVELBACKENDCHIL/vendor/laravel/framework/src/Illuminate/Foundation/Http/Kernel.php(145): Illuminate\\Foundation\\Http\\Kernel->sendRequestThroughRouter(Object(Illuminate\\Http\\Request))
#60 /Users/elijahisrael/Desktop/Projects/chil/LARAVELBACKENDCHIL/public/index.php(54): Illuminate\\Foundation\\Http\\Kernel->handle(Object(Illuminate\\Http\\Request))
#61 /Users/elijahisrael/Desktop/Projects/chil/LARAVELBACKENDCHIL/server.php(21): require_once('/Users/elijahis...')
#62 {main}
"} 
[2025-09-30 10:16:19] local.ERROR: Failed to authenticate on SMTP server with username "info@ketiai.com" using the following authenticators: "LOGIN", "PLAIN". Authenticator "LOGIN" returned "Expected response code "235" but got code "535", with message "535 5.7.8 Error: authentication failed: (reason unavailable)".". Authenticator "PLAIN" returned "Expected response code "235" but got code "535", with message "535 5.7.8 Error: authentication failed: (reason unavailable)".". {"exception":"[object] (Symfony\\Component\\Mailer\\Exception\\TransportException(code: 535): Failed to authenticate on SMTP server with username \"info@ketiai.com\" using the following authenticators: \"LOGIN\", \"PLAIN\". Authenticator \"LOGIN\" returned \"Expected response code \"235\" but got code \"535\", with message \"535 5.7.8 Error: authentication failed: (reason unavailable)\".\". Authenticator \"PLAIN\" returned \"Expected response code \"235\" but got code \"535\", with message \"535 5.7.8 Error: authentication failed: (reason unavailable)\".\". at /Users/elijahisrael/Desktop/Projects/chil/LARAVELBACKENDCHIL/vendor/symfony/mailer/Transport/Smtp/EsmtpTransport.php:247)
[stacktrace]
#0 /Users/elijahisrael/Desktop/Projects/chil/LARAVELBACKENDCHIL/vendor/symfony/mailer/Transport/Smtp/EsmtpTransport.php(177): Symfony\\Component\\Mailer\\Transport\\Smtp\\EsmtpTransport->handleAuth(Array)
#1 /Users/elijahisrael/Desktop/Projects/chil/LARAVELBACKENDCHIL/vendor/symfony/mailer/Transport/Smtp/EsmtpTransport.php(134): Symfony\\Component\\Mailer\\Transport\\Smtp\\EsmtpTransport->doEhloCommand()
#2 /Users/elijahisrael/Desktop/Projects/chil/LARAVELBACKENDCHIL/vendor/symfony/mailer/Transport/Smtp/SmtpTransport.php(255): Symfony\\Component\\Mailer\\Transport\\Smtp\\EsmtpTransport->executeCommand('HELO [127.0.0.1...', Array)
#3 /Users/elijahisrael/Desktop/Projects/chil/LARAVELBACKENDCHIL/vendor/symfony/mailer/Transport/Smtp/SmtpTransport.php(281): Symfony\\Component\\Mailer\\Transport\\Smtp\\SmtpTransport->doHeloCommand()
#4 /Users/elijahisrael/Desktop/Projects/chil/LARAVELBACKENDCHIL/vendor/symfony/mailer/Transport/Smtp/SmtpTransport.php(211): Symfony\\Component\\Mailer\\Transport\\Smtp\\SmtpTransport->start()
#5 /Users/elijahisrael/Desktop/Projects/chil/LARAVELBACKENDCHIL/vendor/symfony/mailer/Transport/AbstractTransport.php(69): Symfony\\Component\\Mailer\\Transport\\Smtp\\SmtpTransport->doSend(Object(Symfony\\Component\\Mailer\\SentMessage))
#6 /Users/elijahisrael/Desktop/Projects/chil/LARAVELBACKENDCHIL/vendor/symfony/mailer/Transport/Smtp/SmtpTransport.php(138): Symfony\\Component\\Mailer\\Transport\\AbstractTransport->send(Object(Symfony\\Component\\Mime\\Email), Object(Symfony\\Component\\Mailer\\DelayedEnvelope))
#7 /Users/elijahisrael/Desktop/Projects/chil/LARAVELBACKENDCHIL/vendor/laravel/framework/src/Illuminate/Mail/Mailer.php(585): Symfony\\Component\\Mailer\\Transport\\Smtp\\SmtpTransport->send(Object(Symfony\\Component\\Mime\\Email), Object(Symfony\\Component\\Mailer\\DelayedEnvelope))
#8 /Users/elijahisrael/Desktop/Projects/chil/LARAVELBACKENDCHIL/vendor/laravel/framework/src/Illuminate/Mail/Mailer.php(332): Illuminate\\Mail\\Mailer->sendSymfonyMessage(Object(Symfony\\Component\\Mime\\Email))
#9 /Users/elijahisrael/Desktop/Projects/chil/LARAVELBACKENDCHIL/vendor/laravel/framework/src/Illuminate/Mail/Mailable.php(206): Illuminate\\Mail\\Mailer->send('emails.otp', Array, Object(Closure))
#10 /Users/elijahisrael/Desktop/Projects/chil/LARAVELBACKENDCHIL/vendor/laravel/framework/src/Illuminate/Support/Traits/Localizable.php(19): Illuminate\\Mail\\Mailable->{closure:Illuminate\\Mail\\Mailable::send():199}()
#11 /Users/elijahisrael/Desktop/Projects/chil/LARAVELBACKENDCHIL/vendor/laravel/framework/src/Illuminate/Mail/Mailable.php(199): Illuminate\\Mail\\Mailable->withLocale(NULL, Object(Closure))
#12 /Users/elijahisrael/Desktop/Projects/chil/LARAVELBACKENDCHIL/vendor/laravel/framework/src/Illuminate/Mail/Mailer.php(354): Illuminate\\Mail\\Mailable->send(Object(Illuminate\\Mail\\Mailer))
#13 /Users/elijahisrael/Desktop/Projects/chil/LARAVELBACKENDCHIL/vendor/laravel/framework/src/Illuminate/Mail/Mailer.php(301): Illuminate\\Mail\\Mailer->sendMailable(Object(App\\Mail\\SchoolOtpMail))
#14 /Users/elijahisrael/Desktop/Projects/chil/LARAVELBACKENDCHIL/vendor/laravel/framework/src/Illuminate/Mail/PendingMail.php(124): Illuminate\\Mail\\Mailer->send(Object(App\\Mail\\SchoolOtpMail))
#15 /Users/elijahisrael/Desktop/Projects/chil/LARAVELBACKENDCHIL/routes/web.php(72): Illuminate\\Mail\\PendingMail->send(Object(App\\Mail\\SchoolOtpMail))
#16 /Users/elijahisrael/Desktop/Projects/chil/LARAVELBACKENDCHIL/vendor/laravel/framework/src/Illuminate/Routing/CallableDispatcher.php(40): Illuminate\\Routing\\RouteFileRegistrar->{closure:/Users/elijahisrael/Desktop/Projects/chil/LARAVELBACKENDCHIL/routes/web.php:71}()
#17 /Users/elijahisrael/Desktop/Projects/chil/LARAVELBACKENDCHIL/vendor/laravel/framework/src/Illuminate/Routing/Route.php(244): Illuminate\\Routing\\CallableDispatcher->dispatch(Object(Illuminate\\Routing\\Route), Object(Closure))
#18 /Users/elijahisrael/Desktop/Projects/chil/LARAVELBACKENDCHIL/vendor/laravel/framework/src/Illuminate/Routing/Route.php(215): Illuminate\\Routing\\Route->runCallable()
#19 /Users/elijahisrael/Desktop/Projects/chil/LARAVELBACKENDCHIL/vendor/laravel/framework/src/Illuminate/Routing/Router.php(808): Illuminate\\Routing\\Route->run()
#20 /Users/elijahisrael/Desktop/Projects/chil/LARAVELBACKENDCHIL/vendor/laravel/framework/src/Illuminate/Pipeline/Pipeline.php(170): Illuminate\\Routing\\Router->{closure:Illuminate\\Routing\\Router::runRouteWithinStack():807}(Object(Illuminate\\Http\\Request))
#21 /Users/elijahisrael/Desktop/Projects/chil/LARAVELBACKENDCHIL/vendor/laravel/framework/src/Illuminate/Routing/Middleware/SubstituteBindings.php(51): Illuminate\\Pipeline\\Pipeline->{closure:Illuminate\\Pipeline\\Pipeline::prepareDestination():168}(Object(Illuminate\\Http\\Request))
#22 /Users/elijahisrael/Desktop/Projects/chil/LARAVELBACKENDCHIL/vendor/laravel/framework/src/Illuminate/Pipeline/Pipeline.php(209): Illuminate\\Routing\\Middleware\\SubstituteBindings->handle(Object(Illuminate\\Http\\Request), Object(Closure))
#23 /Users/elijahisrael/Desktop/Projects/chil/LARAVELBACKENDCHIL/vendor/laravel/framework/src/Illuminate/Foundation/Http/Middleware/VerifyCsrfToken.php(88): Illuminate\\Pipeline\\Pipeline->{closure:{closure:Illuminate\\Pipeline\\Pipeline::carry():184}:185}(Object(Illuminate\\Http\\Request))
#24 /Users/elijahisrael/Desktop/Projects/chil/LARAVELBACKENDCHIL/vendor/laravel/framework/src/Illuminate/Pipeline/Pipeline.php(209): Illuminate\\Foundation\\Http\\Middleware\\VerifyCsrfToken->handle(Object(Illuminate\\Http\\Request), Object(Closure))
#25 /Users/elijahisrael/Desktop/Projects/chil/LARAVELBACKENDCHIL/vendor/laravel/framework/src/Illuminate/View/Middleware/ShareErrorsFromSession.php(49): Illuminate\\Pipeline\\Pipeline->{closure:{closure:Illuminate\\Pipeline\\Pipeline::carry():184}:185}(Object(Illuminate\\Http\\Request))
#26 /Users/elijahisrael/Desktop/Projects/chil/LARAVELBACKENDCHIL/vendor/laravel/framework/src/Illuminate/Pipeline/Pipeline.php(209): Illuminate\\View\\Middleware\\ShareErrorsFromSession->handle(Object(Illuminate\\Http\\Request), Object(Closure))
#27 /Users/elijahisrael/Desktop/Projects/chil/LARAVELBACKENDCHIL/vendor/laravel/framework/src/Illuminate/Session/Middleware/StartSession.php(121): Illuminate\\Pipeline\\Pipeline->{closure:{closure:Illuminate\\Pipeline\\Pipeline::carry():184}:185}(Object(Illuminate\\Http\\Request))
#28 /Users/elijahisrael/Desktop/Projects/chil/LARAVELBACKENDCHIL/vendor/laravel/framework/src/Illuminate/Session/Middleware/StartSession.php(64): Illuminate\\Session\\Middleware\\StartSession->handleStatefulRequest(Object(Illuminate\\Http\\Request), Object(Illuminate\\Session\\Store), Object(Closure))
#29 /Users/elijahisrael/Desktop/Projects/chil/LARAVELBACKENDCHIL/vendor/laravel/framework/src/Illuminate/Pipeline/Pipeline.php(209): Illuminate\\Session\\Middleware\\StartSession->handle(Object(Illuminate\\Http\\Request), Object(Closure))
#30 /Users/elijahisrael/Desktop/Projects/chil/LARAVELBACKENDCHIL/vendor/laravel/framework/src/Illuminate/Cookie/Middleware/AddQueuedCookiesToResponse.php(37): Illuminate\\Pipeline\\Pipeline->{closure:{closure:Illuminate\\Pipeline\\Pipeline::carry():184}:185}(Object(Illuminate\\Http\\Request))
#31 /Users/elijahisrael/Desktop/Projects/chil/LARAVELBACKENDCHIL/vendor/laravel/framework/src/Illuminate/Pipeline/Pipeline.php(209): Illuminate\\Cookie\\Middleware\\AddQueuedCookiesToResponse->handle(Object(Illuminate\\Http\\Request), Object(Closure))
#32 /Users/elijahisrael/Desktop/Projects/chil/LARAVELBACKENDCHIL/vendor/laravel/framework/src/Illuminate/Cookie/Middleware/EncryptCookies.php(75): Illuminate\\Pipeline\\Pipeline->{closure:{closure:Illuminate\\Pipeline\\Pipeline::carry():184}:185}(Object(Illuminate\\Http\\Request))
#33 /Users/elijahisrael/Desktop/Projects/chil/LARAVELBACKENDCHIL/vendor/laravel/framework/src/Illuminate/Pipeline/Pipeline.php(209): Illuminate\\Cookie\\Middleware\\EncryptCookies->handle(Object(Illuminate\\Http\\Request), Object(Closure))
#34 /Users/elijahisrael/Desktop/Projects/chil/LARAVELBACKENDCHIL/vendor/laravel/framework/src/Illuminate/Pipeline/Pipeline.php(127): Illuminate\\Pipeline\\Pipeline->{closure:{closure:Illuminate\\Pipeline\\Pipeline::carry():184}:185}(Object(Illuminate\\Http\\Request))
#35 /Users/elijahisrael/Desktop/Projects/chil/LARAVELBACKENDCHIL/vendor/laravel/framework/src/Illuminate/Routing/Router.php(807): Illuminate\\Pipeline\\Pipeline->then(Object(Closure))
#36 /Users/elijahisrael/Desktop/Projects/chil/LARAVELBACKENDCHIL/vendor/laravel/framework/src/Illuminate/Routing/Router.php(786): Illuminate\\Routing\\Router->runRouteWithinStack(Object(Illuminate\\Routing\\Route), Object(Illuminate\\Http\\Request))
#37 /Users/elijahisrael/Desktop/Projects/chil/LARAVELBACKENDCHIL/vendor/laravel/framework/src/Illuminate/Routing/Router.php(750): Illuminate\\Routing\\Router->runRoute(Object(Illuminate\\Http\\Request), Object(Illuminate\\Routing\\Route))
#38 /Users/elijahisrael/Desktop/Projects/chil/LARAVELBACKENDCHIL/vendor/laravel/framework/src/Illuminate/Routing/Router.php(739): Illuminate\\Routing\\Router->dispatchToRoute(Object(Illuminate\\Http\\Request))
#39 /Users/elijahisrael/Desktop/Projects/chil/LARAVELBACKENDCHIL/vendor/laravel/framework/src/Illuminate/Foundation/Http/Kernel.php(201): Illuminate\\Routing\\Router->dispatch(Object(Illuminate\\Http\\Request))
#40 /Users/elijahisrael/Desktop/Projects/chil/LARAVELBACKENDCHIL/vendor/laravel/framework/src/Illuminate/Pipeline/Pipeline.php(170): Illuminate\\Foundation\\Http\\Kernel->{closure:Illuminate\\Foundation\\Http\\Kernel::dispatchToRouter():198}(Object(Illuminate\\Http\\Request))
#41 /Users/elijahisrael/Desktop/Projects/chil/LARAVELBACKENDCHIL/vendor/livewire/livewire/src/Features/SupportDisablingBackButtonCache/DisableBackButtonCacheMiddleware.php(19): Illuminate\\Pipeline\\Pipeline->{closure:Illuminate\\Pipeline\\Pipeline::prepareDestination():168}(Object(Illuminate\\Http\\Request))
#42 /Users/elijahisrael/Desktop/Projects/chil/LARAVELBACKENDCHIL/vendor/laravel/framework/src/Illuminate/Pipeline/Pipeline.php(209): Livewire\\Features\\SupportDisablingBackButtonCache\\DisableBackButtonCacheMiddleware->handle(Object(Illuminate\\Http\\Request), Object(Closure))
#43 /Users/elijahisrael/Desktop/Projects/chil/LARAVELBACKENDCHIL/app/Http/Middleware/Cors.php(31): Illuminate\\Pipeline\\Pipeline->{closure:{closure:Illuminate\\Pipeline\\Pipeline::carry():184}:185}(Object(Illuminate\\Http\\Request))
#44 /Users/elijahisrael/Desktop/Projects/chil/LARAVELBACKENDCHIL/vendor/laravel/framework/src/Illuminate/Pipeline/Pipeline.php(209): App\\Http\\Middleware\\Cors->handle(Object(Illuminate\\Http\\Request), Object(Closure))
#45 /Users/elijahisrael/Desktop/Projects/chil/LARAVELBACKENDCHIL/vendor/laravel/framework/src/Illuminate/Http/Middleware/TrustProxies.php(58): Illuminate\\Pipeline\\Pipeline->{closure:{closure:Illuminate\\Pipeline\\Pipeline::carry():184}:185}(Object(Illuminate\\Http\\Request))
#46 /Users/elijahisrael/Desktop/Projects/chil/LARAVELBACKENDCHIL/vendor/laravel/framework/src/Illuminate/Pipeline/Pipeline.php(209): Illuminate\\Http\\Middleware\\TrustProxies->handle(Object(Illuminate\\Http\\Request), Object(Closure))
#47 /Users/elijahisrael/Desktop/Projects/chil/LARAVELBACKENDCHIL/vendor/laravel/framework/src/Illuminate/Foundation/Http/Middleware/TransformsRequest.php(21): Illuminate\\Pipeline\\Pipeline->{closure:{closure:Illuminate\\Pipeline\\Pipeline::carry():184}:185}(Object(Illuminate\\Http\\Request))
#48 /Users/elijahisrael/Desktop/Projects/chil/LARAVELBACKENDCHIL/vendor/laravel/framework/src/Illuminate/Foundation/Http/Middleware/ConvertEmptyStringsToNull.php(31): Illuminate\\Foundation\\Http\\Middleware\\TransformsRequest->handle(Object(Illuminate\\Http\\Request), Object(Closure))
#49 /Users/elijahisrael/Desktop/Projects/chil/LARAVELBACKENDCHIL/vendor/laravel/framework/src/Illuminate/Pipeline/Pipeline.php(209): Illuminate\\Foundation\\Http\\Middleware\\ConvertEmptyStringsToNull->handle(Object(Illuminate\\Http\\Request), Object(Closure))
#50 /Users/elijahisrael/Desktop/Projects/chil/LARAVELBACKENDCHIL/vendor/laravel/framework/src/Illuminate/Foundation/Http/Middleware/TransformsRequest.php(21): Illuminate\\Pipeline\\Pipeline->{closure:{closure:Illuminate\\Pipeline\\Pipeline::carry():184}:185}(Object(Illuminate\\Http\\Request))
#51 /Users/elijahisrael/Desktop/Projects/chil/LARAVELBACKENDCHIL/vendor/laravel/framework/src/Illuminate/Foundation/Http/Middleware/TrimStrings.php(51): Illuminate\\Foundation\\Http\\Middleware\\TransformsRequest->handle(Object(Illuminate\\Http\\Request), Object(Closure))
#52 /Users/elijahisrael/Desktop/Projects/chil/LARAVELBACKENDCHIL/vendor/laravel/framework/src/Illuminate/Pipeline/Pipeline.php(209): Illuminate\\Foundation\\Http\\Middleware\\TrimStrings->handle(Object(Illuminate\\Http\\Request), Object(Closure))
#53 /Users/elijahisrael/Desktop/Projects/chil/LARAVELBACKENDCHIL/vendor/laravel/framework/src/Illuminate/Http/Middleware/ValidatePostSize.php(27): Illuminate\\Pipeline\\Pipeline->{closure:{closure:Illuminate\\Pipeline\\Pipeline::carry():184}:185}(Object(Illuminate\\Http\\Request))
#54 /Users/elijahisrael/Desktop/Projects/chil/LARAVELBACKENDCHIL/vendor/laravel/framework/src/Illuminate/Pipeline/Pipeline.php(209): Illuminate\\Http\\Middleware\\ValidatePostSize->handle(Object(Illuminate\\Http\\Request), Object(Closure))
#55 /Users/elijahisrael/Desktop/Projects/chil/LARAVELBACKENDCHIL/vendor/laravel/framework/src/Illuminate/Foundation/Http/Middleware/PreventRequestsDuringMaintenance.php(110): Illuminate\\Pipeline\\Pipeline->{closure:{closure:Illuminate\\Pipeline\\Pipeline::carry():184}:185}(Object(Illuminate\\Http\\Request))
#56 /Users/elijahisrael/Desktop/Projects/chil/LARAVELBACKENDCHIL/vendor/laravel/framework/src/Illuminate/Pipeline/Pipeline.php(209): Illuminate\\Foundation\\Http\\Middleware\\PreventRequestsDuringMaintenance->handle(Object(Illuminate\\Http\\Request), Object(Closure))
#57 /Users/elijahisrael/Desktop/Projects/chil/LARAVELBACKENDCHIL/vendor/laravel/framework/src/Illuminate/Pipeline/Pipeline.php(127): Illuminate\\Pipeline\\Pipeline->{closure:{closure:Illuminate\\Pipeline\\Pipeline::carry():184}:185}(Object(Illuminate\\Http\\Request))
#58 /Users/elijahisrael/Desktop/Projects/chil/LARAVELBACKENDCHIL/vendor/laravel/framework/src/Illuminate/Foundation/Http/Kernel.php(176): Illuminate\\Pipeline\\Pipeline->then(Object(Closure))
#59 /Users/elijahisrael/Desktop/Projects/chil/LARAVELBACKENDCHIL/vendor/laravel/framework/src/Illuminate/Foundation/Http/Kernel.php(145): Illuminate\\Foundation\\Http\\Kernel->sendRequestThroughRouter(Object(Illuminate\\Http\\Request))
#60 /Users/elijahisrael/Desktop/Projects/chil/LARAVELBACKENDCHIL/public/index.php(54): Illuminate\\Foundation\\Http\\Kernel->handle(Object(Illuminate\\Http\\Request))
#61 /Users/elijahisrael/Desktop/Projects/chil/LARAVELBACKENDCHIL/server.php(21): require_once('/Users/elijahis...')
#62 {main}
"} 
[2025-09-30 10:32:24] local.ERROR: Failed to authenticate on SMTP server with username "info@ketiai.com" using the following authenticators: "LOGIN", "PLAIN". Authenticator "LOGIN" returned "Expected response code "235" but got code "535", with message "535 5.7.8 Error: authentication failed: (reason unavailable)".". Authenticator "PLAIN" returned "Expected response code "235" but got code "535", with message "535 5.7.8 Error: authentication failed: (reason unavailable)".". {"exception":"[object] (Symfony\\Component\\Mailer\\Exception\\TransportException(code: 535): Failed to authenticate on SMTP server with username \"info@ketiai.com\" using the following authenticators: \"LOGIN\", \"PLAIN\". Authenticator \"LOGIN\" returned \"Expected response code \"235\" but got code \"535\", with message \"535 5.7.8 Error: authentication failed: (reason unavailable)\".\". Authenticator \"PLAIN\" returned \"Expected response code \"235\" but got code \"535\", with message \"535 5.7.8 Error: authentication failed: (reason unavailable)\".\". at /Users/elijahisrael/Desktop/Projects/chil/LARAVELBACKENDCHIL/vendor/symfony/mailer/Transport/Smtp/EsmtpTransport.php:247)
[stacktrace]
#0 /Users/elijahisrael/Desktop/Projects/chil/LARAVELBACKENDCHIL/vendor/symfony/mailer/Transport/Smtp/EsmtpTransport.php(177): Symfony\\Component\\Mailer\\Transport\\Smtp\\EsmtpTransport->handleAuth(Array)
#1 /Users/elijahisrael/Desktop/Projects/chil/LARAVELBACKENDCHIL/vendor/symfony/mailer/Transport/Smtp/EsmtpTransport.php(134): Symfony\\Component\\Mailer\\Transport\\Smtp\\EsmtpTransport->doEhloCommand()
#2 /Users/elijahisrael/Desktop/Projects/chil/LARAVELBACKENDCHIL/vendor/symfony/mailer/Transport/Smtp/SmtpTransport.php(255): Symfony\\Component\\Mailer\\Transport\\Smtp\\EsmtpTransport->executeCommand('HELO [127.0.0.1...', Array)
#3 /Users/elijahisrael/Desktop/Projects/chil/LARAVELBACKENDCHIL/vendor/symfony/mailer/Transport/Smtp/SmtpTransport.php(281): Symfony\\Component\\Mailer\\Transport\\Smtp\\SmtpTransport->doHeloCommand()
#4 /Users/elijahisrael/Desktop/Projects/chil/LARAVELBACKENDCHIL/vendor/symfony/mailer/Transport/Smtp/SmtpTransport.php(211): Symfony\\Component\\Mailer\\Transport\\Smtp\\SmtpTransport->start()
#5 /Users/elijahisrael/Desktop/Projects/chil/LARAVELBACKENDCHIL/vendor/symfony/mailer/Transport/AbstractTransport.php(69): Symfony\\Component\\Mailer\\Transport\\Smtp\\SmtpTransport->doSend(Object(Symfony\\Component\\Mailer\\SentMessage))
#6 /Users/elijahisrael/Desktop/Projects/chil/LARAVELBACKENDCHIL/vendor/symfony/mailer/Transport/Smtp/SmtpTransport.php(138): Symfony\\Component\\Mailer\\Transport\\AbstractTransport->send(Object(Symfony\\Component\\Mime\\Email), Object(Symfony\\Component\\Mailer\\DelayedEnvelope))
#7 /Users/elijahisrael/Desktop/Projects/chil/LARAVELBACKENDCHIL/vendor/laravel/framework/src/Illuminate/Mail/Mailer.php(585): Symfony\\Component\\Mailer\\Transport\\Smtp\\SmtpTransport->send(Object(Symfony\\Component\\Mime\\Email), Object(Symfony\\Component\\Mailer\\DelayedEnvelope))
#8 /Users/elijahisrael/Desktop/Projects/chil/LARAVELBACKENDCHIL/vendor/laravel/framework/src/Illuminate/Mail/Mailer.php(332): Illuminate\\Mail\\Mailer->sendSymfonyMessage(Object(Symfony\\Component\\Mime\\Email))
#9 /Users/elijahisrael/Desktop/Projects/chil/LARAVELBACKENDCHIL/vendor/laravel/framework/src/Illuminate/Mail/Mailable.php(206): Illuminate\\Mail\\Mailer->send('emails.otp', Array, Object(Closure))
#10 /Users/elijahisrael/Desktop/Projects/chil/LARAVELBACKENDCHIL/vendor/laravel/framework/src/Illuminate/Support/Traits/Localizable.php(19): Illuminate\\Mail\\Mailable->{closure:Illuminate\\Mail\\Mailable::send():199}()
#11 /Users/elijahisrael/Desktop/Projects/chil/LARAVELBACKENDCHIL/vendor/laravel/framework/src/Illuminate/Mail/Mailable.php(199): Illuminate\\Mail\\Mailable->withLocale(NULL, Object(Closure))
#12 /Users/elijahisrael/Desktop/Projects/chil/LARAVELBACKENDCHIL/vendor/laravel/framework/src/Illuminate/Mail/Mailer.php(354): Illuminate\\Mail\\Mailable->send(Object(Illuminate\\Mail\\Mailer))
#13 /Users/elijahisrael/Desktop/Projects/chil/LARAVELBACKENDCHIL/vendor/laravel/framework/src/Illuminate/Mail/Mailer.php(301): Illuminate\\Mail\\Mailer->sendMailable(Object(App\\Mail\\SchoolOtpMail))
#14 /Users/elijahisrael/Desktop/Projects/chil/LARAVELBACKENDCHIL/vendor/laravel/framework/src/Illuminate/Mail/PendingMail.php(124): Illuminate\\Mail\\Mailer->send(Object(App\\Mail\\SchoolOtpMail))
#15 /Users/elijahisrael/Desktop/Projects/chil/LARAVELBACKENDCHIL/routes/web.php(72): Illuminate\\Mail\\PendingMail->send(Object(App\\Mail\\SchoolOtpMail))
#16 /Users/elijahisrael/Desktop/Projects/chil/LARAVELBACKENDCHIL/vendor/laravel/framework/src/Illuminate/Routing/CallableDispatcher.php(40): Illuminate\\Routing\\RouteFileRegistrar->{closure:/Users/elijahisrael/Desktop/Projects/chil/LARAVELBACKENDCHIL/routes/web.php:71}()
#17 /Users/elijahisrael/Desktop/Projects/chil/LARAVELBACKENDCHIL/vendor/laravel/framework/src/Illuminate/Routing/Route.php(244): Illuminate\\Routing\\CallableDispatcher->dispatch(Object(Illuminate\\Routing\\Route), Object(Closure))
#18 /Users/elijahisrael/Desktop/Projects/chil/LARAVELBACKENDCHIL/vendor/laravel/framework/src/Illuminate/Routing/Route.php(215): Illuminate\\Routing\\Route->runCallable()
#19 /Users/elijahisrael/Desktop/Projects/chil/LARAVELBACKENDCHIL/vendor/laravel/framework/src/Illuminate/Routing/Router.php(808): Illuminate\\Routing\\Route->run()
#20 /Users/elijahisrael/Desktop/Projects/chil/LARAVELBACKENDCHIL/vendor/laravel/framework/src/Illuminate/Pipeline/Pipeline.php(170): Illuminate\\Routing\\Router->{closure:Illuminate\\Routing\\Router::runRouteWithinStack():807}(Object(Illuminate\\Http\\Request))
#21 /Users/elijahisrael/Desktop/Projects/chil/LARAVELBACKENDCHIL/vendor/laravel/framework/src/Illuminate/Routing/Middleware/SubstituteBindings.php(51): Illuminate\\Pipeline\\Pipeline->{closure:Illuminate\\Pipeline\\Pipeline::prepareDestination():168}(Object(Illuminate\\Http\\Request))
#22 /Users/elijahisrael/Desktop/Projects/chil/LARAVELBACKENDCHIL/vendor/laravel/framework/src/Illuminate/Pipeline/Pipeline.php(209): Illuminate\\Routing\\Middleware\\SubstituteBindings->handle(Object(Illuminate\\Http\\Request), Object(Closure))
#23 /Users/elijahisrael/Desktop/Projects/chil/LARAVELBACKENDCHIL/vendor/laravel/framework/src/Illuminate/Foundation/Http/Middleware/VerifyCsrfToken.php(88): Illuminate\\Pipeline\\Pipeline->{closure:{closure:Illuminate\\Pipeline\\Pipeline::carry():184}:185}(Object(Illuminate\\Http\\Request))
#24 /Users/elijahisrael/Desktop/Projects/chil/LARAVELBACKENDCHIL/vendor/laravel/framework/src/Illuminate/Pipeline/Pipeline.php(209): Illuminate\\Foundation\\Http\\Middleware\\VerifyCsrfToken->handle(Object(Illuminate\\Http\\Request), Object(Closure))
#25 /Users/elijahisrael/Desktop/Projects/chil/LARAVELBACKENDCHIL/vendor/laravel/framework/src/Illuminate/View/Middleware/ShareErrorsFromSession.php(49): Illuminate\\Pipeline\\Pipeline->{closure:{closure:Illuminate\\Pipeline\\Pipeline::carry():184}:185}(Object(Illuminate\\Http\\Request))
#26 /Users/elijahisrael/Desktop/Projects/chil/LARAVELBACKENDCHIL/vendor/laravel/framework/src/Illuminate/Pipeline/Pipeline.php(209): Illuminate\\View\\Middleware\\ShareErrorsFromSession->handle(Object(Illuminate\\Http\\Request), Object(Closure))
#27 /Users/elijahisrael/Desktop/Projects/chil/LARAVELBACKENDCHIL/vendor/laravel/framework/src/Illuminate/Session/Middleware/StartSession.php(121): Illuminate\\Pipeline\\Pipeline->{closure:{closure:Illuminate\\Pipeline\\Pipeline::carry():184}:185}(Object(Illuminate\\Http\\Request))
#28 /Users/elijahisrael/Desktop/Projects/chil/LARAVELBACKENDCHIL/vendor/laravel/framework/src/Illuminate/Session/Middleware/StartSession.php(64): Illuminate\\Session\\Middleware\\StartSession->handleStatefulRequest(Object(Illuminate\\Http\\Request), Object(Illuminate\\Session\\Store), Object(Closure))
#29 /Users/elijahisrael/Desktop/Projects/chil/LARAVELBACKENDCHIL/vendor/laravel/framework/src/Illuminate/Pipeline/Pipeline.php(209): Illuminate\\Session\\Middleware\\StartSession->handle(Object(Illuminate\\Http\\Request), Object(Closure))
#30 /Users/elijahisrael/Desktop/Projects/chil/LARAVELBACKENDCHIL/vendor/laravel/framework/src/Illuminate/Cookie/Middleware/AddQueuedCookiesToResponse.php(37): Illuminate\\Pipeline\\Pipeline->{closure:{closure:Illuminate\\Pipeline\\Pipeline::carry():184}:185}(Object(Illuminate\\Http\\Request))
#31 /Users/elijahisrael/Desktop/Projects/chil/LARAVELBACKENDCHIL/vendor/laravel/framework/src/Illuminate/Pipeline/Pipeline.php(209): Illuminate\\Cookie\\Middleware\\AddQueuedCookiesToResponse->handle(Object(Illuminate\\Http\\Request), Object(Closure))
#32 /Users/elijahisrael/Desktop/Projects/chil/LARAVELBACKENDCHIL/vendor/laravel/framework/src/Illuminate/Cookie/Middleware/EncryptCookies.php(75): Illuminate\\Pipeline\\Pipeline->{closure:{closure:Illuminate\\Pipeline\\Pipeline::carry():184}:185}(Object(Illuminate\\Http\\Request))
#33 /Users/elijahisrael/Desktop/Projects/chil/LARAVELBACKENDCHIL/vendor/laravel/framework/src/Illuminate/Pipeline/Pipeline.php(209): Illuminate\\Cookie\\Middleware\\EncryptCookies->handle(Object(Illuminate\\Http\\Request), Object(Closure))
#34 /Users/elijahisrael/Desktop/Projects/chil/LARAVELBACKENDCHIL/vendor/laravel/framework/src/Illuminate/Pipeline/Pipeline.php(127): Illuminate\\Pipeline\\Pipeline->{closure:{closure:Illuminate\\Pipeline\\Pipeline::carry():184}:185}(Object(Illuminate\\Http\\Request))
#35 /Users/elijahisrael/Desktop/Projects/chil/LARAVELBACKENDCHIL/vendor/laravel/framework/src/Illuminate/Routing/Router.php(807): Illuminate\\Pipeline\\Pipeline->then(Object(Closure))
#36 /Users/elijahisrael/Desktop/Projects/chil/LARAVELBACKENDCHIL/vendor/laravel/framework/src/Illuminate/Routing/Router.php(786): Illuminate\\Routing\\Router->runRouteWithinStack(Object(Illuminate\\Routing\\Route), Object(Illuminate\\Http\\Request))
#37 /Users/elijahisrael/Desktop/Projects/chil/LARAVELBACKENDCHIL/vendor/laravel/framework/src/Illuminate/Routing/Router.php(750): Illuminate\\Routing\\Router->runRoute(Object(Illuminate\\Http\\Request), Object(Illuminate\\Routing\\Route))
#38 /Users/elijahisrael/Desktop/Projects/chil/LARAVELBACKENDCHIL/vendor/laravel/framework/src/Illuminate/Routing/Router.php(739): Illuminate\\Routing\\Router->dispatchToRoute(Object(Illuminate\\Http\\Request))
#39 /Users/elijahisrael/Desktop/Projects/chil/LARAVELBACKENDCHIL/vendor/laravel/framework/src/Illuminate/Foundation/Http/Kernel.php(201): Illuminate\\Routing\\Router->dispatch(Object(Illuminate\\Http\\Request))
#40 /Users/elijahisrael/Desktop/Projects/chil/LARAVELBACKENDCHIL/vendor/laravel/framework/src/Illuminate/Pipeline/Pipeline.php(170): Illuminate\\Foundation\\Http\\Kernel->{closure:Illuminate\\Foundation\\Http\\Kernel::dispatchToRouter():198}(Object(Illuminate\\Http\\Request))
#41 /Users/elijahisrael/Desktop/Projects/chil/LARAVELBACKENDCHIL/vendor/livewire/livewire/src/Features/SupportDisablingBackButtonCache/DisableBackButtonCacheMiddleware.php(19): Illuminate\\Pipeline\\Pipeline->{closure:Illuminate\\Pipeline\\Pipeline::prepareDestination():168}(Object(Illuminate\\Http\\Request))
#42 /Users/elijahisrael/Desktop/Projects/chil/LARAVELBACKENDCHIL/vendor/laravel/framework/src/Illuminate/Pipeline/Pipeline.php(209): Livewire\\Features\\SupportDisablingBackButtonCache\\DisableBackButtonCacheMiddleware->handle(Object(Illuminate\\Http\\Request), Object(Closure))
#43 /Users/elijahisrael/Desktop/Projects/chil/LARAVELBACKENDCHIL/app/Http/Middleware/Cors.php(31): Illuminate\\Pipeline\\Pipeline->{closure:{closure:Illuminate\\Pipeline\\Pipeline::carry():184}:185}(Object(Illuminate\\Http\\Request))
#44 /Users/elijahisrael/Desktop/Projects/chil/LARAVELBACKENDCHIL/vendor/laravel/framework/src/Illuminate/Pipeline/Pipeline.php(209): App\\Http\\Middleware\\Cors->handle(Object(Illuminate\\Http\\Request), Object(Closure))
#45 /Users/elijahisrael/Desktop/Projects/chil/LARAVELBACKENDCHIL/vendor/laravel/framework/src/Illuminate/Http/Middleware/TrustProxies.php(58): Illuminate\\Pipeline\\Pipeline->{closure:{closure:Illuminate\\Pipeline\\Pipeline::carry():184}:185}(Object(Illuminate\\Http\\Request))
#46 /Users/elijahisrael/Desktop/Projects/chil/LARAVELBACKENDCHIL/vendor/laravel/framework/src/Illuminate/Pipeline/Pipeline.php(209): Illuminate\\Http\\Middleware\\TrustProxies->handle(Object(Illuminate\\Http\\Request), Object(Closure))
#47 /Users/elijahisrael/Desktop/Projects/chil/LARAVELBACKENDCHIL/vendor/laravel/framework/src/Illuminate/Foundation/Http/Middleware/TransformsRequest.php(21): Illuminate\\Pipeline\\Pipeline->{closure:{closure:Illuminate\\Pipeline\\Pipeline::carry():184}:185}(Object(Illuminate\\Http\\Request))
#48 /Users/elijahisrael/Desktop/Projects/chil/LARAVELBACKENDCHIL/vendor/laravel/framework/src/Illuminate/Foundation/Http/Middleware/ConvertEmptyStringsToNull.php(31): Illuminate\\Foundation\\Http\\Middleware\\TransformsRequest->handle(Object(Illuminate\\Http\\Request), Object(Closure))
#49 /Users/elijahisrael/Desktop/Projects/chil/LARAVELBACKENDCHIL/vendor/laravel/framework/src/Illuminate/Pipeline/Pipeline.php(209): Illuminate\\Foundation\\Http\\Middleware\\ConvertEmptyStringsToNull->handle(Object(Illuminate\\Http\\Request), Object(Closure))
#50 /Users/elijahisrael/Desktop/Projects/chil/LARAVELBACKENDCHIL/vendor/laravel/framework/src/Illuminate/Foundation/Http/Middleware/TransformsRequest.php(21): Illuminate\\Pipeline\\Pipeline->{closure:{closure:Illuminate\\Pipeline\\Pipeline::carry():184}:185}(Object(Illuminate\\Http\\Request))
#51 /Users/elijahisrael/Desktop/Projects/chil/LARAVELBACKENDCHIL/vendor/laravel/framework/src/Illuminate/Foundation/Http/Middleware/TrimStrings.php(51): Illuminate\\Foundation\\Http\\Middleware\\TransformsRequest->handle(Object(Illuminate\\Http\\Request), Object(Closure))
#52 /Users/elijahisrael/Desktop/Projects/chil/LARAVELBACKENDCHIL/vendor/laravel/framework/src/Illuminate/Pipeline/Pipeline.php(209): Illuminate\\Foundation\\Http\\Middleware\\TrimStrings->handle(Object(Illuminate\\Http\\Request), Object(Closure))
#53 /Users/elijahisrael/Desktop/Projects/chil/LARAVELBACKENDCHIL/vendor/laravel/framework/src/Illuminate/Http/Middleware/ValidatePostSize.php(27): Illuminate\\Pipeline\\Pipeline->{closure:{closure:Illuminate\\Pipeline\\Pipeline::carry():184}:185}(Object(Illuminate\\Http\\Request))
#54 /Users/elijahisrael/Desktop/Projects/chil/LARAVELBACKENDCHIL/vendor/laravel/framework/src/Illuminate/Pipeline/Pipeline.php(209): Illuminate\\Http\\Middleware\\ValidatePostSize->handle(Object(Illuminate\\Http\\Request), Object(Closure))
#55 /Users/elijahisrael/Desktop/Projects/chil/LARAVELBACKENDCHIL/vendor/laravel/framework/src/Illuminate/Foundation/Http/Middleware/PreventRequestsDuringMaintenance.php(110): Illuminate\\Pipeline\\Pipeline->{closure:{closure:Illuminate\\Pipeline\\Pipeline::carry():184}:185}(Object(Illuminate\\Http\\Request))
#56 /Users/elijahisrael/Desktop/Projects/chil/LARAVELBACKENDCHIL/vendor/laravel/framework/src/Illuminate/Pipeline/Pipeline.php(209): Illuminate\\Foundation\\Http\\Middleware\\PreventRequestsDuringMaintenance->handle(Object(Illuminate\\Http\\Request), Object(Closure))
#57 /Users/elijahisrael/Desktop/Projects/chil/LARAVELBACKENDCHIL/vendor/laravel/framework/src/Illuminate/Pipeline/Pipeline.php(127): Illuminate\\Pipeline\\Pipeline->{closure:{closure:Illuminate\\Pipeline\\Pipeline::carry():184}:185}(Object(Illuminate\\Http\\Request))
#58 /Users/elijahisrael/Desktop/Projects/chil/LARAVELBACKENDCHIL/vendor/laravel/framework/src/Illuminate/Foundation/Http/Kernel.php(176): Illuminate\\Pipeline\\Pipeline->then(Object(Closure))
#59 /Users/elijahisrael/Desktop/Projects/chil/LARAVELBACKENDCHIL/vendor/laravel/framework/src/Illuminate/Foundation/Http/Kernel.php(145): Illuminate\\Foundation\\Http\\Kernel->sendRequestThroughRouter(Object(Illuminate\\Http\\Request))
#60 /Users/elijahisrael/Desktop/Projects/chil/LARAVELBACKENDCHIL/public/index.php(54): Illuminate\\Foundation\\Http\\Kernel->handle(Object(Illuminate\\Http\\Request))
#61 /Users/elijahisrael/Desktop/Projects/chil/LARAVELBACKENDCHIL/server.php(21): require_once('/Users/elijahis...')
#62 {main}
"} 
[2025-09-30 10:48:58] local.ERROR: Failed to authenticate on SMTP server with username "info@ketiai.com" using the following authenticators: "LOGIN", "PLAIN". Authenticator "LOGIN" returned "Expected response code "235" but got code "535", with message "535 5.7.8 Error: authentication failed: (reason unavailable)".". Authenticator "PLAIN" returned "Expected response code "235" but got code "535", with message "535 5.7.8 Error: authentication failed: (reason unavailable)".". {"exception":"[object] (Symfony\\Component\\Mailer\\Exception\\TransportException(code: 535): Failed to authenticate on SMTP server with username \"info@ketiai.com\" using the following authenticators: \"LOGIN\", \"PLAIN\". Authenticator \"LOGIN\" returned \"Expected response code \"235\" but got code \"535\", with message \"535 5.7.8 Error: authentication failed: (reason unavailable)\".\". Authenticator \"PLAIN\" returned \"Expected response code \"235\" but got code \"535\", with message \"535 5.7.8 Error: authentication failed: (reason unavailable)\".\". at /Users/elijahisrael/Desktop/Projects/chil/LARAVELBACKENDCHIL/vendor/symfony/mailer/Transport/Smtp/EsmtpTransport.php:247)
[stacktrace]
#0 /Users/elijahisrael/Desktop/Projects/chil/LARAVELBACKENDCHIL/vendor/symfony/mailer/Transport/Smtp/EsmtpTransport.php(177): Symfony\\Component\\Mailer\\Transport\\Smtp\\EsmtpTransport->handleAuth(Array)
#1 /Users/elijahisrael/Desktop/Projects/chil/LARAVELBACKENDCHIL/vendor/symfony/mailer/Transport/Smtp/EsmtpTransport.php(134): Symfony\\Component\\Mailer\\Transport\\Smtp\\EsmtpTransport->doEhloCommand()
#2 /Users/elijahisrael/Desktop/Projects/chil/LARAVELBACKENDCHIL/vendor/symfony/mailer/Transport/Smtp/SmtpTransport.php(255): Symfony\\Component\\Mailer\\Transport\\Smtp\\EsmtpTransport->executeCommand('HELO [127.0.0.1...', Array)
#3 /Users/elijahisrael/Desktop/Projects/chil/LARAVELBACKENDCHIL/vendor/symfony/mailer/Transport/Smtp/SmtpTransport.php(281): Symfony\\Component\\Mailer\\Transport\\Smtp\\SmtpTransport->doHeloCommand()
#4 /Users/elijahisrael/Desktop/Projects/chil/LARAVELBACKENDCHIL/vendor/symfony/mailer/Transport/Smtp/SmtpTransport.php(211): Symfony\\Component\\Mailer\\Transport\\Smtp\\SmtpTransport->start()
#5 /Users/elijahisrael/Desktop/Projects/chil/LARAVELBACKENDCHIL/vendor/symfony/mailer/Transport/AbstractTransport.php(69): Symfony\\Component\\Mailer\\Transport\\Smtp\\SmtpTransport->doSend(Object(Symfony\\Component\\Mailer\\SentMessage))
#6 /Users/elijahisrael/Desktop/Projects/chil/LARAVELBACKENDCHIL/vendor/symfony/mailer/Transport/Smtp/SmtpTransport.php(138): Symfony\\Component\\Mailer\\Transport\\AbstractTransport->send(Object(Symfony\\Component\\Mime\\Email), Object(Symfony\\Component\\Mailer\\DelayedEnvelope))
#7 /Users/elijahisrael/Desktop/Projects/chil/LARAVELBACKENDCHIL/vendor/laravel/framework/src/Illuminate/Mail/Mailer.php(585): Symfony\\Component\\Mailer\\Transport\\Smtp\\SmtpTransport->send(Object(Symfony\\Component\\Mime\\Email), Object(Symfony\\Component\\Mailer\\DelayedEnvelope))
#8 /Users/elijahisrael/Desktop/Projects/chil/LARAVELBACKENDCHIL/vendor/laravel/framework/src/Illuminate/Mail/Mailer.php(332): Illuminate\\Mail\\Mailer->sendSymfonyMessage(Object(Symfony\\Component\\Mime\\Email))
#9 /Users/elijahisrael/Desktop/Projects/chil/LARAVELBACKENDCHIL/vendor/laravel/framework/src/Illuminate/Mail/Mailable.php(206): Illuminate\\Mail\\Mailer->send('emails.otp', Array, Object(Closure))
#10 /Users/elijahisrael/Desktop/Projects/chil/LARAVELBACKENDCHIL/vendor/laravel/framework/src/Illuminate/Support/Traits/Localizable.php(19): Illuminate\\Mail\\Mailable->{closure:Illuminate\\Mail\\Mailable::send():199}()
#11 /Users/elijahisrael/Desktop/Projects/chil/LARAVELBACKENDCHIL/vendor/laravel/framework/src/Illuminate/Mail/Mailable.php(199): Illuminate\\Mail\\Mailable->withLocale(NULL, Object(Closure))
#12 /Users/elijahisrael/Desktop/Projects/chil/LARAVELBACKENDCHIL/vendor/laravel/framework/src/Illuminate/Mail/Mailer.php(354): Illuminate\\Mail\\Mailable->send(Object(Illuminate\\Mail\\Mailer))
#13 /Users/elijahisrael/Desktop/Projects/chil/LARAVELBACKENDCHIL/vendor/laravel/framework/src/Illuminate/Mail/Mailer.php(301): Illuminate\\Mail\\Mailer->sendMailable(Object(App\\Mail\\SchoolOtpMail))
#14 /Users/elijahisrael/Desktop/Projects/chil/LARAVELBACKENDCHIL/vendor/laravel/framework/src/Illuminate/Mail/PendingMail.php(124): Illuminate\\Mail\\Mailer->send(Object(App\\Mail\\SchoolOtpMail))
#15 /Users/elijahisrael/Desktop/Projects/chil/LARAVELBACKENDCHIL/routes/web.php(72): Illuminate\\Mail\\PendingMail->send(Object(App\\Mail\\SchoolOtpMail))
#16 /Users/elijahisrael/Desktop/Projects/chil/LARAVELBACKENDCHIL/vendor/laravel/framework/src/Illuminate/Routing/CallableDispatcher.php(40): Illuminate\\Routing\\RouteFileRegistrar->{closure:/Users/elijahisrael/Desktop/Projects/chil/LARAVELBACKENDCHIL/routes/web.php:71}()
#17 /Users/elijahisrael/Desktop/Projects/chil/LARAVELBACKENDCHIL/vendor/laravel/framework/src/Illuminate/Routing/Route.php(244): Illuminate\\Routing\\CallableDispatcher->dispatch(Object(Illuminate\\Routing\\Route), Object(Closure))
#18 /Users/elijahisrael/Desktop/Projects/chil/LARAVELBACKENDCHIL/vendor/laravel/framework/src/Illuminate/Routing/Route.php(215): Illuminate\\Routing\\Route->runCallable()
#19 /Users/elijahisrael/Desktop/Projects/chil/LARAVELBACKENDCHIL/vendor/laravel/framework/src/Illuminate/Routing/Router.php(808): Illuminate\\Routing\\Route->run()
#20 /Users/elijahisrael/Desktop/Projects/chil/LARAVELBACKENDCHIL/vendor/laravel/framework/src/Illuminate/Pipeline/Pipeline.php(170): Illuminate\\Routing\\Router->{closure:Illuminate\\Routing\\Router::runRouteWithinStack():807}(Object(Illuminate\\Http\\Request))
#21 /Users/elijahisrael/Desktop/Projects/chil/LARAVELBACKENDCHIL/vendor/laravel/framework/src/Illuminate/Routing/Middleware/SubstituteBindings.php(51): Illuminate\\Pipeline\\Pipeline->{closure:Illuminate\\Pipeline\\Pipeline::prepareDestination():168}(Object(Illuminate\\Http\\Request))
#22 /Users/elijahisrael/Desktop/Projects/chil/LARAVELBACKENDCHIL/vendor/laravel/framework/src/Illuminate/Pipeline/Pipeline.php(209): Illuminate\\Routing\\Middleware\\SubstituteBindings->handle(Object(Illuminate\\Http\\Request), Object(Closure))
#23 /Users/elijahisrael/Desktop/Projects/chil/LARAVELBACKENDCHIL/vendor/laravel/framework/src/Illuminate/Foundation/Http/Middleware/VerifyCsrfToken.php(88): Illuminate\\Pipeline\\Pipeline->{closure:{closure:Illuminate\\Pipeline\\Pipeline::carry():184}:185}(Object(Illuminate\\Http\\Request))
#24 /Users/elijahisrael/Desktop/Projects/chil/LARAVELBACKENDCHIL/vendor/laravel/framework/src/Illuminate/Pipeline/Pipeline.php(209): Illuminate\\Foundation\\Http\\Middleware\\VerifyCsrfToken->handle(Object(Illuminate\\Http\\Request), Object(Closure))
#25 /Users/elijahisrael/Desktop/Projects/chil/LARAVELBACKENDCHIL/vendor/laravel/framework/src/Illuminate/View/Middleware/ShareErrorsFromSession.php(49): Illuminate\\Pipeline\\Pipeline->{closure:{closure:Illuminate\\Pipeline\\Pipeline::carry():184}:185}(Object(Illuminate\\Http\\Request))
#26 /Users/elijahisrael/Desktop/Projects/chil/LARAVELBACKENDCHIL/vendor/laravel/framework/src/Illuminate/Pipeline/Pipeline.php(209): Illuminate\\View\\Middleware\\ShareErrorsFromSession->handle(Object(Illuminate\\Http\\Request), Object(Closure))
#27 /Users/elijahisrael/Desktop/Projects/chil/LARAVELBACKENDCHIL/vendor/laravel/framework/src/Illuminate/Session/Middleware/StartSession.php(121): Illuminate\\Pipeline\\Pipeline->{closure:{closure:Illuminate\\Pipeline\\Pipeline::carry():184}:185}(Object(Illuminate\\Http\\Request))
#28 /Users/elijahisrael/Desktop/Projects/chil/LARAVELBACKENDCHIL/vendor/laravel/framework/src/Illuminate/Session/Middleware/StartSession.php(64): Illuminate\\Session\\Middleware\\StartSession->handleStatefulRequest(Object(Illuminate\\Http\\Request), Object(Illuminate\\Session\\Store), Object(Closure))
#29 /Users/elijahisrael/Desktop/Projects/chil/LARAVELBACKENDCHIL/vendor/laravel/framework/src/Illuminate/Pipeline/Pipeline.php(209): Illuminate\\Session\\Middleware\\StartSession->handle(Object(Illuminate\\Http\\Request), Object(Closure))
#30 /Users/elijahisrael/Desktop/Projects/chil/LARAVELBACKENDCHIL/vendor/laravel/framework/src/Illuminate/Cookie/Middleware/AddQueuedCookiesToResponse.php(37): Illuminate\\Pipeline\\Pipeline->{closure:{closure:Illuminate\\Pipeline\\Pipeline::carry():184}:185}(Object(Illuminate\\Http\\Request))
#31 /Users/elijahisrael/Desktop/Projects/chil/LARAVELBACKENDCHIL/vendor/laravel/framework/src/Illuminate/Pipeline/Pipeline.php(209): Illuminate\\Cookie\\Middleware\\AddQueuedCookiesToResponse->handle(Object(Illuminate\\Http\\Request), Object(Closure))
#32 /Users/elijahisrael/Desktop/Projects/chil/LARAVELBACKENDCHIL/vendor/laravel/framework/src/Illuminate/Cookie/Middleware/EncryptCookies.php(75): Illuminate\\Pipeline\\Pipeline->{closure:{closure:Illuminate\\Pipeline\\Pipeline::carry():184}:185}(Object(Illuminate\\Http\\Request))
#33 /Users/elijahisrael/Desktop/Projects/chil/LARAVELBACKENDCHIL/vendor/laravel/framework/src/Illuminate/Pipeline/Pipeline.php(209): Illuminate\\Cookie\\Middleware\\EncryptCookies->handle(Object(Illuminate\\Http\\Request), Object(Closure))
#34 /Users/elijahisrael/Desktop/Projects/chil/LARAVELBACKENDCHIL/vendor/laravel/framework/src/Illuminate/Pipeline/Pipeline.php(127): Illuminate\\Pipeline\\Pipeline->{closure:{closure:Illuminate\\Pipeline\\Pipeline::carry():184}:185}(Object(Illuminate\\Http\\Request))
#35 /Users/elijahisrael/Desktop/Projects/chil/LARAVELBACKENDCHIL/vendor/laravel/framework/src/Illuminate/Routing/Router.php(807): Illuminate\\Pipeline\\Pipeline->then(Object(Closure))
#36 /Users/elijahisrael/Desktop/Projects/chil/LARAVELBACKENDCHIL/vendor/laravel/framework/src/Illuminate/Routing/Router.php(786): Illuminate\\Routing\\Router->runRouteWithinStack(Object(Illuminate\\Routing\\Route), Object(Illuminate\\Http\\Request))
#37 /Users/elijahisrael/Desktop/Projects/chil/LARAVELBACKENDCHIL/vendor/laravel/framework/src/Illuminate/Routing/Router.php(750): Illuminate\\Routing\\Router->runRoute(Object(Illuminate\\Http\\Request), Object(Illuminate\\Routing\\Route))
#38 /Users/elijahisrael/Desktop/Projects/chil/LARAVELBACKENDCHIL/vendor/laravel/framework/src/Illuminate/Routing/Router.php(739): Illuminate\\Routing\\Router->dispatchToRoute(Object(Illuminate\\Http\\Request))
#39 /Users/elijahisrael/Desktop/Projects/chil/LARAVELBACKENDCHIL/vendor/laravel/framework/src/Illuminate/Foundation/Http/Kernel.php(201): Illuminate\\Routing\\Router->dispatch(Object(Illuminate\\Http\\Request))
#40 /Users/elijahisrael/Desktop/Projects/chil/LARAVELBACKENDCHIL/vendor/laravel/framework/src/Illuminate/Pipeline/Pipeline.php(170): Illuminate\\Foundation\\Http\\Kernel->{closure:Illuminate\\Foundation\\Http\\Kernel::dispatchToRouter():198}(Object(Illuminate\\Http\\Request))
#41 /Users/elijahisrael/Desktop/Projects/chil/LARAVELBACKENDCHIL/vendor/livewire/livewire/src/Features/SupportDisablingBackButtonCache/DisableBackButtonCacheMiddleware.php(19): Illuminate\\Pipeline\\Pipeline->{closure:Illuminate\\Pipeline\\Pipeline::prepareDestination():168}(Object(Illuminate\\Http\\Request))
#42 /Users/elijahisrael/Desktop/Projects/chil/LARAVELBACKENDCHIL/vendor/laravel/framework/src/Illuminate/Pipeline/Pipeline.php(209): Livewire\\Features\\SupportDisablingBackButtonCache\\DisableBackButtonCacheMiddleware->handle(Object(Illuminate\\Http\\Request), Object(Closure))
#43 /Users/elijahisrael/Desktop/Projects/chil/LARAVELBACKENDCHIL/app/Http/Middleware/Cors.php(31): Illuminate\\Pipeline\\Pipeline->{closure:{closure:Illuminate\\Pipeline\\Pipeline::carry():184}:185}(Object(Illuminate\\Http\\Request))
#44 /Users/elijahisrael/Desktop/Projects/chil/LARAVELBACKENDCHIL/vendor/laravel/framework/src/Illuminate/Pipeline/Pipeline.php(209): App\\Http\\Middleware\\Cors->handle(Object(Illuminate\\Http\\Request), Object(Closure))
#45 /Users/elijahisrael/Desktop/Projects/chil/LARAVELBACKENDCHIL/vendor/laravel/framework/src/Illuminate/Http/Middleware/TrustProxies.php(58): Illuminate\\Pipeline\\Pipeline->{closure:{closure:Illuminate\\Pipeline\\Pipeline::carry():184}:185}(Object(Illuminate\\Http\\Request))
#46 /Users/elijahisrael/Desktop/Projects/chil/LARAVELBACKENDCHIL/vendor/laravel/framework/src/Illuminate/Pipeline/Pipeline.php(209): Illuminate\\Http\\Middleware\\TrustProxies->handle(Object(Illuminate\\Http\\Request), Object(Closure))
#47 /Users/elijahisrael/Desktop/Projects/chil/LARAVELBACKENDCHIL/vendor/laravel/framework/src/Illuminate/Foundation/Http/Middleware/TransformsRequest.php(21): Illuminate\\Pipeline\\Pipeline->{closure:{closure:Illuminate\\Pipeline\\Pipeline::carry():184}:185}(Object(Illuminate\\Http\\Request))
#48 /Users/elijahisrael/Desktop/Projects/chil/LARAVELBACKENDCHIL/vendor/laravel/framework/src/Illuminate/Foundation/Http/Middleware/ConvertEmptyStringsToNull.php(31): Illuminate\\Foundation\\Http\\Middleware\\TransformsRequest->handle(Object(Illuminate\\Http\\Request), Object(Closure))
#49 /Users/elijahisrael/Desktop/Projects/chil/LARAVELBACKENDCHIL/vendor/laravel/framework/src/Illuminate/Pipeline/Pipeline.php(209): Illuminate\\Foundation\\Http\\Middleware\\ConvertEmptyStringsToNull->handle(Object(Illuminate\\Http\\Request), Object(Closure))
#50 /Users/elijahisrael/Desktop/Projects/chil/LARAVELBACKENDCHIL/vendor/laravel/framework/src/Illuminate/Foundation/Http/Middleware/TransformsRequest.php(21): Illuminate\\Pipeline\\Pipeline->{closure:{closure:Illuminate\\Pipeline\\Pipeline::carry():184}:185}(Object(Illuminate\\Http\\Request))
#51 /Users/elijahisrael/Desktop/Projects/chil/LARAVELBACKENDCHIL/vendor/laravel/framework/src/Illuminate/Foundation/Http/Middleware/TrimStrings.php(51): Illuminate\\Foundation\\Http\\Middleware\\TransformsRequest->handle(Object(Illuminate\\Http\\Request), Object(Closure))
#52 /Users/elijahisrael/Desktop/Projects/chil/LARAVELBACKENDCHIL/vendor/laravel/framework/src/Illuminate/Pipeline/Pipeline.php(209): Illuminate\\Foundation\\Http\\Middleware\\TrimStrings->handle(Object(Illuminate\\Http\\Request), Object(Closure))
#53 /Users/elijahisrael/Desktop/Projects/chil/LARAVELBACKENDCHIL/vendor/laravel/framework/src/Illuminate/Http/Middleware/ValidatePostSize.php(27): Illuminate\\Pipeline\\Pipeline->{closure:{closure:Illuminate\\Pipeline\\Pipeline::carry():184}:185}(Object(Illuminate\\Http\\Request))
#54 /Users/elijahisrael/Desktop/Projects/chil/LARAVELBACKENDCHIL/vendor/laravel/framework/src/Illuminate/Pipeline/Pipeline.php(209): Illuminate\\Http\\Middleware\\ValidatePostSize->handle(Object(Illuminate\\Http\\Request), Object(Closure))
#55 /Users/elijahisrael/Desktop/Projects/chil/LARAVELBACKENDCHIL/vendor/laravel/framework/src/Illuminate/Foundation/Http/Middleware/PreventRequestsDuringMaintenance.php(110): Illuminate\\Pipeline\\Pipeline->{closure:{closure:Illuminate\\Pipeline\\Pipeline::carry():184}:185}(Object(Illuminate\\Http\\Request))
#56 /Users/elijahisrael/Desktop/Projects/chil/LARAVELBACKENDCHIL/vendor/laravel/framework/src/Illuminate/Pipeline/Pipeline.php(209): Illuminate\\Foundation\\Http\\Middleware\\PreventRequestsDuringMaintenance->handle(Object(Illuminate\\Http\\Request), Object(Closure))
#57 /Users/elijahisrael/Desktop/Projects/chil/LARAVELBACKENDCHIL/vendor/laravel/framework/src/Illuminate/Pipeline/Pipeline.php(127): Illuminate\\Pipeline\\Pipeline->{closure:{closure:Illuminate\\Pipeline\\Pipeline::carry():184}:185}(Object(Illuminate\\Http\\Request))
#58 /Users/elijahisrael/Desktop/Projects/chil/LARAVELBACKENDCHIL/vendor/laravel/framework/src/Illuminate/Foundation/Http/Kernel.php(176): Illuminate\\Pipeline\\Pipeline->then(Object(Closure))
#59 /Users/elijahisrael/Desktop/Projects/chil/LARAVELBACKENDCHIL/vendor/laravel/framework/src/Illuminate/Foundation/Http/Kernel.php(145): Illuminate\\Foundation\\Http\\Kernel->sendRequestThroughRouter(Object(Illuminate\\Http\\Request))
#60 /Users/elijahisrael/Desktop/Projects/chil/LARAVELBACKENDCHIL/public/index.php(54): Illuminate\\Foundation\\Http\\Kernel->handle(Object(Illuminate\\Http\\Request))
#61 /Users/elijahisrael/Desktop/Projects/chil/LARAVELBACKENDCHIL/server.php(21): require_once('/Users/elijahis...')
#62 {main}
"} 
[2025-09-30 11:28:48] local.ERROR: Failed to authenticate on SMTP server with username "info@ketiai.com" using the following authenticators: "LOGIN", "PLAIN". Authenticator "LOGIN" returned "Expected response code "235" but got code "535", with message "535 5.7.8 Error: authentication failed: (reason unavailable)".". Authenticator "PLAIN" returned "Expected response code "235" but got code "535", with message "535 5.7.8 Error: authentication failed: (reason unavailable)".". {"exception":"[object] (Symfony\\Component\\Mailer\\Exception\\TransportException(code: 535): Failed to authenticate on SMTP server with username \"info@ketiai.com\" using the following authenticators: \"LOGIN\", \"PLAIN\". Authenticator \"LOGIN\" returned \"Expected response code \"235\" but got code \"535\", with message \"535 5.7.8 Error: authentication failed: (reason unavailable)\".\". Authenticator \"PLAIN\" returned \"Expected response code \"235\" but got code \"535\", with message \"535 5.7.8 Error: authentication failed: (reason unavailable)\".\". at /Users/elijahisrael/Desktop/Projects/chil/LARAVELBACKENDCHIL/vendor/symfony/mailer/Transport/Smtp/EsmtpTransport.php:247)
[stacktrace]
#0 /Users/elijahisrael/Desktop/Projects/chil/LARAVELBACKENDCHIL/vendor/symfony/mailer/Transport/Smtp/EsmtpTransport.php(177): Symfony\\Component\\Mailer\\Transport\\Smtp\\EsmtpTransport->handleAuth(Array)
#1 /Users/elijahisrael/Desktop/Projects/chil/LARAVELBACKENDCHIL/vendor/symfony/mailer/Transport/Smtp/EsmtpTransport.php(134): Symfony\\Component\\Mailer\\Transport\\Smtp\\EsmtpTransport->doEhloCommand()
#2 /Users/elijahisrael/Desktop/Projects/chil/LARAVELBACKENDCHIL/vendor/symfony/mailer/Transport/Smtp/SmtpTransport.php(255): Symfony\\Component\\Mailer\\Transport\\Smtp\\EsmtpTransport->executeCommand('HELO [127.0.0.1...', Array)
#3 /Users/elijahisrael/Desktop/Projects/chil/LARAVELBACKENDCHIL/vendor/symfony/mailer/Transport/Smtp/SmtpTransport.php(281): Symfony\\Component\\Mailer\\Transport\\Smtp\\SmtpTransport->doHeloCommand()
#4 /Users/elijahisrael/Desktop/Projects/chil/LARAVELBACKENDCHIL/vendor/symfony/mailer/Transport/Smtp/SmtpTransport.php(211): Symfony\\Component\\Mailer\\Transport\\Smtp\\SmtpTransport->start()
#5 /Users/elijahisrael/Desktop/Projects/chil/LARAVELBACKENDCHIL/vendor/symfony/mailer/Transport/AbstractTransport.php(69): Symfony\\Component\\Mailer\\Transport\\Smtp\\SmtpTransport->doSend(Object(Symfony\\Component\\Mailer\\SentMessage))
#6 /Users/elijahisrael/Desktop/Projects/chil/LARAVELBACKENDCHIL/vendor/symfony/mailer/Transport/Smtp/SmtpTransport.php(138): Symfony\\Component\\Mailer\\Transport\\AbstractTransport->send(Object(Symfony\\Component\\Mime\\Email), Object(Symfony\\Component\\Mailer\\DelayedEnvelope))
#7 /Users/elijahisrael/Desktop/Projects/chil/LARAVELBACKENDCHIL/vendor/laravel/framework/src/Illuminate/Mail/Mailer.php(585): Symfony\\Component\\Mailer\\Transport\\Smtp\\SmtpTransport->send(Object(Symfony\\Component\\Mime\\Email), Object(Symfony\\Component\\Mailer\\DelayedEnvelope))
#8 /Users/elijahisrael/Desktop/Projects/chil/LARAVELBACKENDCHIL/vendor/laravel/framework/src/Illuminate/Mail/Mailer.php(332): Illuminate\\Mail\\Mailer->sendSymfonyMessage(Object(Symfony\\Component\\Mime\\Email))
#9 /Users/elijahisrael/Desktop/Projects/chil/LARAVELBACKENDCHIL/vendor/laravel/framework/src/Illuminate/Mail/Mailable.php(206): Illuminate\\Mail\\Mailer->send('emails.otp', Array, Object(Closure))
#10 /Users/elijahisrael/Desktop/Projects/chil/LARAVELBACKENDCHIL/vendor/laravel/framework/src/Illuminate/Support/Traits/Localizable.php(19): Illuminate\\Mail\\Mailable->{closure:Illuminate\\Mail\\Mailable::send():199}()
#11 /Users/elijahisrael/Desktop/Projects/chil/LARAVELBACKENDCHIL/vendor/laravel/framework/src/Illuminate/Mail/Mailable.php(199): Illuminate\\Mail\\Mailable->withLocale(NULL, Object(Closure))
#12 /Users/elijahisrael/Desktop/Projects/chil/LARAVELBACKENDCHIL/vendor/laravel/framework/src/Illuminate/Mail/Mailer.php(354): Illuminate\\Mail\\Mailable->send(Object(Illuminate\\Mail\\Mailer))
#13 /Users/elijahisrael/Desktop/Projects/chil/LARAVELBACKENDCHIL/vendor/laravel/framework/src/Illuminate/Mail/Mailer.php(301): Illuminate\\Mail\\Mailer->sendMailable(Object(App\\Mail\\SchoolOtpMail))
#14 /Users/elijahisrael/Desktop/Projects/chil/LARAVELBACKENDCHIL/vendor/laravel/framework/src/Illuminate/Mail/PendingMail.php(124): Illuminate\\Mail\\Mailer->send(Object(App\\Mail\\SchoolOtpMail))
#15 /Users/elijahisrael/Desktop/Projects/chil/LARAVELBACKENDCHIL/routes/web.php(72): Illuminate\\Mail\\PendingMail->send(Object(App\\Mail\\SchoolOtpMail))
#16 /Users/elijahisrael/Desktop/Projects/chil/LARAVELBACKENDCHIL/vendor/laravel/framework/src/Illuminate/Routing/CallableDispatcher.php(40): Illuminate\\Routing\\RouteFileRegistrar->{closure:/Users/elijahisrael/Desktop/Projects/chil/LARAVELBACKENDCHIL/routes/web.php:71}()
#17 /Users/elijahisrael/Desktop/Projects/chil/LARAVELBACKENDCHIL/vendor/laravel/framework/src/Illuminate/Routing/Route.php(244): Illuminate\\Routing\\CallableDispatcher->dispatch(Object(Illuminate\\Routing\\Route), Object(Closure))
#18 /Users/elijahisrael/Desktop/Projects/chil/LARAVELBACKENDCHIL/vendor/laravel/framework/src/Illuminate/Routing/Route.php(215): Illuminate\\Routing\\Route->runCallable()
#19 /Users/elijahisrael/Desktop/Projects/chil/LARAVELBACKENDCHIL/vendor/laravel/framework/src/Illuminate/Routing/Router.php(808): Illuminate\\Routing\\Route->run()
#20 /Users/elijahisrael/Desktop/Projects/chil/LARAVELBACKENDCHIL/vendor/laravel/framework/src/Illuminate/Pipeline/Pipeline.php(170): Illuminate\\Routing\\Router->{closure:Illuminate\\Routing\\Router::runRouteWithinStack():807}(Object(Illuminate\\Http\\Request))
#21 /Users/elijahisrael/Desktop/Projects/chil/LARAVELBACKENDCHIL/vendor/laravel/framework/src/Illuminate/Routing/Middleware/SubstituteBindings.php(51): Illuminate\\Pipeline\\Pipeline->{closure:Illuminate\\Pipeline\\Pipeline::prepareDestination():168}(Object(Illuminate\\Http\\Request))
#22 /Users/elijahisrael/Desktop/Projects/chil/LARAVELBACKENDCHIL/vendor/laravel/framework/src/Illuminate/Pipeline/Pipeline.php(209): Illuminate\\Routing\\Middleware\\SubstituteBindings->handle(Object(Illuminate\\Http\\Request), Object(Closure))
#23 /Users/elijahisrael/Desktop/Projects/chil/LARAVELBACKENDCHIL/vendor/laravel/framework/src/Illuminate/Foundation/Http/Middleware/VerifyCsrfToken.php(88): Illuminate\\Pipeline\\Pipeline->{closure:{closure:Illuminate\\Pipeline\\Pipeline::carry():184}:185}(Object(Illuminate\\Http\\Request))
#24 /Users/elijahisrael/Desktop/Projects/chil/LARAVELBACKENDCHIL/vendor/laravel/framework/src/Illuminate/Pipeline/Pipeline.php(209): Illuminate\\Foundation\\Http\\Middleware\\VerifyCsrfToken->handle(Object(Illuminate\\Http\\Request), Object(Closure))
#25 /Users/elijahisrael/Desktop/Projects/chil/LARAVELBACKENDCHIL/vendor/laravel/framework/src/Illuminate/View/Middleware/ShareErrorsFromSession.php(49): Illuminate\\Pipeline\\Pipeline->{closure:{closure:Illuminate\\Pipeline\\Pipeline::carry():184}:185}(Object(Illuminate\\Http\\Request))
#26 /Users/elijahisrael/Desktop/Projects/chil/LARAVELBACKENDCHIL/vendor/laravel/framework/src/Illuminate/Pipeline/Pipeline.php(209): Illuminate\\View\\Middleware\\ShareErrorsFromSession->handle(Object(Illuminate\\Http\\Request), Object(Closure))
#27 /Users/elijahisrael/Desktop/Projects/chil/LARAVELBACKENDCHIL/vendor/laravel/framework/src/Illuminate/Session/Middleware/StartSession.php(121): Illuminate\\Pipeline\\Pipeline->{closure:{closure:Illuminate\\Pipeline\\Pipeline::carry():184}:185}(Object(Illuminate\\Http\\Request))
#28 /Users/elijahisrael/Desktop/Projects/chil/LARAVELBACKENDCHIL/vendor/laravel/framework/src/Illuminate/Session/Middleware/StartSession.php(64): Illuminate\\Session\\Middleware\\StartSession->handleStatefulRequest(Object(Illuminate\\Http\\Request), Object(Illuminate\\Session\\Store), Object(Closure))
#29 /Users/elijahisrael/Desktop/Projects/chil/LARAVELBACKENDCHIL/vendor/laravel/framework/src/Illuminate/Pipeline/Pipeline.php(209): Illuminate\\Session\\Middleware\\StartSession->handle(Object(Illuminate\\Http\\Request), Object(Closure))
#30 /Users/elijahisrael/Desktop/Projects/chil/LARAVELBACKENDCHIL/vendor/laravel/framework/src/Illuminate/Cookie/Middleware/AddQueuedCookiesToResponse.php(37): Illuminate\\Pipeline\\Pipeline->{closure:{closure:Illuminate\\Pipeline\\Pipeline::carry():184}:185}(Object(Illuminate\\Http\\Request))
#31 /Users/elijahisrael/Desktop/Projects/chil/LARAVELBACKENDCHIL/vendor/laravel/framework/src/Illuminate/Pipeline/Pipeline.php(209): Illuminate\\Cookie\\Middleware\\AddQueuedCookiesToResponse->handle(Object(Illuminate\\Http\\Request), Object(Closure))
#32 /Users/elijahisrael/Desktop/Projects/chil/LARAVELBACKENDCHIL/vendor/laravel/framework/src/Illuminate/Cookie/Middleware/EncryptCookies.php(75): Illuminate\\Pipeline\\Pipeline->{closure:{closure:Illuminate\\Pipeline\\Pipeline::carry():184}:185}(Object(Illuminate\\Http\\Request))
#33 /Users/elijahisrael/Desktop/Projects/chil/LARAVELBACKENDCHIL/vendor/laravel/framework/src/Illuminate/Pipeline/Pipeline.php(209): Illuminate\\Cookie\\Middleware\\EncryptCookies->handle(Object(Illuminate\\Http\\Request), Object(Closure))
#34 /Users/elijahisrael/Desktop/Projects/chil/LARAVELBACKENDCHIL/vendor/laravel/framework/src/Illuminate/Pipeline/Pipeline.php(127): Illuminate\\Pipeline\\Pipeline->{closure:{closure:Illuminate\\Pipeline\\Pipeline::carry():184}:185}(Object(Illuminate\\Http\\Request))
#35 /Users/elijahisrael/Desktop/Projects/chil/LARAVELBACKENDCHIL/vendor/laravel/framework/src/Illuminate/Routing/Router.php(807): Illuminate\\Pipeline\\Pipeline->then(Object(Closure))
#36 /Users/elijahisrael/Desktop/Projects/chil/LARAVELBACKENDCHIL/vendor/laravel/framework/src/Illuminate/Routing/Router.php(786): Illuminate\\Routing\\Router->runRouteWithinStack(Object(Illuminate\\Routing\\Route), Object(Illuminate\\Http\\Request))
#37 /Users/elijahisrael/Desktop/Projects/chil/LARAVELBACKENDCHIL/vendor/laravel/framework/src/Illuminate/Routing/Router.php(750): Illuminate\\Routing\\Router->runRoute(Object(Illuminate\\Http\\Request), Object(Illuminate\\Routing\\Route))
#38 /Users/elijahisrael/Desktop/Projects/chil/LARAVELBACKENDCHIL/vendor/laravel/framework/src/Illuminate/Routing/Router.php(739): Illuminate\\Routing\\Router->dispatchToRoute(Object(Illuminate\\Http\\Request))
#39 /Users/elijahisrael/Desktop/Projects/chil/LARAVELBACKENDCHIL/vendor/laravel/framework/src/Illuminate/Foundation/Http/Kernel.php(201): Illuminate\\Routing\\Router->dispatch(Object(Illuminate\\Http\\Request))
#40 /Users/elijahisrael/Desktop/Projects/chil/LARAVELBACKENDCHIL/vendor/laravel/framework/src/Illuminate/Pipeline/Pipeline.php(170): Illuminate\\Foundation\\Http\\Kernel->{closure:Illuminate\\Foundation\\Http\\Kernel::dispatchToRouter():198}(Object(Illuminate\\Http\\Request))
#41 /Users/elijahisrael/Desktop/Projects/chil/LARAVELBACKENDCHIL/vendor/livewire/livewire/src/Features/SupportDisablingBackButtonCache/DisableBackButtonCacheMiddleware.php(19): Illuminate\\Pipeline\\Pipeline->{closure:Illuminate\\Pipeline\\Pipeline::prepareDestination():168}(Object(Illuminate\\Http\\Request))
#42 /Users/elijahisrael/Desktop/Projects/chil/LARAVELBACKENDCHIL/vendor/laravel/framework/src/Illuminate/Pipeline/Pipeline.php(209): Livewire\\Features\\SupportDisablingBackButtonCache\\DisableBackButtonCacheMiddleware->handle(Object(Illuminate\\Http\\Request), Object(Closure))
#43 /Users/elijahisrael/Desktop/Projects/chil/LARAVELBACKENDCHIL/app/Http/Middleware/Cors.php(31): Illuminate\\Pipeline\\Pipeline->{closure:{closure:Illuminate\\Pipeline\\Pipeline::carry():184}:185}(Object(Illuminate\\Http\\Request))
#44 /Users/elijahisrael/Desktop/Projects/chil/LARAVELBACKENDCHIL/vendor/laravel/framework/src/Illuminate/Pipeline/Pipeline.php(209): App\\Http\\Middleware\\Cors->handle(Object(Illuminate\\Http\\Request), Object(Closure))
#45 /Users/elijahisrael/Desktop/Projects/chil/LARAVELBACKENDCHIL/vendor/laravel/framework/src/Illuminate/Http/Middleware/TrustProxies.php(58): Illuminate\\Pipeline\\Pipeline->{closure:{closure:Illuminate\\Pipeline\\Pipeline::carry():184}:185}(Object(Illuminate\\Http\\Request))
#46 /Users/elijahisrael/Desktop/Projects/chil/LARAVELBACKENDCHIL/vendor/laravel/framework/src/Illuminate/Pipeline/Pipeline.php(209): Illuminate\\Http\\Middleware\\TrustProxies->handle(Object(Illuminate\\Http\\Request), Object(Closure))
#47 /Users/elijahisrael/Desktop/Projects/chil/LARAVELBACKENDCHIL/vendor/laravel/framework/src/Illuminate/Foundation/Http/Middleware/TransformsRequest.php(21): Illuminate\\Pipeline\\Pipeline->{closure:{closure:Illuminate\\Pipeline\\Pipeline::carry():184}:185}(Object(Illuminate\\Http\\Request))
#48 /Users/elijahisrael/Desktop/Projects/chil/LARAVELBACKENDCHIL/vendor/laravel/framework/src/Illuminate/Foundation/Http/Middleware/ConvertEmptyStringsToNull.php(31): Illuminate\\Foundation\\Http\\Middleware\\TransformsRequest->handle(Object(Illuminate\\Http\\Request), Object(Closure))
#49 /Users/elijahisrael/Desktop/Projects/chil/LARAVELBACKENDCHIL/vendor/laravel/framework/src/Illuminate/Pipeline/Pipeline.php(209): Illuminate\\Foundation\\Http\\Middleware\\ConvertEmptyStringsToNull->handle(Object(Illuminate\\Http\\Request), Object(Closure))
#50 /Users/elijahisrael/Desktop/Projects/chil/LARAVELBACKENDCHIL/vendor/laravel/framework/src/Illuminate/Foundation/Http/Middleware/TransformsRequest.php(21): Illuminate\\Pipeline\\Pipeline->{closure:{closure:Illuminate\\Pipeline\\Pipeline::carry():184}:185}(Object(Illuminate\\Http\\Request))
#51 /Users/elijahisrael/Desktop/Projects/chil/LARAVELBACKENDCHIL/vendor/laravel/framework/src/Illuminate/Foundation/Http/Middleware/TrimStrings.php(51): Illuminate\\Foundation\\Http\\Middleware\\TransformsRequest->handle(Object(Illuminate\\Http\\Request), Object(Closure))
#52 /Users/elijahisrael/Desktop/Projects/chil/LARAVELBACKENDCHIL/vendor/laravel/framework/src/Illuminate/Pipeline/Pipeline.php(209): Illuminate\\Foundation\\Http\\Middleware\\TrimStrings->handle(Object(Illuminate\\Http\\Request), Object(Closure))
#53 /Users/elijahisrael/Desktop/Projects/chil/LARAVELBACKENDCHIL/vendor/laravel/framework/src/Illuminate/Http/Middleware/ValidatePostSize.php(27): Illuminate\\Pipeline\\Pipeline->{closure:{closure:Illuminate\\Pipeline\\Pipeline::carry():184}:185}(Object(Illuminate\\Http\\Request))
#54 /Users/elijahisrael/Desktop/Projects/chil/LARAVELBACKENDCHIL/vendor/laravel/framework/src/Illuminate/Pipeline/Pipeline.php(209): Illuminate\\Http\\Middleware\\ValidatePostSize->handle(Object(Illuminate\\Http\\Request), Object(Closure))
#55 /Users/elijahisrael/Desktop/Projects/chil/LARAVELBACKENDCHIL/vendor/laravel/framework/src/Illuminate/Foundation/Http/Middleware/PreventRequestsDuringMaintenance.php(110): Illuminate\\Pipeline\\Pipeline->{closure:{closure:Illuminate\\Pipeline\\Pipeline::carry():184}:185}(Object(Illuminate\\Http\\Request))
#56 /Users/elijahisrael/Desktop/Projects/chil/LARAVELBACKENDCHIL/vendor/laravel/framework/src/Illuminate/Pipeline/Pipeline.php(209): Illuminate\\Foundation\\Http\\Middleware\\PreventRequestsDuringMaintenance->handle(Object(Illuminate\\Http\\Request), Object(Closure))
#57 /Users/elijahisrael/Desktop/Projects/chil/LARAVELBACKENDCHIL/vendor/laravel/framework/src/Illuminate/Pipeline/Pipeline.php(127): Illuminate\\Pipeline\\Pipeline->{closure:{closure:Illuminate\\Pipeline\\Pipeline::carry():184}:185}(Object(Illuminate\\Http\\Request))
#58 /Users/elijahisrael/Desktop/Projects/chil/LARAVELBACKENDCHIL/vendor/laravel/framework/src/Illuminate/Foundation/Http/Kernel.php(176): Illuminate\\Pipeline\\Pipeline->then(Object(Closure))
#59 /Users/elijahisrael/Desktop/Projects/chil/LARAVELBACKENDCHIL/vendor/laravel/framework/src/Illuminate/Foundation/Http/Kernel.php(145): Illuminate\\Foundation\\Http\\Kernel->sendRequestThroughRouter(Object(Illuminate\\Http\\Request))
#60 /Users/elijahisrael/Desktop/Projects/chil/LARAVELBACKENDCHIL/public/index.php(54): Illuminate\\Foundation\\Http\\Kernel->handle(Object(Illuminate\\Http\\Request))
#61 /Users/elijahisrael/Desktop/Projects/chil/LARAVELBACKENDCHIL/server.php(21): require_once('/Users/elijahis...')
#62 {main}
"} 
[2025-09-30 12:05:01] local.ERROR: Route [login] not defined. {"exception":"[object] (Symfony\\Component\\Routing\\Exception\\RouteNotFoundException(code: 0): Route [login] not defined. at /Users/elijahisrael/Desktop/Projects/chil/LARAVELBACKENDCHIL/vendor/laravel/framework/src/Illuminate/Routing/UrlGenerator.php:517)
[stacktrace]
#0 /Users/elijahisrael/Desktop/Projects/chil/LARAVELBACKENDCHIL/vendor/laravel/framework/src/Illuminate/Foundation/helpers.php(853): Illuminate\\Routing\\UrlGenerator->route('login', Array, true)
#1 /Users/elijahisrael/Desktop/Projects/chil/LARAVELBACKENDCHIL/app/Http/Middleware/Authenticate.php(18): route('login')
#2 /Users/elijahisrael/Desktop/Projects/chil/LARAVELBACKENDCHIL/vendor/laravel/framework/src/Illuminate/Auth/Middleware/Authenticate.php(105): App\\Http\\Middleware\\Authenticate->redirectTo(Object(Illuminate\\Http\\Request))
#3 /Users/elijahisrael/Desktop/Projects/chil/LARAVELBACKENDCHIL/vendor/laravel/framework/src/Illuminate/Auth/Middleware/Authenticate.php(88): Illuminate\\Auth\\Middleware\\Authenticate->unauthenticated(Object(Illuminate\\Http\\Request), Array)
#4 /Users/elijahisrael/Desktop/Projects/chil/LARAVELBACKENDCHIL/vendor/laravel/framework/src/Illuminate/Auth/Middleware/Authenticate.php(62): Illuminate\\Auth\\Middleware\\Authenticate->authenticate(Object(Illuminate\\Http\\Request), Array)
#5 /Users/elijahisrael/Desktop/Projects/chil/LARAVELBACKENDCHIL/vendor/laravel/framework/src/Illuminate/Pipeline/Pipeline.php(209): Illuminate\\Auth\\Middleware\\Authenticate->handle(Object(Illuminate\\Http\\Request), Object(Closure))
#6 /Users/elijahisrael/Desktop/Projects/chil/LARAVELBACKENDCHIL/vendor/laravel/framework/src/Illuminate/Foundation/Http/Middleware/VerifyCsrfToken.php(88): Illuminate\\Pipeline\\Pipeline->{closure:{closure:Illuminate\\Pipeline\\Pipeline::carry():184}:185}(Object(Illuminate\\Http\\Request))
#7 /Users/elijahisrael/Desktop/Projects/chil/LARAVELBACKENDCHIL/vendor/laravel/framework/src/Illuminate/Pipeline/Pipeline.php(209): Illuminate\\Foundation\\Http\\Middleware\\VerifyCsrfToken->handle(Object(Illuminate\\Http\\Request), Object(Closure))
#8 /Users/elijahisrael/Desktop/Projects/chil/LARAVELBACKENDCHIL/vendor/laravel/framework/src/Illuminate/View/Middleware/ShareErrorsFromSession.php(49): Illuminate\\Pipeline\\Pipeline->{closure:{closure:Illuminate\\Pipeline\\Pipeline::carry():184}:185}(Object(Illuminate\\Http\\Request))
#9 /Users/elijahisrael/Desktop/Projects/chil/LARAVELBACKENDCHIL/vendor/laravel/framework/src/Illuminate/Pipeline/Pipeline.php(209): Illuminate\\View\\Middleware\\ShareErrorsFromSession->handle(Object(Illuminate\\Http\\Request), Object(Closure))
#10 /Users/elijahisrael/Desktop/Projects/chil/LARAVELBACKENDCHIL/vendor/laravel/framework/src/Illuminate/Session/Middleware/StartSession.php(121): Illuminate\\Pipeline\\Pipeline->{closure:{closure:Illuminate\\Pipeline\\Pipeline::carry():184}:185}(Object(Illuminate\\Http\\Request))
#11 /Users/elijahisrael/Desktop/Projects/chil/LARAVELBACKENDCHIL/vendor/laravel/framework/src/Illuminate/Session/Middleware/StartSession.php(64): Illuminate\\Session\\Middleware\\StartSession->handleStatefulRequest(Object(Illuminate\\Http\\Request), Object(Illuminate\\Session\\Store), Object(Closure))
#12 /Users/elijahisrael/Desktop/Projects/chil/LARAVELBACKENDCHIL/vendor/laravel/framework/src/Illuminate/Pipeline/Pipeline.php(209): Illuminate\\Session\\Middleware\\StartSession->handle(Object(Illuminate\\Http\\Request), Object(Closure))
#13 /Users/elijahisrael/Desktop/Projects/chil/LARAVELBACKENDCHIL/vendor/laravel/framework/src/Illuminate/Cookie/Middleware/AddQueuedCookiesToResponse.php(37): Illuminate\\Pipeline\\Pipeline->{closure:{closure:Illuminate\\Pipeline\\Pipeline::carry():184}:185}(Object(Illuminate\\Http\\Request))
#14 /Users/elijahisrael/Desktop/Projects/chil/LARAVELBACKENDCHIL/vendor/laravel/framework/src/Illuminate/Pipeline/Pipeline.php(209): Illuminate\\Cookie\\Middleware\\AddQueuedCookiesToResponse->handle(Object(Illuminate\\Http\\Request), Object(Closure))
#15 /Users/elijahisrael/Desktop/Projects/chil/LARAVELBACKENDCHIL/vendor/laravel/framework/src/Illuminate/Cookie/Middleware/EncryptCookies.php(75): Illuminate\\Pipeline\\Pipeline->{closure:{closure:Illuminate\\Pipeline\\Pipeline::carry():184}:185}(Object(Illuminate\\Http\\Request))
#16 /Users/elijahisrael/Desktop/Projects/chil/LARAVELBACKENDCHIL/vendor/laravel/framework/src/Illuminate/Pipeline/Pipeline.php(209): Illuminate\\Cookie\\Middleware\\EncryptCookies->handle(Object(Illuminate\\Http\\Request), Object(Closure))
#17 /Users/elijahisrael/Desktop/Projects/chil/LARAVELBACKENDCHIL/vendor/laravel/framework/src/Illuminate/Pipeline/Pipeline.php(127): Illuminate\\Pipeline\\Pipeline->{closure:{closure:Illuminate\\Pipeline\\Pipeline::carry():184}:185}(Object(Illuminate\\Http\\Request))
#18 /Users/elijahisrael/Desktop/Projects/chil/LARAVELBACKENDCHIL/vendor/laravel/framework/src/Illuminate/Routing/Router.php(807): Illuminate\\Pipeline\\Pipeline->then(Object(Closure))
#19 /Users/elijahisrael/Desktop/Projects/chil/LARAVELBACKENDCHIL/vendor/laravel/framework/src/Illuminate/Routing/Router.php(786): Illuminate\\Routing\\Router->runRouteWithinStack(Object(Illuminate\\Routing\\Route), Object(Illuminate\\Http\\Request))
#20 /Users/elijahisrael/Desktop/Projects/chil/LARAVELBACKENDCHIL/vendor/laravel/framework/src/Illuminate/Routing/Router.php(750): Illuminate\\Routing\\Router->runRoute(Object(Illuminate\\Http\\Request), Object(Illuminate\\Routing\\Route))
#21 /Users/elijahisrael/Desktop/Projects/chil/LARAVELBACKENDCHIL/vendor/laravel/framework/src/Illuminate/Routing/Router.php(739): Illuminate\\Routing\\Router->dispatchToRoute(Object(Illuminate\\Http\\Request))
#22 /Users/elijahisrael/Desktop/Projects/chil/LARAVELBACKENDCHIL/vendor/laravel/framework/src/Illuminate/Foundation/Http/Kernel.php(201): Illuminate\\Routing\\Router->dispatch(Object(Illuminate\\Http\\Request))
#23 /Users/elijahisrael/Desktop/Projects/chil/LARAVELBACKENDCHIL/vendor/laravel/framework/src/Illuminate/Pipeline/Pipeline.php(170): Illuminate\\Foundation\\Http\\Kernel->{closure:Illuminate\\Foundation\\Http\\Kernel::dispatchToRouter():198}(Object(Illuminate\\Http\\Request))
#24 /Users/elijahisrael/Desktop/Projects/chil/LARAVELBACKENDCHIL/vendor/livewire/livewire/src/Features/SupportDisablingBackButtonCache/DisableBackButtonCacheMiddleware.php(19): Illuminate\\Pipeline\\Pipeline->{closure:Illuminate\\Pipeline\\Pipeline::prepareDestination():168}(Object(Illuminate\\Http\\Request))
#25 /Users/elijahisrael/Desktop/Projects/chil/LARAVELBACKENDCHIL/vendor/laravel/framework/src/Illuminate/Pipeline/Pipeline.php(209): Livewire\\Features\\SupportDisablingBackButtonCache\\DisableBackButtonCacheMiddleware->handle(Object(Illuminate\\Http\\Request), Object(Closure))
#26 /Users/elijahisrael/Desktop/Projects/chil/LARAVELBACKENDCHIL/app/Http/Middleware/Cors.php(31): Illuminate\\Pipeline\\Pipeline->{closure:{closure:Illuminate\\Pipeline\\Pipeline::carry():184}:185}(Object(Illuminate\\Http\\Request))
#27 /Users/elijahisrael/Desktop/Projects/chil/LARAVELBACKENDCHIL/vendor/laravel/framework/src/Illuminate/Pipeline/Pipeline.php(209): App\\Http\\Middleware\\Cors->handle(Object(Illuminate\\Http\\Request), Object(Closure))
#28 /Users/elijahisrael/Desktop/Projects/chil/LARAVELBACKENDCHIL/vendor/laravel/framework/src/Illuminate/Http/Middleware/TrustProxies.php(58): Illuminate\\Pipeline\\Pipeline->{closure:{closure:Illuminate\\Pipeline\\Pipeline::carry():184}:185}(Object(Illuminate\\Http\\Request))
#29 /Users/elijahisrael/Desktop/Projects/chil/LARAVELBACKENDCHIL/vendor/laravel/framework/src/Illuminate/Pipeline/Pipeline.php(209): Illuminate\\Http\\Middleware\\TrustProxies->handle(Object(Illuminate\\Http\\Request), Object(Closure))
#30 /Users/elijahisrael/Desktop/Projects/chil/LARAVELBACKENDCHIL/vendor/laravel/framework/src/Illuminate/Foundation/Http/Middleware/TransformsRequest.php(21): Illuminate\\Pipeline\\Pipeline->{closure:{closure:Illuminate\\Pipeline\\Pipeline::carry():184}:185}(Object(Illuminate\\Http\\Request))
#31 /Users/elijahisrael/Desktop/Projects/chil/LARAVELBACKENDCHIL/vendor/laravel/framework/src/Illuminate/Foundation/Http/Middleware/ConvertEmptyStringsToNull.php(31): Illuminate\\Foundation\\Http\\Middleware\\TransformsRequest->handle(Object(Illuminate\\Http\\Request), Object(Closure))
#32 /Users/elijahisrael/Desktop/Projects/chil/LARAVELBACKENDCHIL/vendor/laravel/framework/src/Illuminate/Pipeline/Pipeline.php(209): Illuminate\\Foundation\\Http\\Middleware\\ConvertEmptyStringsToNull->handle(Object(Illuminate\\Http\\Request), Object(Closure))
#33 /Users/elijahisrael/Desktop/Projects/chil/LARAVELBACKENDCHIL/vendor/laravel/framework/src/Illuminate/Foundation/Http/Middleware/TransformsRequest.php(21): Illuminate\\Pipeline\\Pipeline->{closure:{closure:Illuminate\\Pipeline\\Pipeline::carry():184}:185}(Object(Illuminate\\Http\\Request))
#34 /Users/elijahisrael/Desktop/Projects/chil/LARAVELBACKENDCHIL/vendor/laravel/framework/src/Illuminate/Foundation/Http/Middleware/TrimStrings.php(51): Illuminate\\Foundation\\Http\\Middleware\\TransformsRequest->handle(Object(Illuminate\\Http\\Request), Object(Closure))
#35 /Users/elijahisrael/Desktop/Projects/chil/LARAVELBACKENDCHIL/vendor/laravel/framework/src/Illuminate/Pipeline/Pipeline.php(209): Illuminate\\Foundation\\Http\\Middleware\\TrimStrings->handle(Object(Illuminate\\Http\\Request), Object(Closure))
#36 /Users/elijahisrael/Desktop/Projects/chil/LARAVELBACKENDCHIL/vendor/laravel/framework/src/Illuminate/Http/Middleware/ValidatePostSize.php(27): Illuminate\\Pipeline\\Pipeline->{closure:{closure:Illuminate\\Pipeline\\Pipeline::carry():184}:185}(Object(Illuminate\\Http\\Request))
#37 /Users/elijahisrael/Desktop/Projects/chil/LARAVELBACKENDCHIL/vendor/laravel/framework/src/Illuminate/Pipeline/Pipeline.php(209): Illuminate\\Http\\Middleware\\ValidatePostSize->handle(Object(Illuminate\\Http\\Request), Object(Closure))
#38 /Users/elijahisrael/Desktop/Projects/chil/LARAVELBACKENDCHIL/vendor/laravel/framework/src/Illuminate/Foundation/Http/Middleware/PreventRequestsDuringMaintenance.php(110): Illuminate\\Pipeline\\Pipeline->{closure:{closure:Illuminate\\Pipeline\\Pipeline::carry():184}:185}(Object(Illuminate\\Http\\Request))
#39 /Users/elijahisrael/Desktop/Projects/chil/LARAVELBACKENDCHIL/vendor/laravel/framework/src/Illuminate/Pipeline/Pipeline.php(209): Illuminate\\Foundation\\Http\\Middleware\\PreventRequestsDuringMaintenance->handle(Object(Illuminate\\Http\\Request), Object(Closure))
#40 /Users/elijahisrael/Desktop/Projects/chil/LARAVELBACKENDCHIL/vendor/laravel/framework/src/Illuminate/Pipeline/Pipeline.php(127): Illuminate\\Pipeline\\Pipeline->{closure:{closure:Illuminate\\Pipeline\\Pipeline::carry():184}:185}(Object(Illuminate\\Http\\Request))
#41 /Users/elijahisrael/Desktop/Projects/chil/LARAVELBACKENDCHIL/vendor/laravel/framework/src/Illuminate/Foundation/Http/Kernel.php(176): Illuminate\\Pipeline\\Pipeline->then(Object(Closure))
#42 /Users/elijahisrael/Desktop/Projects/chil/LARAVELBACKENDCHIL/vendor/laravel/framework/src/Illuminate/Foundation/Http/Kernel.php(145): Illuminate\\Foundation\\Http\\Kernel->sendRequestThroughRouter(Object(Illuminate\\Http\\Request))
#43 /Users/elijahisrael/Desktop/Projects/chil/LARAVELBACKENDCHIL/public/index.php(54): Illuminate\\Foundation\\Http\\Kernel->handle(Object(Illuminate\\Http\\Request))
#44 /Users/elijahisrael/Desktop/Projects/chil/LARAVELBACKENDCHIL/server.php(21): require_once('/Users/elijahis...')
#45 {main}
"} 
[2025-09-30 12:07:37] local.ERROR: Route [login] not defined. {"exception":"[object] (Symfony\\Component\\Routing\\Exception\\RouteNotFoundException(code: 0): Route [login] not defined. at /Users/elijahisrael/Desktop/Projects/chil/LARAVELBACKENDCHIL/vendor/laravel/framework/src/Illuminate/Routing/UrlGenerator.php:517)
[stacktrace]
#0 /Users/elijahisrael/Desktop/Projects/chil/LARAVELBACKENDCHIL/vendor/laravel/framework/src/Illuminate/Foundation/helpers.php(853): Illuminate\\Routing\\UrlGenerator->route('login', Array, true)
#1 /Users/elijahisrael/Desktop/Projects/chil/LARAVELBACKENDCHIL/app/Http/Middleware/Authenticate.php(18): route('login')
#2 /Users/elijahisrael/Desktop/Projects/chil/LARAVELBACKENDCHIL/vendor/laravel/framework/src/Illuminate/Auth/Middleware/Authenticate.php(105): App\\Http\\Middleware\\Authenticate->redirectTo(Object(Illuminate\\Http\\Request))
#3 /Users/elijahisrael/Desktop/Projects/chil/LARAVELBACKENDCHIL/vendor/laravel/framework/src/Illuminate/Auth/Middleware/Authenticate.php(88): Illuminate\\Auth\\Middleware\\Authenticate->unauthenticated(Object(Illuminate\\Http\\Request), Array)
#4 /Users/elijahisrael/Desktop/Projects/chil/LARAVELBACKENDCHIL/vendor/laravel/framework/src/Illuminate/Auth/Middleware/Authenticate.php(62): Illuminate\\Auth\\Middleware\\Authenticate->authenticate(Object(Illuminate\\Http\\Request), Array)
#5 /Users/elijahisrael/Desktop/Projects/chil/LARAVELBACKENDCHIL/vendor/laravel/framework/src/Illuminate/Pipeline/Pipeline.php(209): Illuminate\\Auth\\Middleware\\Authenticate->handle(Object(Illuminate\\Http\\Request), Object(Closure))
#6 /Users/elijahisrael/Desktop/Projects/chil/LARAVELBACKENDCHIL/vendor/laravel/framework/src/Illuminate/Foundation/Http/Middleware/VerifyCsrfToken.php(88): Illuminate\\Pipeline\\Pipeline->{closure:{closure:Illuminate\\Pipeline\\Pipeline::carry():184}:185}(Object(Illuminate\\Http\\Request))
#7 /Users/elijahisrael/Desktop/Projects/chil/LARAVELBACKENDCHIL/vendor/laravel/framework/src/Illuminate/Pipeline/Pipeline.php(209): Illuminate\\Foundation\\Http\\Middleware\\VerifyCsrfToken->handle(Object(Illuminate\\Http\\Request), Object(Closure))
#8 /Users/elijahisrael/Desktop/Projects/chil/LARAVELBACKENDCHIL/vendor/laravel/framework/src/Illuminate/View/Middleware/ShareErrorsFromSession.php(49): Illuminate\\Pipeline\\Pipeline->{closure:{closure:Illuminate\\Pipeline\\Pipeline::carry():184}:185}(Object(Illuminate\\Http\\Request))
#9 /Users/elijahisrael/Desktop/Projects/chil/LARAVELBACKENDCHIL/vendor/laravel/framework/src/Illuminate/Pipeline/Pipeline.php(209): Illuminate\\View\\Middleware\\ShareErrorsFromSession->handle(Object(Illuminate\\Http\\Request), Object(Closure))
#10 /Users/elijahisrael/Desktop/Projects/chil/LARAVELBACKENDCHIL/vendor/laravel/framework/src/Illuminate/Session/Middleware/StartSession.php(121): Illuminate\\Pipeline\\Pipeline->{closure:{closure:Illuminate\\Pipeline\\Pipeline::carry():184}:185}(Object(Illuminate\\Http\\Request))
#11 /Users/elijahisrael/Desktop/Projects/chil/LARAVELBACKENDCHIL/vendor/laravel/framework/src/Illuminate/Session/Middleware/StartSession.php(64): Illuminate\\Session\\Middleware\\StartSession->handleStatefulRequest(Object(Illuminate\\Http\\Request), Object(Illuminate\\Session\\Store), Object(Closure))
#12 /Users/elijahisrael/Desktop/Projects/chil/LARAVELBACKENDCHIL/vendor/laravel/framework/src/Illuminate/Pipeline/Pipeline.php(209): Illuminate\\Session\\Middleware\\StartSession->handle(Object(Illuminate\\Http\\Request), Object(Closure))
#13 /Users/elijahisrael/Desktop/Projects/chil/LARAVELBACKENDCHIL/vendor/laravel/framework/src/Illuminate/Cookie/Middleware/AddQueuedCookiesToResponse.php(37): Illuminate\\Pipeline\\Pipeline->{closure:{closure:Illuminate\\Pipeline\\Pipeline::carry():184}:185}(Object(Illuminate\\Http\\Request))
#14 /Users/elijahisrael/Desktop/Projects/chil/LARAVELBACKENDCHIL/vendor/laravel/framework/src/Illuminate/Pipeline/Pipeline.php(209): Illuminate\\Cookie\\Middleware\\AddQueuedCookiesToResponse->handle(Object(Illuminate\\Http\\Request), Object(Closure))
#15 /Users/elijahisrael/Desktop/Projects/chil/LARAVELBACKENDCHIL/vendor/laravel/framework/src/Illuminate/Cookie/Middleware/EncryptCookies.php(75): Illuminate\\Pipeline\\Pipeline->{closure:{closure:Illuminate\\Pipeline\\Pipeline::carry():184}:185}(Object(Illuminate\\Http\\Request))
#16 /Users/elijahisrael/Desktop/Projects/chil/LARAVELBACKENDCHIL/vendor/laravel/framework/src/Illuminate/Pipeline/Pipeline.php(209): Illuminate\\Cookie\\Middleware\\EncryptCookies->handle(Object(Illuminate\\Http\\Request), Object(Closure))
#17 /Users/elijahisrael/Desktop/Projects/chil/LARAVELBACKENDCHIL/vendor/laravel/framework/src/Illuminate/Pipeline/Pipeline.php(127): Illuminate\\Pipeline\\Pipeline->{closure:{closure:Illuminate\\Pipeline\\Pipeline::carry():184}:185}(Object(Illuminate\\Http\\Request))
#18 /Users/elijahisrael/Desktop/Projects/chil/LARAVELBACKENDCHIL/vendor/laravel/framework/src/Illuminate/Routing/Router.php(807): Illuminate\\Pipeline\\Pipeline->then(Object(Closure))
#19 /Users/elijahisrael/Desktop/Projects/chil/LARAVELBACKENDCHIL/vendor/laravel/framework/src/Illuminate/Routing/Router.php(786): Illuminate\\Routing\\Router->runRouteWithinStack(Object(Illuminate\\Routing\\Route), Object(Illuminate\\Http\\Request))
#20 /Users/elijahisrael/Desktop/Projects/chil/LARAVELBACKENDCHIL/vendor/laravel/framework/src/Illuminate/Routing/Router.php(750): Illuminate\\Routing\\Router->runRoute(Object(Illuminate\\Http\\Request), Object(Illuminate\\Routing\\Route))
#21 /Users/elijahisrael/Desktop/Projects/chil/LARAVELBACKENDCHIL/vendor/laravel/framework/src/Illuminate/Routing/Router.php(739): Illuminate\\Routing\\Router->dispatchToRoute(Object(Illuminate\\Http\\Request))
#22 /Users/elijahisrael/Desktop/Projects/chil/LARAVELBACKENDCHIL/vendor/laravel/framework/src/Illuminate/Foundation/Http/Kernel.php(201): Illuminate\\Routing\\Router->dispatch(Object(Illuminate\\Http\\Request))
#23 /Users/elijahisrael/Desktop/Projects/chil/LARAVELBACKENDCHIL/vendor/laravel/framework/src/Illuminate/Pipeline/Pipeline.php(170): Illuminate\\Foundation\\Http\\Kernel->{closure:Illuminate\\Foundation\\Http\\Kernel::dispatchToRouter():198}(Object(Illuminate\\Http\\Request))
#24 /Users/elijahisrael/Desktop/Projects/chil/LARAVELBACKENDCHIL/vendor/livewire/livewire/src/Features/SupportDisablingBackButtonCache/DisableBackButtonCacheMiddleware.php(19): Illuminate\\Pipeline\\Pipeline->{closure:Illuminate\\Pipeline\\Pipeline::prepareDestination():168}(Object(Illuminate\\Http\\Request))
#25 /Users/elijahisrael/Desktop/Projects/chil/LARAVELBACKENDCHIL/vendor/laravel/framework/src/Illuminate/Pipeline/Pipeline.php(209): Livewire\\Features\\SupportDisablingBackButtonCache\\DisableBackButtonCacheMiddleware->handle(Object(Illuminate\\Http\\Request), Object(Closure))
#26 /Users/elijahisrael/Desktop/Projects/chil/LARAVELBACKENDCHIL/app/Http/Middleware/Cors.php(31): Illuminate\\Pipeline\\Pipeline->{closure:{closure:Illuminate\\Pipeline\\Pipeline::carry():184}:185}(Object(Illuminate\\Http\\Request))
#27 /Users/elijahisrael/Desktop/Projects/chil/LARAVELBACKENDCHIL/vendor/laravel/framework/src/Illuminate/Pipeline/Pipeline.php(209): App\\Http\\Middleware\\Cors->handle(Object(Illuminate\\Http\\Request), Object(Closure))
#28 /Users/elijahisrael/Desktop/Projects/chil/LARAVELBACKENDCHIL/vendor/laravel/framework/src/Illuminate/Http/Middleware/TrustProxies.php(58): Illuminate\\Pipeline\\Pipeline->{closure:{closure:Illuminate\\Pipeline\\Pipeline::carry():184}:185}(Object(Illuminate\\Http\\Request))
#29 /Users/elijahisrael/Desktop/Projects/chil/LARAVELBACKENDCHIL/vendor/laravel/framework/src/Illuminate/Pipeline/Pipeline.php(209): Illuminate\\Http\\Middleware\\TrustProxies->handle(Object(Illuminate\\Http\\Request), Object(Closure))
#30 /Users/elijahisrael/Desktop/Projects/chil/LARAVELBACKENDCHIL/vendor/laravel/framework/src/Illuminate/Foundation/Http/Middleware/TransformsRequest.php(21): Illuminate\\Pipeline\\Pipeline->{closure:{closure:Illuminate\\Pipeline\\Pipeline::carry():184}:185}(Object(Illuminate\\Http\\Request))
#31 /Users/elijahisrael/Desktop/Projects/chil/LARAVELBACKENDCHIL/vendor/laravel/framework/src/Illuminate/Foundation/Http/Middleware/ConvertEmptyStringsToNull.php(31): Illuminate\\Foundation\\Http\\Middleware\\TransformsRequest->handle(Object(Illuminate\\Http\\Request), Object(Closure))
#32 /Users/elijahisrael/Desktop/Projects/chil/LARAVELBACKENDCHIL/vendor/laravel/framework/src/Illuminate/Pipeline/Pipeline.php(209): Illuminate\\Foundation\\Http\\Middleware\\ConvertEmptyStringsToNull->handle(Object(Illuminate\\Http\\Request), Object(Closure))
#33 /Users/elijahisrael/Desktop/Projects/chil/LARAVELBACKENDCHIL/vendor/laravel/framework/src/Illuminate/Foundation/Http/Middleware/TransformsRequest.php(21): Illuminate\\Pipeline\\Pipeline->{closure:{closure:Illuminate\\Pipeline\\Pipeline::carry():184}:185}(Object(Illuminate\\Http\\Request))
#34 /Users/elijahisrael/Desktop/Projects/chil/LARAVELBACKENDCHIL/vendor/laravel/framework/src/Illuminate/Foundation/Http/Middleware/TrimStrings.php(51): Illuminate\\Foundation\\Http\\Middleware\\TransformsRequest->handle(Object(Illuminate\\Http\\Request), Object(Closure))
#35 /Users/elijahisrael/Desktop/Projects/chil/LARAVELBACKENDCHIL/vendor/laravel/framework/src/Illuminate/Pipeline/Pipeline.php(209): Illuminate\\Foundation\\Http\\Middleware\\TrimStrings->handle(Object(Illuminate\\Http\\Request), Object(Closure))
#36 /Users/elijahisrael/Desktop/Projects/chil/LARAVELBACKENDCHIL/vendor/laravel/framework/src/Illuminate/Http/Middleware/ValidatePostSize.php(27): Illuminate\\Pipeline\\Pipeline->{closure:{closure:Illuminate\\Pipeline\\Pipeline::carry():184}:185}(Object(Illuminate\\Http\\Request))
#37 /Users/elijahisrael/Desktop/Projects/chil/LARAVELBACKENDCHIL/vendor/laravel/framework/src/Illuminate/Pipeline/Pipeline.php(209): Illuminate\\Http\\Middleware\\ValidatePostSize->handle(Object(Illuminate\\Http\\Request), Object(Closure))
#38 /Users/elijahisrael/Desktop/Projects/chil/LARAVELBACKENDCHIL/vendor/laravel/framework/src/Illuminate/Foundation/Http/Middleware/PreventRequestsDuringMaintenance.php(110): Illuminate\\Pipeline\\Pipeline->{closure:{closure:Illuminate\\Pipeline\\Pipeline::carry():184}:185}(Object(Illuminate\\Http\\Request))
#39 /Users/elijahisrael/Desktop/Projects/chil/LARAVELBACKENDCHIL/vendor/laravel/framework/src/Illuminate/Pipeline/Pipeline.php(209): Illuminate\\Foundation\\Http\\Middleware\\PreventRequestsDuringMaintenance->handle(Object(Illuminate\\Http\\Request), Object(Closure))
#40 /Users/elijahisrael/Desktop/Projects/chil/LARAVELBACKENDCHIL/vendor/laravel/framework/src/Illuminate/Pipeline/Pipeline.php(127): Illuminate\\Pipeline\\Pipeline->{closure:{closure:Illuminate\\Pipeline\\Pipeline::carry():184}:185}(Object(Illuminate\\Http\\Request))
#41 /Users/elijahisrael/Desktop/Projects/chil/LARAVELBACKENDCHIL/vendor/laravel/framework/src/Illuminate/Foundation/Http/Kernel.php(176): Illuminate\\Pipeline\\Pipeline->then(Object(Closure))
#42 /Users/elijahisrael/Desktop/Projects/chil/LARAVELBACKENDCHIL/vendor/laravel/framework/src/Illuminate/Foundation/Http/Kernel.php(145): Illuminate\\Foundation\\Http\\Kernel->sendRequestThroughRouter(Object(Illuminate\\Http\\Request))
#43 /Users/elijahisrael/Desktop/Projects/chil/LARAVELBACKENDCHIL/public/index.php(54): Illuminate\\Foundation\\Http\\Kernel->handle(Object(Illuminate\\Http\\Request))
#44 /Users/elijahisrael/Desktop/Projects/chil/LARAVELBACKENDCHIL/server.php(21): require_once('/Users/elijahis...')
#45 {main}
"} 
[2025-09-30 12:20:43] local.ERROR: SQLSTATE[08006] [7] connection to server at "localhost" (::1), port 5432 failed: Connection refused
	Is the server running on that host and accepting TCP/IP connections?
connection to server at "localhost" (127.0.0.1), port 5432 failed: Connection refused
	Is the server running on that host and accepting TCP/IP connections? (Connection: pgsql, SQL: select * from "health_facilities" where "health_facilities"."id" = 31 limit 1) {"exception":"[object] (Illuminate\\Database\\QueryException(code: 7): SQLSTATE[08006] [7] connection to server at \"localhost\" (::1), port 5432 failed: Connection refused
\tIs the server running on that host and accepting TCP/IP connections?
connection to server at \"localhost\" (127.0.0.1), port 5432 failed: Connection refused
\tIs the server running on that host and accepting TCP/IP connections? (Connection: pgsql, SQL: select * from \"health_facilities\" where \"health_facilities\".\"id\" = 31 limit 1) at /Users/elijahisrael/Desktop/Projects/chil/LARAVELBACKENDCHIL/vendor/laravel/framework/src/Illuminate/Database/Connection.php:825)
[stacktrace]
#0 /Users/elijahisrael/Desktop/Projects/chil/LARAVELBACKENDCHIL/vendor/laravel/framework/src/Illuminate/Database/Connection.php(779): Illuminate\\Database\\Connection->runQueryCallback('select * from \"...', Array, Object(Closure))
#1 /Users/elijahisrael/Desktop/Projects/chil/LARAVELBACKENDCHIL/vendor/laravel/framework/src/Illuminate/Database/Connection.php(398): Illuminate\\Database\\Connection->run('select * from \"...', Array, Object(Closure))
#2 /Users/elijahisrael/Desktop/Projects/chil/LARAVELBACKENDCHIL/vendor/laravel/framework/src/Illuminate/Database/Query/Builder.php(3106): Illuminate\\Database\\Connection->select('select * from \"...', Array, true)
#3 /Users/elijahisrael/Desktop/Projects/chil/LARAVELBACKENDCHIL/vendor/laravel/framework/src/Illuminate/Database/Query/Builder.php(3091): Illuminate\\Database\\Query\\Builder->runSelect()
#4 /Users/elijahisrael/Desktop/Projects/chil/LARAVELBACKENDCHIL/vendor/laravel/framework/src/Illuminate/Database/Query/Builder.php(3676): Illuminate\\Database\\Query\\Builder->{closure:Illuminate\\Database\\Query\\Builder::get():3090}()
#5 /Users/elijahisrael/Desktop/Projects/chil/LARAVELBACKENDCHIL/vendor/laravel/framework/src/Illuminate/Database/Query/Builder.php(3090): Illuminate\\Database\\Query\\Builder->onceWithColumns(Array, Object(Closure))
#6 /Users/elijahisrael/Desktop/Projects/chil/LARAVELBACKENDCHIL/vendor/laravel/framework/src/Illuminate/Database/Eloquent/Builder.php(811): Illuminate\\Database\\Query\\Builder->get(Array)
#7 /Users/elijahisrael/Desktop/Projects/chil/LARAVELBACKENDCHIL/vendor/laravel/framework/src/Illuminate/Database/Eloquent/Builder.php(793): Illuminate\\Database\\Eloquent\\Builder->getModels(Array)
#8 /Users/elijahisrael/Desktop/Projects/chil/LARAVELBACKENDCHIL/vendor/laravel/framework/src/Illuminate/Database/Concerns/BuildsQueries.php(343): Illuminate\\Database\\Eloquent\\Builder->get(Array)
#9 /Users/elijahisrael/Desktop/Projects/chil/LARAVELBACKENDCHIL/vendor/laravel/framework/src/Illuminate/Database/Eloquent/Builder.php(477): Illuminate\\Database\\Eloquent\\Builder->first(Array)
#10 /Users/elijahisrael/Desktop/Projects/chil/LARAVELBACKENDCHIL/vendor/laravel/framework/src/Illuminate/Database/Eloquent/Builder.php(524): Illuminate\\Database\\Eloquent\\Builder->find('31', Array)
#11 /Users/elijahisrael/Desktop/Projects/chil/LARAVELBACKENDCHIL/vendor/laravel/framework/src/Illuminate/Support/Traits/ForwardsCalls.php(23): Illuminate\\Database\\Eloquent\\Builder->findOrFail('31')
#12 /Users/elijahisrael/Desktop/Projects/chil/LARAVELBACKENDCHIL/vendor/laravel/framework/src/Illuminate/Database/Eloquent/Model.php(2372): Illuminate\\Database\\Eloquent\\Model->forwardCallTo(Object(Illuminate\\Database\\Eloquent\\Builder), 'findOrFail', Array)
#13 /Users/elijahisrael/Desktop/Projects/chil/LARAVELBACKENDCHIL/vendor/laravel/framework/src/Illuminate/Database/Eloquent/Model.php(2384): Illuminate\\Database\\Eloquent\\Model->__call('findOrFail', Array)
#14 /Users/elijahisrael/Desktop/Projects/chil/LARAVELBACKENDCHIL/app/Http/Controllers/HealthFacilityController.php(104): Illuminate\\Database\\Eloquent\\Model::__callStatic('findOrFail', Array)
#15 /Users/elijahisrael/Desktop/Projects/chil/LARAVELBACKENDCHIL/vendor/laravel/framework/src/Illuminate/Routing/Controller.php(54): App\\Http\\Controllers\\HealthFacilityController->showDashboard('31')
#16 /Users/elijahisrael/Desktop/Projects/chil/LARAVELBACKENDCHIL/vendor/laravel/framework/src/Illuminate/Routing/ControllerDispatcher.php(44): Illuminate\\Routing\\Controller->callAction('showDashboard', Array)
#17 /Users/elijahisrael/Desktop/Projects/chil/LARAVELBACKENDCHIL/vendor/laravel/framework/src/Illuminate/Routing/Route.php(266): Illuminate\\Routing\\ControllerDispatcher->dispatch(Object(Illuminate\\Routing\\Route), Object(App\\Http\\Controllers\\HealthFacilityController), 'showDashboard')
#18 /Users/elijahisrael/Desktop/Projects/chil/LARAVELBACKENDCHIL/vendor/laravel/framework/src/Illuminate/Routing/Route.php(212): Illuminate\\Routing\\Route->runController()
#19 /Users/elijahisrael/Desktop/Projects/chil/LARAVELBACKENDCHIL/vendor/laravel/framework/src/Illuminate/Routing/Router.php(808): Illuminate\\Routing\\Route->run()
#20 /Users/elijahisrael/Desktop/Projects/chil/LARAVELBACKENDCHIL/vendor/laravel/framework/src/Illuminate/Pipeline/Pipeline.php(170): Illuminate\\Routing\\Router->{closure:Illuminate\\Routing\\Router::runRouteWithinStack():807}(Object(Illuminate\\Http\\Request))
#21 /Users/elijahisrael/Desktop/Projects/chil/LARAVELBACKENDCHIL/vendor/laravel/framework/src/Illuminate/Routing/Middleware/SubstituteBindings.php(51): Illuminate\\Pipeline\\Pipeline->{closure:Illuminate\\Pipeline\\Pipeline::prepareDestination():168}(Object(Illuminate\\Http\\Request))
#22 /Users/elijahisrael/Desktop/Projects/chil/LARAVELBACKENDCHIL/vendor/laravel/framework/src/Illuminate/Pipeline/Pipeline.php(209): Illuminate\\Routing\\Middleware\\SubstituteBindings->handle(Object(Illuminate\\Http\\Request), Object(Closure))
#23 /Users/elijahisrael/Desktop/Projects/chil/LARAVELBACKENDCHIL/vendor/laravel/framework/src/Illuminate/Foundation/Http/Middleware/VerifyCsrfToken.php(88): Illuminate\\Pipeline\\Pipeline->{closure:{closure:Illuminate\\Pipeline\\Pipeline::carry():184}:185}(Object(Illuminate\\Http\\Request))
#24 /Users/elijahisrael/Desktop/Projects/chil/LARAVELBACKENDCHIL/vendor/laravel/framework/src/Illuminate/Pipeline/Pipeline.php(209): Illuminate\\Foundation\\Http\\Middleware\\VerifyCsrfToken->handle(Object(Illuminate\\Http\\Request), Object(Closure))
#25 /Users/elijahisrael/Desktop/Projects/chil/LARAVELBACKENDCHIL/vendor/laravel/framework/src/Illuminate/View/Middleware/ShareErrorsFromSession.php(49): Illuminate\\Pipeline\\Pipeline->{closure:{closure:Illuminate\\Pipeline\\Pipeline::carry():184}:185}(Object(Illuminate\\Http\\Request))
#26 /Users/elijahisrael/Desktop/Projects/chil/LARAVELBACKENDCHIL/vendor/laravel/framework/src/Illuminate/Pipeline/Pipeline.php(209): Illuminate\\View\\Middleware\\ShareErrorsFromSession->handle(Object(Illuminate\\Http\\Request), Object(Closure))
#27 /Users/elijahisrael/Desktop/Projects/chil/LARAVELBACKENDCHIL/vendor/laravel/framework/src/Illuminate/Session/Middleware/StartSession.php(121): Illuminate\\Pipeline\\Pipeline->{closure:{closure:Illuminate\\Pipeline\\Pipeline::carry():184}:185}(Object(Illuminate\\Http\\Request))
#28 /Users/elijahisrael/Desktop/Projects/chil/LARAVELBACKENDCHIL/vendor/laravel/framework/src/Illuminate/Session/Middleware/StartSession.php(64): Illuminate\\Session\\Middleware\\StartSession->handleStatefulRequest(Object(Illuminate\\Http\\Request), Object(Illuminate\\Session\\Store), Object(Closure))
#29 /Users/elijahisrael/Desktop/Projects/chil/LARAVELBACKENDCHIL/vendor/laravel/framework/src/Illuminate/Pipeline/Pipeline.php(209): Illuminate\\Session\\Middleware\\StartSession->handle(Object(Illuminate\\Http\\Request), Object(Closure))
#30 /Users/elijahisrael/Desktop/Projects/chil/LARAVELBACKENDCHIL/vendor/laravel/framework/src/Illuminate/Cookie/Middleware/AddQueuedCookiesToResponse.php(37): Illuminate\\Pipeline\\Pipeline->{closure:{closure:Illuminate\\Pipeline\\Pipeline::carry():184}:185}(Object(Illuminate\\Http\\Request))
#31 /Users/elijahisrael/Desktop/Projects/chil/LARAVELBACKENDCHIL/vendor/laravel/framework/src/Illuminate/Pipeline/Pipeline.php(209): Illuminate\\Cookie\\Middleware\\AddQueuedCookiesToResponse->handle(Object(Illuminate\\Http\\Request), Object(Closure))
#32 /Users/elijahisrael/Desktop/Projects/chil/LARAVELBACKENDCHIL/vendor/laravel/framework/src/Illuminate/Cookie/Middleware/EncryptCookies.php(75): Illuminate\\Pipeline\\Pipeline->{closure:{closure:Illuminate\\Pipeline\\Pipeline::carry():184}:185}(Object(Illuminate\\Http\\Request))
#33 /Users/elijahisrael/Desktop/Projects/chil/LARAVELBACKENDCHIL/vendor/laravel/framework/src/Illuminate/Pipeline/Pipeline.php(209): Illuminate\\Cookie\\Middleware\\EncryptCookies->handle(Object(Illuminate\\Http\\Request), Object(Closure))
#34 /Users/elijahisrael/Desktop/Projects/chil/LARAVELBACKENDCHIL/vendor/laravel/framework/src/Illuminate/Pipeline/Pipeline.php(127): Illuminate\\Pipeline\\Pipeline->{closure:{closure:Illuminate\\Pipeline\\Pipeline::carry():184}:185}(Object(Illuminate\\Http\\Request))
#35 /Users/elijahisrael/Desktop/Projects/chil/LARAVELBACKENDCHIL/vendor/laravel/framework/src/Illuminate/Routing/Router.php(807): Illuminate\\Pipeline\\Pipeline->then(Object(Closure))
#36 /Users/elijahisrael/Desktop/Projects/chil/LARAVELBACKENDCHIL/vendor/laravel/framework/src/Illuminate/Routing/Router.php(786): Illuminate\\Routing\\Router->runRouteWithinStack(Object(Illuminate\\Routing\\Route), Object(Illuminate\\Http\\Request))
#37 /Users/elijahisrael/Desktop/Projects/chil/LARAVELBACKENDCHIL/vendor/laravel/framework/src/Illuminate/Routing/Router.php(750): Illuminate\\Routing\\Router->runRoute(Object(Illuminate\\Http\\Request), Object(Illuminate\\Routing\\Route))
#38 /Users/elijahisrael/Desktop/Projects/chil/LARAVELBACKENDCHIL/vendor/laravel/framework/src/Illuminate/Routing/Router.php(739): Illuminate\\Routing\\Router->dispatchToRoute(Object(Illuminate\\Http\\Request))
#39 /Users/elijahisrael/Desktop/Projects/chil/LARAVELBACKENDCHIL/vendor/laravel/framework/src/Illuminate/Foundation/Http/Kernel.php(201): Illuminate\\Routing\\Router->dispatch(Object(Illuminate\\Http\\Request))
#40 /Users/elijahisrael/Desktop/Projects/chil/LARAVELBACKENDCHIL/vendor/laravel/framework/src/Illuminate/Pipeline/Pipeline.php(170): Illuminate\\Foundation\\Http\\Kernel->{closure:Illuminate\\Foundation\\Http\\Kernel::dispatchToRouter():198}(Object(Illuminate\\Http\\Request))
#41 /Users/elijahisrael/Desktop/Projects/chil/LARAVELBACKENDCHIL/vendor/livewire/livewire/src/Features/SupportDisablingBackButtonCache/DisableBackButtonCacheMiddleware.php(19): Illuminate\\Pipeline\\Pipeline->{closure:Illuminate\\Pipeline\\Pipeline::prepareDestination():168}(Object(Illuminate\\Http\\Request))
#42 /Users/elijahisrael/Desktop/Projects/chil/LARAVELBACKENDCHIL/vendor/laravel/framework/src/Illuminate/Pipeline/Pipeline.php(209): Livewire\\Features\\SupportDisablingBackButtonCache\\DisableBackButtonCacheMiddleware->handle(Object(Illuminate\\Http\\Request), Object(Closure))
#43 /Users/elijahisrael/Desktop/Projects/chil/LARAVELBACKENDCHIL/app/Http/Middleware/Cors.php(31): Illuminate\\Pipeline\\Pipeline->{closure:{closure:Illuminate\\Pipeline\\Pipeline::carry():184}:185}(Object(Illuminate\\Http\\Request))
#44 /Users/elijahisrael/Desktop/Projects/chil/LARAVELBACKENDCHIL/vendor/laravel/framework/src/Illuminate/Pipeline/Pipeline.php(209): App\\Http\\Middleware\\Cors->handle(Object(Illuminate\\Http\\Request), Object(Closure))
#45 /Users/elijahisrael/Desktop/Projects/chil/LARAVELBACKENDCHIL/vendor/laravel/framework/src/Illuminate/Http/Middleware/TrustProxies.php(58): Illuminate\\Pipeline\\Pipeline->{closure:{closure:Illuminate\\Pipeline\\Pipeline::carry():184}:185}(Object(Illuminate\\Http\\Request))
#46 /Users/elijahisrael/Desktop/Projects/chil/LARAVELBACKENDCHIL/vendor/laravel/framework/src/Illuminate/Pipeline/Pipeline.php(209): Illuminate\\Http\\Middleware\\TrustProxies->handle(Object(Illuminate\\Http\\Request), Object(Closure))
#47 /Users/elijahisrael/Desktop/Projects/chil/LARAVELBACKENDCHIL/vendor/laravel/framework/src/Illuminate/Foundation/Http/Middleware/TransformsRequest.php(21): Illuminate\\Pipeline\\Pipeline->{closure:{closure:Illuminate\\Pipeline\\Pipeline::carry():184}:185}(Object(Illuminate\\Http\\Request))
#48 /Users/elijahisrael/Desktop/Projects/chil/LARAVELBACKENDCHIL/vendor/laravel/framework/src/Illuminate/Foundation/Http/Middleware/ConvertEmptyStringsToNull.php(31): Illuminate\\Foundation\\Http\\Middleware\\TransformsRequest->handle(Object(Illuminate\\Http\\Request), Object(Closure))
#49 /Users/elijahisrael/Desktop/Projects/chil/LARAVELBACKENDCHIL/vendor/laravel/framework/src/Illuminate/Pipeline/Pipeline.php(209): Illuminate\\Foundation\\Http\\Middleware\\ConvertEmptyStringsToNull->handle(Object(Illuminate\\Http\\Request), Object(Closure))
#50 /Users/elijahisrael/Desktop/Projects/chil/LARAVELBACKENDCHIL/vendor/laravel/framework/src/Illuminate/Foundation/Http/Middleware/TransformsRequest.php(21): Illuminate\\Pipeline\\Pipeline->{closure:{closure:Illuminate\\Pipeline\\Pipeline::carry():184}:185}(Object(Illuminate\\Http\\Request))
#51 /Users/elijahisrael/Desktop/Projects/chil/LARAVELBACKENDCHIL/vendor/laravel/framework/src/Illuminate/Foundation/Http/Middleware/TrimStrings.php(51): Illuminate\\Foundation\\Http\\Middleware\\TransformsRequest->handle(Object(Illuminate\\Http\\Request), Object(Closure))
#52 /Users/elijahisrael/Desktop/Projects/chil/LARAVELBACKENDCHIL/vendor/laravel/framework/src/Illuminate/Pipeline/Pipeline.php(209): Illuminate\\Foundation\\Http\\Middleware\\TrimStrings->handle(Object(Illuminate\\Http\\Request), Object(Closure))
#53 /Users/elijahisrael/Desktop/Projects/chil/LARAVELBACKENDCHIL/vendor/laravel/framework/src/Illuminate/Http/Middleware/ValidatePostSize.php(27): Illuminate\\Pipeline\\Pipeline->{closure:{closure:Illuminate\\Pipeline\\Pipeline::carry():184}:185}(Object(Illuminate\\Http\\Request))
#54 /Users/elijahisrael/Desktop/Projects/chil/LARAVELBACKENDCHIL/vendor/laravel/framework/src/Illuminate/Pipeline/Pipeline.php(209): Illuminate\\Http\\Middleware\\ValidatePostSize->handle(Object(Illuminate\\Http\\Request), Object(Closure))
#55 /Users/elijahisrael/Desktop/Projects/chil/LARAVELBACKENDCHIL/vendor/laravel/framework/src/Illuminate/Foundation/Http/Middleware/PreventRequestsDuringMaintenance.php(110): Illuminate\\Pipeline\\Pipeline->{closure:{closure:Illuminate\\Pipeline\\Pipeline::carry():184}:185}(Object(Illuminate\\Http\\Request))
#56 /Users/elijahisrael/Desktop/Projects/chil/LARAVELBACKENDCHIL/vendor/laravel/framework/src/Illuminate/Pipeline/Pipeline.php(209): Illuminate\\Foundation\\Http\\Middleware\\PreventRequestsDuringMaintenance->handle(Object(Illuminate\\Http\\Request), Object(Closure))
#57 /Users/elijahisrael/Desktop/Projects/chil/LARAVELBACKENDCHIL/vendor/laravel/framework/src/Illuminate/Pipeline/Pipeline.php(127): Illuminate\\Pipeline\\Pipeline->{closure:{closure:Illuminate\\Pipeline\\Pipeline::carry():184}:185}(Object(Illuminate\\Http\\Request))
#58 /Users/elijahisrael/Desktop/Projects/chil/LARAVELBACKENDCHIL/vendor/laravel/framework/src/Illuminate/Foundation/Http/Kernel.php(176): Illuminate\\Pipeline\\Pipeline->then(Object(Closure))
#59 /Users/elijahisrael/Desktop/Projects/chil/LARAVELBACKENDCHIL/vendor/laravel/framework/src/Illuminate/Foundation/Http/Kernel.php(145): Illuminate\\Foundation\\Http\\Kernel->sendRequestThroughRouter(Object(Illuminate\\Http\\Request))
#60 /Users/elijahisrael/Desktop/Projects/chil/LARAVELBACKENDCHIL/public/index.php(54): Illuminate\\Foundation\\Http\\Kernel->handle(Object(Illuminate\\Http\\Request))
#61 /Users/elijahisrael/Desktop/Projects/chil/LARAVELBACKENDCHIL/server.php(21): require_once('/Users/elijahis...')
#62 {main}

[previous exception] [object] (PDOException(code: 7): SQLSTATE[08006] [7] connection to server at \"localhost\" (::1), port 5432 failed: Connection refused
\tIs the server running on that host and accepting TCP/IP connections?
connection to server at \"localhost\" (127.0.0.1), port 5432 failed: Connection refused
\tIs the server running on that host and accepting TCP/IP connections? at /Users/elijahisrael/Desktop/Projects/chil/LARAVELBACKENDCHIL/vendor/laravel/framework/src/Illuminate/Database/Connectors/Connector.php:67)
[stacktrace]
#0 /Users/elijahisrael/Desktop/Projects/chil/LARAVELBACKENDCHIL/vendor/laravel/framework/src/Illuminate/Database/Connectors/Connector.php(67): PDO::connect('pgsql:host=loca...', 'homestead', Object(SensitiveParameterValue), Array)
#1 /Users/elijahisrael/Desktop/Projects/chil/LARAVELBACKENDCHIL/vendor/laravel/framework/src/Illuminate/Database/Connectors/Connector.php(44): Illuminate\\Database\\Connectors\\Connector->createPdoConnection('pgsql:host=loca...', 'homestead', Object(SensitiveParameterValue), Array)
#2 /Users/elijahisrael/Desktop/Projects/chil/LARAVELBACKENDCHIL/vendor/laravel/framework/src/Illuminate/Database/Connectors/PostgresConnector.php(35): Illuminate\\Database\\Connectors\\Connector->createConnection('pgsql:host=loca...', Array, Array)
#3 /Users/elijahisrael/Desktop/Projects/chil/LARAVELBACKENDCHIL/vendor/laravel/framework/src/Illuminate/Database/Connectors/ConnectionFactory.php(185): Illuminate\\Database\\Connectors\\PostgresConnector->connect(Array)
#4 [internal function]: Illuminate\\Database\\Connectors\\ConnectionFactory->{closure:Illuminate\\Database\\Connectors\\ConnectionFactory::createPdoResolverWithHosts():180}()
#5 /Users/elijahisrael/Desktop/Projects/chil/LARAVELBACKENDCHIL/vendor/laravel/framework/src/Illuminate/Database/Connection.php(1231): call_user_func(Object(Closure))
#6 /Users/elijahisrael/Desktop/Projects/chil/LARAVELBACKENDCHIL/vendor/laravel/framework/src/Illuminate/Database/Connection.php(1267): Illuminate\\Database\\Connection->getPdo()
#7 /Users/elijahisrael/Desktop/Projects/chil/LARAVELBACKENDCHIL/vendor/laravel/framework/src/Illuminate/Database/Connection.php(512): Illuminate\\Database\\Connection->getReadPdo()
#8 /Users/elijahisrael/Desktop/Projects/chil/LARAVELBACKENDCHIL/vendor/laravel/framework/src/Illuminate/Database/Connection.php(407): Illuminate\\Database\\Connection->getPdoForSelect(true)
#9 /Users/elijahisrael/Desktop/Projects/chil/LARAVELBACKENDCHIL/vendor/laravel/framework/src/Illuminate/Database/Connection.php(812): Illuminate\\Database\\Connection->{closure:Illuminate\\Database\\Connection::select():398}('select * from \"...', Array)
#10 /Users/elijahisrael/Desktop/Projects/chil/LARAVELBACKENDCHIL/vendor/laravel/framework/src/Illuminate/Database/Connection.php(779): Illuminate\\Database\\Connection->runQueryCallback('select * from \"...', Array, Object(Closure))
#11 /Users/elijahisrael/Desktop/Projects/chil/LARAVELBACKENDCHIL/vendor/laravel/framework/src/Illuminate/Database/Connection.php(398): Illuminate\\Database\\Connection->run('select * from \"...', Array, Object(Closure))
#12 /Users/elijahisrael/Desktop/Projects/chil/LARAVELBACKENDCHIL/vendor/laravel/framework/src/Illuminate/Database/Query/Builder.php(3106): Illuminate\\Database\\Connection->select('select * from \"...', Array, true)
#13 /Users/elijahisrael/Desktop/Projects/chil/LARAVELBACKENDCHIL/vendor/laravel/framework/src/Illuminate/Database/Query/Builder.php(3091): Illuminate\\Database\\Query\\Builder->runSelect()
#14 /Users/elijahisrael/Desktop/Projects/chil/LARAVELBACKENDCHIL/vendor/laravel/framework/src/Illuminate/Database/Query/Builder.php(3676): Illuminate\\Database\\Query\\Builder->{closure:Illuminate\\Database\\Query\\Builder::get():3090}()
#15 /Users/elijahisrael/Desktop/Projects/chil/LARAVELBACKENDCHIL/vendor/laravel/framework/src/Illuminate/Database/Query/Builder.php(3090): Illuminate\\Database\\Query\\Builder->onceWithColumns(Array, Object(Closure))
#16 /Users/elijahisrael/Desktop/Projects/chil/LARAVELBACKENDCHIL/vendor/laravel/framework/src/Illuminate/Database/Eloquent/Builder.php(811): Illuminate\\Database\\Query\\Builder->get(Array)
#17 /Users/elijahisrael/Desktop/Projects/chil/LARAVELBACKENDCHIL/vendor/laravel/framework/src/Illuminate/Database/Eloquent/Builder.php(793): Illuminate\\Database\\Eloquent\\Builder->getModels(Array)
#18 /Users/elijahisrael/Desktop/Projects/chil/LARAVELBACKENDCHIL/vendor/laravel/framework/src/Illuminate/Database/Concerns/BuildsQueries.php(343): Illuminate\\Database\\Eloquent\\Builder->get(Array)
#19 /Users/elijahisrael/Desktop/Projects/chil/LARAVELBACKENDCHIL/vendor/laravel/framework/src/Illuminate/Database/Eloquent/Builder.php(477): Illuminate\\Database\\Eloquent\\Builder->first(Array)
#20 /Users/elijahisrael/Desktop/Projects/chil/LARAVELBACKENDCHIL/vendor/laravel/framework/src/Illuminate/Database/Eloquent/Builder.php(524): Illuminate\\Database\\Eloquent\\Builder->find('31', Array)
#21 /Users/elijahisrael/Desktop/Projects/chil/LARAVELBACKENDCHIL/vendor/laravel/framework/src/Illuminate/Support/Traits/ForwardsCalls.php(23): Illuminate\\Database\\Eloquent\\Builder->findOrFail('31')
#22 /Users/elijahisrael/Desktop/Projects/chil/LARAVELBACKENDCHIL/vendor/laravel/framework/src/Illuminate/Database/Eloquent/Model.php(2372): Illuminate\\Database\\Eloquent\\Model->forwardCallTo(Object(Illuminate\\Database\\Eloquent\\Builder), 'findOrFail', Array)
#23 /Users/elijahisrael/Desktop/Projects/chil/LARAVELBACKENDCHIL/vendor/laravel/framework/src/Illuminate/Database/Eloquent/Model.php(2384): Illuminate\\Database\\Eloquent\\Model->__call('findOrFail', Array)
#24 /Users/elijahisrael/Desktop/Projects/chil/LARAVELBACKENDCHIL/app/Http/Controllers/HealthFacilityController.php(104): Illuminate\\Database\\Eloquent\\Model::__callStatic('findOrFail', Array)
#25 /Users/elijahisrael/Desktop/Projects/chil/LARAVELBACKENDCHIL/vendor/laravel/framework/src/Illuminate/Routing/Controller.php(54): App\\Http\\Controllers\\HealthFacilityController->showDashboard('31')
#26 /Users/elijahisrael/Desktop/Projects/chil/LARAVELBACKENDCHIL/vendor/laravel/framework/src/Illuminate/Routing/ControllerDispatcher.php(44): Illuminate\\Routing\\Controller->callAction('showDashboard', Array)
#27 /Users/elijahisrael/Desktop/Projects/chil/LARAVELBACKENDCHIL/vendor/laravel/framework/src/Illuminate/Routing/Route.php(266): Illuminate\\Routing\\ControllerDispatcher->dispatch(Object(Illuminate\\Routing\\Route), Object(App\\Http\\Controllers\\HealthFacilityController), 'showDashboard')
#28 /Users/elijahisrael/Desktop/Projects/chil/LARAVELBACKENDCHIL/vendor/laravel/framework/src/Illuminate/Routing/Route.php(212): Illuminate\\Routing\\Route->runController()
#29 /Users/elijahisrael/Desktop/Projects/chil/LARAVELBACKENDCHIL/vendor/laravel/framework/src/Illuminate/Routing/Router.php(808): Illuminate\\Routing\\Route->run()
#30 /Users/elijahisrael/Desktop/Projects/chil/LARAVELBACKENDCHIL/vendor/laravel/framework/src/Illuminate/Pipeline/Pipeline.php(170): Illuminate\\Routing\\Router->{closure:Illuminate\\Routing\\Router::runRouteWithinStack():807}(Object(Illuminate\\Http\\Request))
#31 /Users/elijahisrael/Desktop/Projects/chil/LARAVELBACKENDCHIL/vendor/laravel/framework/src/Illuminate/Routing/Middleware/SubstituteBindings.php(51): Illuminate\\Pipeline\\Pipeline->{closure:Illuminate\\Pipeline\\Pipeline::prepareDestination():168}(Object(Illuminate\\Http\\Request))
#32 /Users/elijahisrael/Desktop/Projects/chil/LARAVELBACKENDCHIL/vendor/laravel/framework/src/Illuminate/Pipeline/Pipeline.php(209): Illuminate\\Routing\\Middleware\\SubstituteBindings->handle(Object(Illuminate\\Http\\Request), Object(Closure))
#33 /Users/elijahisrael/Desktop/Projects/chil/LARAVELBACKENDCHIL/vendor/laravel/framework/src/Illuminate/Foundation/Http/Middleware/VerifyCsrfToken.php(88): Illuminate\\Pipeline\\Pipeline->{closure:{closure:Illuminate\\Pipeline\\Pipeline::carry():184}:185}(Object(Illuminate\\Http\\Request))
#34 /Users/elijahisrael/Desktop/Projects/chil/LARAVELBACKENDCHIL/vendor/laravel/framework/src/Illuminate/Pipeline/Pipeline.php(209): Illuminate\\Foundation\\Http\\Middleware\\VerifyCsrfToken->handle(Object(Illuminate\\Http\\Request), Object(Closure))
#35 /Users/elijahisrael/Desktop/Projects/chil/LARAVELBACKENDCHIL/vendor/laravel/framework/src/Illuminate/View/Middleware/ShareErrorsFromSession.php(49): Illuminate\\Pipeline\\Pipeline->{closure:{closure:Illuminate\\Pipeline\\Pipeline::carry():184}:185}(Object(Illuminate\\Http\\Request))
#36 /Users/elijahisrael/Desktop/Projects/chil/LARAVELBACKENDCHIL/vendor/laravel/framework/src/Illuminate/Pipeline/Pipeline.php(209): Illuminate\\View\\Middleware\\ShareErrorsFromSession->handle(Object(Illuminate\\Http\\Request), Object(Closure))
#37 /Users/elijahisrael/Desktop/Projects/chil/LARAVELBACKENDCHIL/vendor/laravel/framework/src/Illuminate/Session/Middleware/StartSession.php(121): Illuminate\\Pipeline\\Pipeline->{closure:{closure:Illuminate\\Pipeline\\Pipeline::carry():184}:185}(Object(Illuminate\\Http\\Request))
#38 /Users/elijahisrael/Desktop/Projects/chil/LARAVELBACKENDCHIL/vendor/laravel/framework/src/Illuminate/Session/Middleware/StartSession.php(64): Illuminate\\Session\\Middleware\\StartSession->handleStatefulRequest(Object(Illuminate\\Http\\Request), Object(Illuminate\\Session\\Store), Object(Closure))
#39 /Users/elijahisrael/Desktop/Projects/chil/LARAVELBACKENDCHIL/vendor/laravel/framework/src/Illuminate/Pipeline/Pipeline.php(209): Illuminate\\Session\\Middleware\\StartSession->handle(Object(Illuminate\\Http\\Request), Object(Closure))
#40 /Users/elijahisrael/Desktop/Projects/chil/LARAVELBACKENDCHIL/vendor/laravel/framework/src/Illuminate/Cookie/Middleware/AddQueuedCookiesToResponse.php(37): Illuminate\\Pipeline\\Pipeline->{closure:{closure:Illuminate\\Pipeline\\Pipeline::carry():184}:185}(Object(Illuminate\\Http\\Request))
#41 /Users/elijahisrael/Desktop/Projects/chil/LARAVELBACKENDCHIL/vendor/laravel/framework/src/Illuminate/Pipeline/Pipeline.php(209): Illuminate\\Cookie\\Middleware\\AddQueuedCookiesToResponse->handle(Object(Illuminate\\Http\\Request), Object(Closure))
#42 /Users/elijahisrael/Desktop/Projects/chil/LARAVELBACKENDCHIL/vendor/laravel/framework/src/Illuminate/Cookie/Middleware/EncryptCookies.php(75): Illuminate\\Pipeline\\Pipeline->{closure:{closure:Illuminate\\Pipeline\\Pipeline::carry():184}:185}(Object(Illuminate\\Http\\Request))
#43 /Users/elijahisrael/Desktop/Projects/chil/LARAVELBACKENDCHIL/vendor/laravel/framework/src/Illuminate/Pipeline/Pipeline.php(209): Illuminate\\Cookie\\Middleware\\EncryptCookies->handle(Object(Illuminate\\Http\\Request), Object(Closure))
#44 /Users/elijahisrael/Desktop/Projects/chil/LARAVELBACKENDCHIL/vendor/laravel/framework/src/Illuminate/Pipeline/Pipeline.php(127): Illuminate\\Pipeline\\Pipeline->{closure:{closure:Illuminate\\Pipeline\\Pipeline::carry():184}:185}(Object(Illuminate\\Http\\Request))
#45 /Users/elijahisrael/Desktop/Projects/chil/LARAVELBACKENDCHIL/vendor/laravel/framework/src/Illuminate/Routing/Router.php(807): Illuminate\\Pipeline\\Pipeline->then(Object(Closure))
#46 /Users/elijahisrael/Desktop/Projects/chil/LARAVELBACKENDCHIL/vendor/laravel/framework/src/Illuminate/Routing/Router.php(786): Illuminate\\Routing\\Router->runRouteWithinStack(Object(Illuminate\\Routing\\Route), Object(Illuminate\\Http\\Request))
#47 /Users/elijahisrael/Desktop/Projects/chil/LARAVELBACKENDCHIL/vendor/laravel/framework/src/Illuminate/Routing/Router.php(750): Illuminate\\Routing\\Router->runRoute(Object(Illuminate\\Http\\Request), Object(Illuminate\\Routing\\Route))
#48 /Users/elijahisrael/Desktop/Projects/chil/LARAVELBACKENDCHIL/vendor/laravel/framework/src/Illuminate/Routing/Router.php(739): Illuminate\\Routing\\Router->dispatchToRoute(Object(Illuminate\\Http\\Request))
#49 /Users/elijahisrael/Desktop/Projects/chil/LARAVELBACKENDCHIL/vendor/laravel/framework/src/Illuminate/Foundation/Http/Kernel.php(201): Illuminate\\Routing\\Router->dispatch(Object(Illuminate\\Http\\Request))
#50 /Users/elijahisrael/Desktop/Projects/chil/LARAVELBACKENDCHIL/vendor/laravel/framework/src/Illuminate/Pipeline/Pipeline.php(170): Illuminate\\Foundation\\Http\\Kernel->{closure:Illuminate\\Foundation\\Http\\Kernel::dispatchToRouter():198}(Object(Illuminate\\Http\\Request))
#51 /Users/elijahisrael/Desktop/Projects/chil/LARAVELBACKENDCHIL/vendor/livewire/livewire/src/Features/SupportDisablingBackButtonCache/DisableBackButtonCacheMiddleware.php(19): Illuminate\\Pipeline\\Pipeline->{closure:Illuminate\\Pipeline\\Pipeline::prepareDestination():168}(Object(Illuminate\\Http\\Request))
#52 /Users/elijahisrael/Desktop/Projects/chil/LARAVELBACKENDCHIL/vendor/laravel/framework/src/Illuminate/Pipeline/Pipeline.php(209): Livewire\\Features\\SupportDisablingBackButtonCache\\DisableBackButtonCacheMiddleware->handle(Object(Illuminate\\Http\\Request), Object(Closure))
#53 /Users/elijahisrael/Desktop/Projects/chil/LARAVELBACKENDCHIL/app/Http/Middleware/Cors.php(31): Illuminate\\Pipeline\\Pipeline->{closure:{closure:Illuminate\\Pipeline\\Pipeline::carry():184}:185}(Object(Illuminate\\Http\\Request))
#54 /Users/elijahisrael/Desktop/Projects/chil/LARAVELBACKENDCHIL/vendor/laravel/framework/src/Illuminate/Pipeline/Pipeline.php(209): App\\Http\\Middleware\\Cors->handle(Object(Illuminate\\Http\\Request), Object(Closure))
#55 /Users/elijahisrael/Desktop/Projects/chil/LARAVELBACKENDCHIL/vendor/laravel/framework/src/Illuminate/Http/Middleware/TrustProxies.php(58): Illuminate\\Pipeline\\Pipeline->{closure:{closure:Illuminate\\Pipeline\\Pipeline::carry():184}:185}(Object(Illuminate\\Http\\Request))
#56 /Users/elijahisrael/Desktop/Projects/chil/LARAVELBACKENDCHIL/vendor/laravel/framework/src/Illuminate/Pipeline/Pipeline.php(209): Illuminate\\Http\\Middleware\\TrustProxies->handle(Object(Illuminate\\Http\\Request), Object(Closure))
#57 /Users/elijahisrael/Desktop/Projects/chil/LARAVELBACKENDCHIL/vendor/laravel/framework/src/Illuminate/Foundation/Http/Middleware/TransformsRequest.php(21): Illuminate\\Pipeline\\Pipeline->{closure:{closure:Illuminate\\Pipeline\\Pipeline::carry():184}:185}(Object(Illuminate\\Http\\Request))
#58 /Users/elijahisrael/Desktop/Projects/chil/LARAVELBACKENDCHIL/vendor/laravel/framework/src/Illuminate/Foundation/Http/Middleware/ConvertEmptyStringsToNull.php(31): Illuminate\\Foundation\\Http\\Middleware\\TransformsRequest->handle(Object(Illuminate\\Http\\Request), Object(Closure))
#59 /Users/elijahisrael/Desktop/Projects/chil/LARAVELBACKENDCHIL/vendor/laravel/framework/src/Illuminate/Pipeline/Pipeline.php(209): Illuminate\\Foundation\\Http\\Middleware\\ConvertEmptyStringsToNull->handle(Object(Illuminate\\Http\\Request), Object(Closure))
#60 /Users/elijahisrael/Desktop/Projects/chil/LARAVELBACKENDCHIL/vendor/laravel/framework/src/Illuminate/Foundation/Http/Middleware/TransformsRequest.php(21): Illuminate\\Pipeline\\Pipeline->{closure:{closure:Illuminate\\Pipeline\\Pipeline::carry():184}:185}(Object(Illuminate\\Http\\Request))
#61 /Users/elijahisrael/Desktop/Projects/chil/LARAVELBACKENDCHIL/vendor/laravel/framework/src/Illuminate/Foundation/Http/Middleware/TrimStrings.php(51): Illuminate\\Foundation\\Http\\Middleware\\TransformsRequest->handle(Object(Illuminate\\Http\\Request), Object(Closure))
#62 /Users/elijahisrael/Desktop/Projects/chil/LARAVELBACKENDCHIL/vendor/laravel/framework/src/Illuminate/Pipeline/Pipeline.php(209): Illuminate\\Foundation\\Http\\Middleware\\TrimStrings->handle(Object(Illuminate\\Http\\Request), Object(Closure))
#63 /Users/elijahisrael/Desktop/Projects/chil/LARAVELBACKENDCHIL/vendor/laravel/framework/src/Illuminate/Http/Middleware/ValidatePostSize.php(27): Illuminate\\Pipeline\\Pipeline->{closure:{closure:Illuminate\\Pipeline\\Pipeline::carry():184}:185}(Object(Illuminate\\Http\\Request))
#64 /Users/elijahisrael/Desktop/Projects/chil/LARAVELBACKENDCHIL/vendor/laravel/framework/src/Illuminate/Pipeline/Pipeline.php(209): Illuminate\\Http\\Middleware\\ValidatePostSize->handle(Object(Illuminate\\Http\\Request), Object(Closure))
#65 /Users/elijahisrael/Desktop/Projects/chil/LARAVELBACKENDCHIL/vendor/laravel/framework/src/Illuminate/Foundation/Http/Middleware/PreventRequestsDuringMaintenance.php(110): Illuminate\\Pipeline\\Pipeline->{closure:{closure:Illuminate\\Pipeline\\Pipeline::carry():184}:185}(Object(Illuminate\\Http\\Request))
#66 /Users/elijahisrael/Desktop/Projects/chil/LARAVELBACKENDCHIL/vendor/laravel/framework/src/Illuminate/Pipeline/Pipeline.php(209): Illuminate\\Foundation\\Http\\Middleware\\PreventRequestsDuringMaintenance->handle(Object(Illuminate\\Http\\Request), Object(Closure))
#67 /Users/elijahisrael/Desktop/Projects/chil/LARAVELBACKENDCHIL/vendor/laravel/framework/src/Illuminate/Pipeline/Pipeline.php(127): Illuminate\\Pipeline\\Pipeline->{closure:{closure:Illuminate\\Pipeline\\Pipeline::carry():184}:185}(Object(Illuminate\\Http\\Request))
#68 /Users/elijahisrael/Desktop/Projects/chil/LARAVELBACKENDCHIL/vendor/laravel/framework/src/Illuminate/Foundation/Http/Kernel.php(176): Illuminate\\Pipeline\\Pipeline->then(Object(Closure))
#69 /Users/elijahisrael/Desktop/Projects/chil/LARAVELBACKENDCHIL/vendor/laravel/framework/src/Illuminate/Foundation/Http/Kernel.php(145): Illuminate\\Foundation\\Http\\Kernel->sendRequestThroughRouter(Object(Illuminate\\Http\\Request))
#70 /Users/elijahisrael/Desktop/Projects/chil/LARAVELBACKENDCHIL/public/index.php(54): Illuminate\\Foundation\\Http\\Kernel->handle(Object(Illuminate\\Http\\Request))
#71 /Users/elijahisrael/Desktop/Projects/chil/LARAVELBACKENDCHIL/server.php(21): require_once('/Users/elijahis...')
#72 {main}
"} 
[2025-09-30 13:40:11] local.ERROR: Illuminate\Validation\ValidationException: The name field is required. (and 2 more errors) in /Users/elijahisrael/Desktop/Projects/chil/LARAVELBACKENDCHIL/vendor/laravel/framework/src/Illuminate/Support/helpers.php:423
Stack trace:
#0 /Users/elijahisrael/Desktop/Projects/chil/LARAVELBACKENDCHIL/vendor/laravel/framework/src/Illuminate/Validation/Validator.php(558): throw_if(true, 'Illuminate\\Vali...', Object(Illuminate\Validation\Validator))
#1 /Users/elijahisrael/Desktop/Projects/chil/LARAVELBACKENDCHIL/vendor/laravel/framework/src/Illuminate/Foundation/Providers/FoundationServiceProvider.php(155): Illuminate\Validation\Validator->validate()
#2 /Users/elijahisrael/Desktop/Projects/chil/LARAVELBACKENDCHIL/vendor/laravel/framework/src/Illuminate/Macroable/Traits/Macroable.php(126): Illuminate\Http\Request->{closure:Illuminate\Foundation\Providers\FoundationServiceProvider::registerRequestValidation():147}(Array)
#3 /Users/elijahisrael/Desktop/Projects/chil/LARAVELBACKENDCHIL/app/Http/Controllers/SchoolController.php(17): Illuminate\Http\Request->__call('validate', Array)
#4 /Users/elijahisrael/Desktop/Projects/chil/LARAVELBACKENDCHIL/vendor/laravel/framework/src/Illuminate/Routing/Controller.php(54): App\Http\Controllers\SchoolController->registerSchool(Object(Illuminate\Http\Request))
#5 /Users/elijahisrael/Desktop/Projects/chil/LARAVELBACKENDCHIL/vendor/laravel/framework/src/Illuminate/Routing/ControllerDispatcher.php(44): Illuminate\Routing\Controller->callAction('registerSchool', Array)
#6 /Users/elijahisrael/Desktop/Projects/chil/LARAVELBACKENDCHIL/vendor/laravel/framework/src/Illuminate/Routing/Route.php(266): Illuminate\Routing\ControllerDispatcher->dispatch(Object(Illuminate\Routing\Route), Object(App\Http\Controllers\SchoolController), 'registerSchool')
#7 /Users/elijahisrael/Desktop/Projects/chil/LARAVELBACKENDCHIL/vendor/laravel/framework/src/Illuminate/Routing/Route.php(212): Illuminate\Routing\Route->runController()
#8 /Users/elijahisrael/Desktop/Projects/chil/LARAVELBACKENDCHIL/vendor/laravel/framework/src/Illuminate/Routing/Router.php(808): Illuminate\Routing\Route->run()
#9 /Users/elijahisrael/Desktop/Projects/chil/LARAVELBACKENDCHIL/vendor/laravel/framework/src/Illuminate/Pipeline/Pipeline.php(170): Illuminate\Routing\Router->{closure:Illuminate\Routing\Router::runRouteWithinStack():807}(Object(Illuminate\Http\Request))
#10 /Users/elijahisrael/Desktop/Projects/chil/LARAVELBACKENDCHIL/vendor/laravel/framework/src/Illuminate/Routing/Middleware/SubstituteBindings.php(51): Illuminate\Pipeline\Pipeline->{closure:Illuminate\Pipeline\Pipeline::prepareDestination():168}(Object(Illuminate\Http\Request))
#11 /Users/elijahisrael/Desktop/Projects/chil/LARAVELBACKENDCHIL/vendor/laravel/framework/src/Illuminate/Pipeline/Pipeline.php(209): Illuminate\Routing\Middleware\SubstituteBindings->handle(Object(Illuminate\Http\Request), Object(Closure))
#12 /Users/elijahisrael/Desktop/Projects/chil/LARAVELBACKENDCHIL/vendor/laravel/framework/src/Illuminate/Routing/Middleware/ThrottleRequests.php(161): Illuminate\Pipeline\Pipeline->{closure:{closure:Illuminate\Pipeline\Pipeline::carry():184}:185}(Object(Illuminate\Http\Request))
#13 /Users/elijahisrael/Desktop/Projects/chil/LARAVELBACKENDCHIL/vendor/laravel/framework/src/Illuminate/Routing/Middleware/ThrottleRequests.php(92): Illuminate\Routing\Middleware\ThrottleRequests->handleRequest(Object(Illuminate\Http\Request), Object(Closure), Array)
#14 /Users/elijahisrael/Desktop/Projects/chil/LARAVELBACKENDCHIL/vendor/laravel/framework/src/Illuminate/Pipeline/Pipeline.php(209): Illuminate\Routing\Middleware\ThrottleRequests->handle(Object(Illuminate\Http\Request), Object(Closure), '60', '1')
#15 /Users/elijahisrael/Desktop/Projects/chil/LARAVELBACKENDCHIL/vendor/laravel/framework/src/Illuminate/Pipeline/Pipeline.php(127): Illuminate\Pipeline\Pipeline->{closure:{closure:Illuminate\Pipeline\Pipeline::carry():184}:185}(Object(Illuminate\Http\Request))
#16 /Users/elijahisrael/Desktop/Projects/chil/LARAVELBACKENDCHIL/vendor/laravel/framework/src/Illuminate/Routing/Router.php(807): Illuminate\Pipeline\Pipeline->then(Object(Closure))
#17 /Users/elijahisrael/Desktop/Projects/chil/LARAVELBACKENDCHIL/vendor/laravel/framework/src/Illuminate/Routing/Router.php(786): Illuminate\Routing\Router->runRouteWithinStack(Object(Illuminate\Routing\Route), Object(Illuminate\Http\Request))
#18 /Users/elijahisrael/Desktop/Projects/chil/LARAVELBACKENDCHIL/vendor/laravel/framework/src/Illuminate/Routing/Router.php(750): Illuminate\Routing\Router->runRoute(Object(Illuminate\Http\Request), Object(Illuminate\Routing\Route))
#19 /Users/elijahisrael/Desktop/Projects/chil/LARAVELBACKENDCHIL/vendor/laravel/framework/src/Illuminate/Routing/Router.php(739): Illuminate\Routing\Router->dispatchToRoute(Object(Illuminate\Http\Request))
#20 /Users/elijahisrael/Desktop/Projects/chil/LARAVELBACKENDCHIL/vendor/laravel/framework/src/Illuminate/Foundation/Http/Kernel.php(201): Illuminate\Routing\Router->dispatch(Object(Illuminate\Http\Request))
#21 /Users/elijahisrael/Desktop/Projects/chil/LARAVELBACKENDCHIL/vendor/laravel/framework/src/Illuminate/Pipeline/Pipeline.php(170): Illuminate\Foundation\Http\Kernel->{closure:Illuminate\Foundation\Http\Kernel::dispatchToRouter():198}(Object(Illuminate\Http\Request))
#22 /Users/elijahisrael/Desktop/Projects/chil/LARAVELBACKENDCHIL/vendor/livewire/livewire/src/Features/SupportDisablingBackButtonCache/DisableBackButtonCacheMiddleware.php(19): Illuminate\Pipeline\Pipeline->{closure:Illuminate\Pipeline\Pipeline::prepareDestination():168}(Object(Illuminate\Http\Request))
#23 /Users/elijahisrael/Desktop/Projects/chil/LARAVELBACKENDCHIL/vendor/laravel/framework/src/Illuminate/Pipeline/Pipeline.php(209): Livewire\Features\SupportDisablingBackButtonCache\DisableBackButtonCacheMiddleware->handle(Object(Illuminate\Http\Request), Object(Closure))
#24 /Users/elijahisrael/Desktop/Projects/chil/LARAVELBACKENDCHIL/app/Http/Middleware/Cors.php(31): Illuminate\Pipeline\Pipeline->{closure:{closure:Illuminate\Pipeline\Pipeline::carry():184}:185}(Object(Illuminate\Http\Request))
#25 /Users/elijahisrael/Desktop/Projects/chil/LARAVELBACKENDCHIL/vendor/laravel/framework/src/Illuminate/Pipeline/Pipeline.php(209): App\Http\Middleware\Cors->handle(Object(Illuminate\Http\Request), Object(Closure))
#26 /Users/elijahisrael/Desktop/Projects/chil/LARAVELBACKENDCHIL/vendor/laravel/framework/src/Illuminate/Http/Middleware/TrustProxies.php(58): Illuminate\Pipeline\Pipeline->{closure:{closure:Illuminate\Pipeline\Pipeline::carry():184}:185}(Object(Illuminate\Http\Request))
#27 /Users/elijahisrael/Desktop/Projects/chil/LARAVELBACKENDCHIL/vendor/laravel/framework/src/Illuminate/Pipeline/Pipeline.php(209): Illuminate\Http\Middleware\TrustProxies->handle(Object(Illuminate\Http\Request), Object(Closure))
#28 /Users/elijahisrael/Desktop/Projects/chil/LARAVELBACKENDCHIL/vendor/laravel/framework/src/Illuminate/Foundation/Http/Middleware/TransformsRequest.php(21): Illuminate\Pipeline\Pipeline->{closure:{closure:Illuminate\Pipeline\Pipeline::carry():184}:185}(Object(Illuminate\Http\Request))
#29 /Users/elijahisrael/Desktop/Projects/chil/LARAVELBACKENDCHIL/vendor/laravel/framework/src/Illuminate/Foundation/Http/Middleware/ConvertEmptyStringsToNull.php(31): Illuminate\Foundation\Http\Middleware\TransformsRequest->handle(Object(Illuminate\Http\Request), Object(Closure))
#30 /Users/elijahisrael/Desktop/Projects/chil/LARAVELBACKENDCHIL/vendor/laravel/framework/src/Illuminate/Pipeline/Pipeline.php(209): Illuminate\Foundation\Http\Middleware\ConvertEmptyStringsToNull->handle(Object(Illuminate\Http\Request), Object(Closure))
#31 /Users/elijahisrael/Desktop/Projects/chil/LARAVELBACKENDCHIL/vendor/laravel/framework/src/Illuminate/Foundation/Http/Middleware/TransformsRequest.php(21): Illuminate\Pipeline\Pipeline->{closure:{closure:Illuminate\Pipeline\Pipeline::carry():184}:185}(Object(Illuminate\Http\Request))
#32 /Users/elijahisrael/Desktop/Projects/chil/LARAVELBACKENDCHIL/vendor/laravel/framework/src/Illuminate/Foundation/Http/Middleware/TrimStrings.php(51): Illuminate\Foundation\Http\Middleware\TransformsRequest->handle(Object(Illuminate\Http\Request), Object(Closure))
#33 /Users/elijahisrael/Desktop/Projects/chil/LARAVELBACKENDCHIL/vendor/laravel/framework/src/Illuminate/Pipeline/Pipeline.php(209): Illuminate\Foundation\Http\Middleware\TrimStrings->handle(Object(Illuminate\Http\Request), Object(Closure))
#34 /Users/elijahisrael/Desktop/Projects/chil/LARAVELBACKENDCHIL/vendor/laravel/framework/src/Illuminate/Http/Middleware/ValidatePostSize.php(27): Illuminate\Pipeline\Pipeline->{closure:{closure:Illuminate\Pipeline\Pipeline::carry():184}:185}(Object(Illuminate\Http\Request))
#35 /Users/elijahisrael/Desktop/Projects/chil/LARAVELBACKENDCHIL/vendor/laravel/framework/src/Illuminate/Pipeline/Pipeline.php(209): Illuminate\Http\Middleware\ValidatePostSize->handle(Object(Illuminate\Http\Request), Object(Closure))
#36 /Users/elijahisrael/Desktop/Projects/chil/LARAVELBACKENDCHIL/vendor/laravel/framework/src/Illuminate/Foundation/Http/Middleware/PreventRequestsDuringMaintenance.php(110): Illuminate\Pipeline\Pipeline->{closure:{closure:Illuminate\Pipeline\Pipeline::carry():184}:185}(Object(Illuminate\Http\Request))
#37 /Users/elijahisrael/Desktop/Projects/chil/LARAVELBACKENDCHIL/vendor/laravel/framework/src/Illuminate/Pipeline/Pipeline.php(209): Illuminate\Foundation\Http\Middleware\PreventRequestsDuringMaintenance->handle(Object(Illuminate\Http\Request), Object(Closure))
#38 /Users/elijahisrael/Desktop/Projects/chil/LARAVELBACKENDCHIL/vendor/laravel/framework/src/Illuminate/Pipeline/Pipeline.php(127): Illuminate\Pipeline\Pipeline->{closure:{closure:Illuminate\Pipeline\Pipeline::carry():184}:185}(Object(Illuminate\Http\Request))
#39 /Users/elijahisrael/Desktop/Projects/chil/LARAVELBACKENDCHIL/vendor/laravel/framework/src/Illuminate/Foundation/Http/Kernel.php(176): Illuminate\Pipeline\Pipeline->then(Object(Closure))
#40 /Users/elijahisrael/Desktop/Projects/chil/LARAVELBACKENDCHIL/vendor/laravel/framework/src/Illuminate/Foundation/Http/Kernel.php(145): Illuminate\Foundation\Http\Kernel->sendRequestThroughRouter(Object(Illuminate\Http\Request))
#41 /Users/elijahisrael/Desktop/Projects/chil/LARAVELBACKENDCHIL/public/index.php(54): Illuminate\Foundation\Http\Kernel->handle(Object(Illuminate\Http\Request))
#42 /Users/elijahisrael/Desktop/Projects/chil/LARAVELBACKENDCHIL/server.php(21): require_once('/Users/elijahis...')
#43 {main}  
[2025-09-30 13:47:51] local.ERROR: syntax error, unexpected token "public" {"exception":"[object] (ParseError(code: 0): syntax error, unexpected token \"public\" at /Users/elijahisrael/Desktop/Projects/chil/LARAVELBACKENDCHIL/app/Http/Controllers/SchoolController.php:49)
[stacktrace]
#0 /Users/elijahisrael/Desktop/Projects/chil/LARAVELBACKENDCHIL/vendor/composer/ClassLoader.php(427): {closure:Composer\\Autoload\\ClassLoader::initializeIncludeClosure():575}('/Users/elijahis...')
#1 [internal function]: Composer\\Autoload\\ClassLoader->loadClass('App\\\\Http\\\\Contro...')
#2 /Users/elijahisrael/Desktop/Projects/chil/LARAVELBACKENDCHIL/vendor/laravel/framework/src/Illuminate/Routing/Route.php(1117): is_a('App\\\\Http\\\\Contro...', 'Illuminate\\\\Rout...', true)
#3 /Users/elijahisrael/Desktop/Projects/chil/LARAVELBACKENDCHIL/vendor/laravel/framework/src/Illuminate/Routing/Route.php(1054): Illuminate\\Routing\\Route->controllerMiddleware()
#4 /Users/elijahisrael/Desktop/Projects/chil/LARAVELBACKENDCHIL/vendor/laravel/framework/src/Illuminate/Routing/Router.php(820): Illuminate\\Routing\\Route->gatherMiddleware()
#5 /Users/elijahisrael/Desktop/Projects/chil/LARAVELBACKENDCHIL/vendor/laravel/framework/src/Illuminate/Routing/Router.php(802): Illuminate\\Routing\\Router->gatherRouteMiddleware(Object(Illuminate\\Routing\\Route))
#6 /Users/elijahisrael/Desktop/Projects/chil/LARAVELBACKENDCHIL/vendor/laravel/framework/src/Illuminate/Routing/Router.php(786): Illuminate\\Routing\\Router->runRouteWithinStack(Object(Illuminate\\Routing\\Route), Object(Illuminate\\Http\\Request))
#7 /Users/elijahisrael/Desktop/Projects/chil/LARAVELBACKENDCHIL/vendor/laravel/framework/src/Illuminate/Routing/Router.php(750): Illuminate\\Routing\\Router->runRoute(Object(Illuminate\\Http\\Request), Object(Illuminate\\Routing\\Route))
#8 /Users/elijahisrael/Desktop/Projects/chil/LARAVELBACKENDCHIL/vendor/laravel/framework/src/Illuminate/Routing/Router.php(739): Illuminate\\Routing\\Router->dispatchToRoute(Object(Illuminate\\Http\\Request))
#9 /Users/elijahisrael/Desktop/Projects/chil/LARAVELBACKENDCHIL/vendor/laravel/framework/src/Illuminate/Foundation/Http/Kernel.php(201): Illuminate\\Routing\\Router->dispatch(Object(Illuminate\\Http\\Request))
#10 /Users/elijahisrael/Desktop/Projects/chil/LARAVELBACKENDCHIL/vendor/laravel/framework/src/Illuminate/Pipeline/Pipeline.php(170): Illuminate\\Foundation\\Http\\Kernel->{closure:Illuminate\\Foundation\\Http\\Kernel::dispatchToRouter():198}(Object(Illuminate\\Http\\Request))
#11 /Users/elijahisrael/Desktop/Projects/chil/LARAVELBACKENDCHIL/vendor/livewire/livewire/src/Features/SupportDisablingBackButtonCache/DisableBackButtonCacheMiddleware.php(19): Illuminate\\Pipeline\\Pipeline->{closure:Illuminate\\Pipeline\\Pipeline::prepareDestination():168}(Object(Illuminate\\Http\\Request))
#12 /Users/elijahisrael/Desktop/Projects/chil/LARAVELBACKENDCHIL/vendor/laravel/framework/src/Illuminate/Pipeline/Pipeline.php(209): Livewire\\Features\\SupportDisablingBackButtonCache\\DisableBackButtonCacheMiddleware->handle(Object(Illuminate\\Http\\Request), Object(Closure))
#13 /Users/elijahisrael/Desktop/Projects/chil/LARAVELBACKENDCHIL/app/Http/Middleware/Cors.php(31): Illuminate\\Pipeline\\Pipeline->{closure:{closure:Illuminate\\Pipeline\\Pipeline::carry():184}:185}(Object(Illuminate\\Http\\Request))
#14 /Users/elijahisrael/Desktop/Projects/chil/LARAVELBACKENDCHIL/vendor/laravel/framework/src/Illuminate/Pipeline/Pipeline.php(209): App\\Http\\Middleware\\Cors->handle(Object(Illuminate\\Http\\Request), Object(Closure))
#15 /Users/elijahisrael/Desktop/Projects/chil/LARAVELBACKENDCHIL/vendor/laravel/framework/src/Illuminate/Http/Middleware/TrustProxies.php(58): Illuminate\\Pipeline\\Pipeline->{closure:{closure:Illuminate\\Pipeline\\Pipeline::carry():184}:185}(Object(Illuminate\\Http\\Request))
#16 /Users/elijahisrael/Desktop/Projects/chil/LARAVELBACKENDCHIL/vendor/laravel/framework/src/Illuminate/Pipeline/Pipeline.php(209): Illuminate\\Http\\Middleware\\TrustProxies->handle(Object(Illuminate\\Http\\Request), Object(Closure))
#17 /Users/elijahisrael/Desktop/Projects/chil/LARAVELBACKENDCHIL/vendor/laravel/framework/src/Illuminate/Foundation/Http/Middleware/TransformsRequest.php(21): Illuminate\\Pipeline\\Pipeline->{closure:{closure:Illuminate\\Pipeline\\Pipeline::carry():184}:185}(Object(Illuminate\\Http\\Request))
#18 /Users/elijahisrael/Desktop/Projects/chil/LARAVELBACKENDCHIL/vendor/laravel/framework/src/Illuminate/Foundation/Http/Middleware/ConvertEmptyStringsToNull.php(31): Illuminate\\Foundation\\Http\\Middleware\\TransformsRequest->handle(Object(Illuminate\\Http\\Request), Object(Closure))
#19 /Users/elijahisrael/Desktop/Projects/chil/LARAVELBACKENDCHIL/vendor/laravel/framework/src/Illuminate/Pipeline/Pipeline.php(209): Illuminate\\Foundation\\Http\\Middleware\\ConvertEmptyStringsToNull->handle(Object(Illuminate\\Http\\Request), Object(Closure))
#20 /Users/elijahisrael/Desktop/Projects/chil/LARAVELBACKENDCHIL/vendor/laravel/framework/src/Illuminate/Foundation/Http/Middleware/TransformsRequest.php(21): Illuminate\\Pipeline\\Pipeline->{closure:{closure:Illuminate\\Pipeline\\Pipeline::carry():184}:185}(Object(Illuminate\\Http\\Request))
#21 /Users/elijahisrael/Desktop/Projects/chil/LARAVELBACKENDCHIL/vendor/laravel/framework/src/Illuminate/Foundation/Http/Middleware/TrimStrings.php(51): Illuminate\\Foundation\\Http\\Middleware\\TransformsRequest->handle(Object(Illuminate\\Http\\Request), Object(Closure))
#22 /Users/elijahisrael/Desktop/Projects/chil/LARAVELBACKENDCHIL/vendor/laravel/framework/src/Illuminate/Pipeline/Pipeline.php(209): Illuminate\\Foundation\\Http\\Middleware\\TrimStrings->handle(Object(Illuminate\\Http\\Request), Object(Closure))
#23 /Users/elijahisrael/Desktop/Projects/chil/LARAVELBACKENDCHIL/vendor/laravel/framework/src/Illuminate/Http/Middleware/ValidatePostSize.php(27): Illuminate\\Pipeline\\Pipeline->{closure:{closure:Illuminate\\Pipeline\\Pipeline::carry():184}:185}(Object(Illuminate\\Http\\Request))
#24 /Users/elijahisrael/Desktop/Projects/chil/LARAVELBACKENDCHIL/vendor/laravel/framework/src/Illuminate/Pipeline/Pipeline.php(209): Illuminate\\Http\\Middleware\\ValidatePostSize->handle(Object(Illuminate\\Http\\Request), Object(Closure))
#25 /Users/elijahisrael/Desktop/Projects/chil/LARAVELBACKENDCHIL/vendor/laravel/framework/src/Illuminate/Foundation/Http/Middleware/PreventRequestsDuringMaintenance.php(110): Illuminate\\Pipeline\\Pipeline->{closure:{closure:Illuminate\\Pipeline\\Pipeline::carry():184}:185}(Object(Illuminate\\Http\\Request))
#26 /Users/elijahisrael/Desktop/Projects/chil/LARAVELBACKENDCHIL/vendor/laravel/framework/src/Illuminate/Pipeline/Pipeline.php(209): Illuminate\\Foundation\\Http\\Middleware\\PreventRequestsDuringMaintenance->handle(Object(Illuminate\\Http\\Request), Object(Closure))
#27 /Users/elijahisrael/Desktop/Projects/chil/LARAVELBACKENDCHIL/vendor/laravel/framework/src/Illuminate/Pipeline/Pipeline.php(127): Illuminate\\Pipeline\\Pipeline->{closure:{closure:Illuminate\\Pipeline\\Pipeline::carry():184}:185}(Object(Illuminate\\Http\\Request))
#28 /Users/elijahisrael/Desktop/Projects/chil/LARAVELBACKENDCHIL/vendor/laravel/framework/src/Illuminate/Foundation/Http/Kernel.php(176): Illuminate\\Pipeline\\Pipeline->then(Object(Closure))
#29 /Users/elijahisrael/Desktop/Projects/chil/LARAVELBACKENDCHIL/vendor/laravel/framework/src/Illuminate/Foundation/Http/Kernel.php(145): Illuminate\\Foundation\\Http\\Kernel->sendRequestThroughRouter(Object(Illuminate\\Http\\Request))
#30 /Users/elijahisrael/Desktop/Projects/chil/LARAVELBACKENDCHIL/public/index.php(54): Illuminate\\Foundation\\Http\\Kernel->handle(Object(Illuminate\\Http\\Request))
#31 /Users/elijahisrael/Desktop/Projects/chil/LARAVELBACKENDCHIL/server.php(21): require_once('/Users/elijahis...')
#32 {main}
"} 
[2025-09-30 13:48:22] local.ERROR: Illuminate\Validation\ValidationException: The name field is required. (and 2 more errors) in /Users/elijahisrael/Desktop/Projects/chil/LARAVELBACKENDCHIL/vendor/laravel/framework/src/Illuminate/Support/helpers.php:423
Stack trace:
#0 /Users/elijahisrael/Desktop/Projects/chil/LARAVELBACKENDCHIL/vendor/laravel/framework/src/Illuminate/Validation/Validator.php(558): throw_if(true, 'Illuminate\\Vali...', Object(Illuminate\Validation\Validator))
#1 /Users/elijahisrael/Desktop/Projects/chil/LARAVELBACKENDCHIL/vendor/laravel/framework/src/Illuminate/Foundation/Providers/FoundationServiceProvider.php(155): Illuminate\Validation\Validator->validate()
#2 /Users/elijahisrael/Desktop/Projects/chil/LARAVELBACKENDCHIL/vendor/laravel/framework/src/Illuminate/Macroable/Traits/Macroable.php(126): Illuminate\Http\Request->{closure:Illuminate\Foundation\Providers\FoundationServiceProvider::registerRequestValidation():147}(Array)
#3 /Users/elijahisrael/Desktop/Projects/chil/LARAVELBACKENDCHIL/app/Http/Controllers/SchoolController.php(17): Illuminate\Http\Request->__call('validate', Array)
#4 /Users/elijahisrael/Desktop/Projects/chil/LARAVELBACKENDCHIL/vendor/laravel/framework/src/Illuminate/Routing/Controller.php(54): App\Http\Controllers\SchoolController->registerSchool(Object(Illuminate\Http\Request))
#5 /Users/elijahisrael/Desktop/Projects/chil/LARAVELBACKENDCHIL/vendor/laravel/framework/src/Illuminate/Routing/ControllerDispatcher.php(44): Illuminate\Routing\Controller->callAction('registerSchool', Array)
#6 /Users/elijahisrael/Desktop/Projects/chil/LARAVELBACKENDCHIL/vendor/laravel/framework/src/Illuminate/Routing/Route.php(266): Illuminate\Routing\ControllerDispatcher->dispatch(Object(Illuminate\Routing\Route), Object(App\Http\Controllers\SchoolController), 'registerSchool')
#7 /Users/elijahisrael/Desktop/Projects/chil/LARAVELBACKENDCHIL/vendor/laravel/framework/src/Illuminate/Routing/Route.php(212): Illuminate\Routing\Route->runController()
#8 /Users/elijahisrael/Desktop/Projects/chil/LARAVELBACKENDCHIL/vendor/laravel/framework/src/Illuminate/Routing/Router.php(808): Illuminate\Routing\Route->run()
#9 /Users/elijahisrael/Desktop/Projects/chil/LARAVELBACKENDCHIL/vendor/laravel/framework/src/Illuminate/Pipeline/Pipeline.php(170): Illuminate\Routing\Router->{closure:Illuminate\Routing\Router::runRouteWithinStack():807}(Object(Illuminate\Http\Request))
#10 /Users/elijahisrael/Desktop/Projects/chil/LARAVELBACKENDCHIL/vendor/laravel/framework/src/Illuminate/Routing/Middleware/SubstituteBindings.php(51): Illuminate\Pipeline\Pipeline->{closure:Illuminate\Pipeline\Pipeline::prepareDestination():168}(Object(Illuminate\Http\Request))
#11 /Users/elijahisrael/Desktop/Projects/chil/LARAVELBACKENDCHIL/vendor/laravel/framework/src/Illuminate/Pipeline/Pipeline.php(209): Illuminate\Routing\Middleware\SubstituteBindings->handle(Object(Illuminate\Http\Request), Object(Closure))
#12 /Users/elijahisrael/Desktop/Projects/chil/LARAVELBACKENDCHIL/vendor/laravel/framework/src/Illuminate/Routing/Middleware/ThrottleRequests.php(161): Illuminate\Pipeline\Pipeline->{closure:{closure:Illuminate\Pipeline\Pipeline::carry():184}:185}(Object(Illuminate\Http\Request))
#13 /Users/elijahisrael/Desktop/Projects/chil/LARAVELBACKENDCHIL/vendor/laravel/framework/src/Illuminate/Routing/Middleware/ThrottleRequests.php(92): Illuminate\Routing\Middleware\ThrottleRequests->handleRequest(Object(Illuminate\Http\Request), Object(Closure), Array)
#14 /Users/elijahisrael/Desktop/Projects/chil/LARAVELBACKENDCHIL/vendor/laravel/framework/src/Illuminate/Pipeline/Pipeline.php(209): Illuminate\Routing\Middleware\ThrottleRequests->handle(Object(Illuminate\Http\Request), Object(Closure), '60', '1')
#15 /Users/elijahisrael/Desktop/Projects/chil/LARAVELBACKENDCHIL/vendor/laravel/framework/src/Illuminate/Pipeline/Pipeline.php(127): Illuminate\Pipeline\Pipeline->{closure:{closure:Illuminate\Pipeline\Pipeline::carry():184}:185}(Object(Illuminate\Http\Request))
#16 /Users/elijahisrael/Desktop/Projects/chil/LARAVELBACKENDCHIL/vendor/laravel/framework/src/Illuminate/Routing/Router.php(807): Illuminate\Pipeline\Pipeline->then(Object(Closure))
#17 /Users/elijahisrael/Desktop/Projects/chil/LARAVELBACKENDCHIL/vendor/laravel/framework/src/Illuminate/Routing/Router.php(786): Illuminate\Routing\Router->runRouteWithinStack(Object(Illuminate\Routing\Route), Object(Illuminate\Http\Request))
#18 /Users/elijahisrael/Desktop/Projects/chil/LARAVELBACKENDCHIL/vendor/laravel/framework/src/Illuminate/Routing/Router.php(750): Illuminate\Routing\Router->runRoute(Object(Illuminate\Http\Request), Object(Illuminate\Routing\Route))
#19 /Users/elijahisrael/Desktop/Projects/chil/LARAVELBACKENDCHIL/vendor/laravel/framework/src/Illuminate/Routing/Router.php(739): Illuminate\Routing\Router->dispatchToRoute(Object(Illuminate\Http\Request))
#20 /Users/elijahisrael/Desktop/Projects/chil/LARAVELBACKENDCHIL/vendor/laravel/framework/src/Illuminate/Foundation/Http/Kernel.php(201): Illuminate\Routing\Router->dispatch(Object(Illuminate\Http\Request))
#21 /Users/elijahisrael/Desktop/Projects/chil/LARAVELBACKENDCHIL/vendor/laravel/framework/src/Illuminate/Pipeline/Pipeline.php(170): Illuminate\Foundation\Http\Kernel->{closure:Illuminate\Foundation\Http\Kernel::dispatchToRouter():198}(Object(Illuminate\Http\Request))
#22 /Users/elijahisrael/Desktop/Projects/chil/LARAVELBACKENDCHIL/vendor/livewire/livewire/src/Features/SupportDisablingBackButtonCache/DisableBackButtonCacheMiddleware.php(19): Illuminate\Pipeline\Pipeline->{closure:Illuminate\Pipeline\Pipeline::prepareDestination():168}(Object(Illuminate\Http\Request))
#23 /Users/elijahisrael/Desktop/Projects/chil/LARAVELBACKENDCHIL/vendor/laravel/framework/src/Illuminate/Pipeline/Pipeline.php(209): Livewire\Features\SupportDisablingBackButtonCache\DisableBackButtonCacheMiddleware->handle(Object(Illuminate\Http\Request), Object(Closure))
#24 /Users/elijahisrael/Desktop/Projects/chil/LARAVELBACKENDCHIL/app/Http/Middleware/Cors.php(31): Illuminate\Pipeline\Pipeline->{closure:{closure:Illuminate\Pipeline\Pipeline::carry():184}:185}(Object(Illuminate\Http\Request))
#25 /Users/elijahisrael/Desktop/Projects/chil/LARAVELBACKENDCHIL/vendor/laravel/framework/src/Illuminate/Pipeline/Pipeline.php(209): App\Http\Middleware\Cors->handle(Object(Illuminate\Http\Request), Object(Closure))
#26 /Users/elijahisrael/Desktop/Projects/chil/LARAVELBACKENDCHIL/vendor/laravel/framework/src/Illuminate/Http/Middleware/TrustProxies.php(58): Illuminate\Pipeline\Pipeline->{closure:{closure:Illuminate\Pipeline\Pipeline::carry():184}:185}(Object(Illuminate\Http\Request))
#27 /Users/elijahisrael/Desktop/Projects/chil/LARAVELBACKENDCHIL/vendor/laravel/framework/src/Illuminate/Pipeline/Pipeline.php(209): Illuminate\Http\Middleware\TrustProxies->handle(Object(Illuminate\Http\Request), Object(Closure))
#28 /Users/elijahisrael/Desktop/Projects/chil/LARAVELBACKENDCHIL/vendor/laravel/framework/src/Illuminate/Foundation/Http/Middleware/TransformsRequest.php(21): Illuminate\Pipeline\Pipeline->{closure:{closure:Illuminate\Pipeline\Pipeline::carry():184}:185}(Object(Illuminate\Http\Request))
#29 /Users/elijahisrael/Desktop/Projects/chil/LARAVELBACKENDCHIL/vendor/laravel/framework/src/Illuminate/Foundation/Http/Middleware/ConvertEmptyStringsToNull.php(31): Illuminate\Foundation\Http\Middleware\TransformsRequest->handle(Object(Illuminate\Http\Request), Object(Closure))
#30 /Users/elijahisrael/Desktop/Projects/chil/LARAVELBACKENDCHIL/vendor/laravel/framework/src/Illuminate/Pipeline/Pipeline.php(209): Illuminate\Foundation\Http\Middleware\ConvertEmptyStringsToNull->handle(Object(Illuminate\Http\Request), Object(Closure))
#31 /Users/elijahisrael/Desktop/Projects/chil/LARAVELBACKENDCHIL/vendor/laravel/framework/src/Illuminate/Foundation/Http/Middleware/TransformsRequest.php(21): Illuminate\Pipeline\Pipeline->{closure:{closure:Illuminate\Pipeline\Pipeline::carry():184}:185}(Object(Illuminate\Http\Request))
#32 /Users/elijahisrael/Desktop/Projects/chil/LARAVELBACKENDCHIL/vendor/laravel/framework/src/Illuminate/Foundation/Http/Middleware/TrimStrings.php(51): Illuminate\Foundation\Http\Middleware\TransformsRequest->handle(Object(Illuminate\Http\Request), Object(Closure))
#33 /Users/elijahisrael/Desktop/Projects/chil/LARAVELBACKENDCHIL/vendor/laravel/framework/src/Illuminate/Pipeline/Pipeline.php(209): Illuminate\Foundation\Http\Middleware\TrimStrings->handle(Object(Illuminate\Http\Request), Object(Closure))
#34 /Users/elijahisrael/Desktop/Projects/chil/LARAVELBACKENDCHIL/vendor/laravel/framework/src/Illuminate/Http/Middleware/ValidatePostSize.php(27): Illuminate\Pipeline\Pipeline->{closure:{closure:Illuminate\Pipeline\Pipeline::carry():184}:185}(Object(Illuminate\Http\Request))
#35 /Users/elijahisrael/Desktop/Projects/chil/LARAVELBACKENDCHIL/vendor/laravel/framework/src/Illuminate/Pipeline/Pipeline.php(209): Illuminate\Http\Middleware\ValidatePostSize->handle(Object(Illuminate\Http\Request), Object(Closure))
#36 /Users/elijahisrael/Desktop/Projects/chil/LARAVELBACKENDCHIL/vendor/laravel/framework/src/Illuminate/Foundation/Http/Middleware/PreventRequestsDuringMaintenance.php(110): Illuminate\Pipeline\Pipeline->{closure:{closure:Illuminate\Pipeline\Pipeline::carry():184}:185}(Object(Illuminate\Http\Request))
#37 /Users/elijahisrael/Desktop/Projects/chil/LARAVELBACKENDCHIL/vendor/laravel/framework/src/Illuminate/Pipeline/Pipeline.php(209): Illuminate\Foundation\Http\Middleware\PreventRequestsDuringMaintenance->handle(Object(Illuminate\Http\Request), Object(Closure))
#38 /Users/elijahisrael/Desktop/Projects/chil/LARAVELBACKENDCHIL/vendor/laravel/framework/src/Illuminate/Pipeline/Pipeline.php(127): Illuminate\Pipeline\Pipeline->{closure:{closure:Illuminate\Pipeline\Pipeline::carry():184}:185}(Object(Illuminate\Http\Request))
#39 /Users/elijahisrael/Desktop/Projects/chil/LARAVELBACKENDCHIL/vendor/laravel/framework/src/Illuminate/Foundation/Http/Kernel.php(176): Illuminate\Pipeline\Pipeline->then(Object(Closure))
#40 /Users/elijahisrael/Desktop/Projects/chil/LARAVELBACKENDCHIL/vendor/laravel/framework/src/Illuminate/Foundation/Http/Kernel.php(145): Illuminate\Foundation\Http\Kernel->sendRequestThroughRouter(Object(Illuminate\Http\Request))
#41 /Users/elijahisrael/Desktop/Projects/chil/LARAVELBACKENDCHIL/public/index.php(54): Illuminate\Foundation\Http\Kernel->handle(Object(Illuminate\Http\Request))
#42 /Users/elijahisrael/Desktop/Projects/chil/LARAVELBACKENDCHIL/server.php(21): require_once('/Users/elijahis...')
#43 {main}  
[2025-09-30 13:48:23] local.ERROR: Illuminate\Validation\ValidationException: The name field is required. (and 2 more errors) in /Users/elijahisrael/Desktop/Projects/chil/LARAVELBACKENDCHIL/vendor/laravel/framework/src/Illuminate/Support/helpers.php:423
Stack trace:
#0 /Users/elijahisrael/Desktop/Projects/chil/LARAVELBACKENDCHIL/vendor/laravel/framework/src/Illuminate/Validation/Validator.php(558): throw_if(true, 'Illuminate\\Vali...', Object(Illuminate\Validation\Validator))
#1 /Users/elijahisrael/Desktop/Projects/chil/LARAVELBACKENDCHIL/vendor/laravel/framework/src/Illuminate/Foundation/Providers/FoundationServiceProvider.php(155): Illuminate\Validation\Validator->validate()
#2 /Users/elijahisrael/Desktop/Projects/chil/LARAVELBACKENDCHIL/vendor/laravel/framework/src/Illuminate/Macroable/Traits/Macroable.php(126): Illuminate\Http\Request->{closure:Illuminate\Foundation\Providers\FoundationServiceProvider::registerRequestValidation():147}(Array)
#3 /Users/elijahisrael/Desktop/Projects/chil/LARAVELBACKENDCHIL/app/Http/Controllers/SchoolController.php(17): Illuminate\Http\Request->__call('validate', Array)
#4 /Users/elijahisrael/Desktop/Projects/chil/LARAVELBACKENDCHIL/vendor/laravel/framework/src/Illuminate/Routing/Controller.php(54): App\Http\Controllers\SchoolController->registerSchool(Object(Illuminate\Http\Request))
#5 /Users/elijahisrael/Desktop/Projects/chil/LARAVELBACKENDCHIL/vendor/laravel/framework/src/Illuminate/Routing/ControllerDispatcher.php(44): Illuminate\Routing\Controller->callAction('registerSchool', Array)
#6 /Users/elijahisrael/Desktop/Projects/chil/LARAVELBACKENDCHIL/vendor/laravel/framework/src/Illuminate/Routing/Route.php(266): Illuminate\Routing\ControllerDispatcher->dispatch(Object(Illuminate\Routing\Route), Object(App\Http\Controllers\SchoolController), 'registerSchool')
#7 /Users/elijahisrael/Desktop/Projects/chil/LARAVELBACKENDCHIL/vendor/laravel/framework/src/Illuminate/Routing/Route.php(212): Illuminate\Routing\Route->runController()
#8 /Users/elijahisrael/Desktop/Projects/chil/LARAVELBACKENDCHIL/vendor/laravel/framework/src/Illuminate/Routing/Router.php(808): Illuminate\Routing\Route->run()
#9 /Users/elijahisrael/Desktop/Projects/chil/LARAVELBACKENDCHIL/vendor/laravel/framework/src/Illuminate/Pipeline/Pipeline.php(170): Illuminate\Routing\Router->{closure:Illuminate\Routing\Router::runRouteWithinStack():807}(Object(Illuminate\Http\Request))
#10 /Users/elijahisrael/Desktop/Projects/chil/LARAVELBACKENDCHIL/vendor/laravel/framework/src/Illuminate/Routing/Middleware/SubstituteBindings.php(51): Illuminate\Pipeline\Pipeline->{closure:Illuminate\Pipeline\Pipeline::prepareDestination():168}(Object(Illuminate\Http\Request))
#11 /Users/elijahisrael/Desktop/Projects/chil/LARAVELBACKENDCHIL/vendor/laravel/framework/src/Illuminate/Pipeline/Pipeline.php(209): Illuminate\Routing\Middleware\SubstituteBindings->handle(Object(Illuminate\Http\Request), Object(Closure))
#12 /Users/elijahisrael/Desktop/Projects/chil/LARAVELBACKENDCHIL/vendor/laravel/framework/src/Illuminate/Routing/Middleware/ThrottleRequests.php(161): Illuminate\Pipeline\Pipeline->{closure:{closure:Illuminate\Pipeline\Pipeline::carry():184}:185}(Object(Illuminate\Http\Request))
#13 /Users/elijahisrael/Desktop/Projects/chil/LARAVELBACKENDCHIL/vendor/laravel/framework/src/Illuminate/Routing/Middleware/ThrottleRequests.php(92): Illuminate\Routing\Middleware\ThrottleRequests->handleRequest(Object(Illuminate\Http\Request), Object(Closure), Array)
#14 /Users/elijahisrael/Desktop/Projects/chil/LARAVELBACKENDCHIL/vendor/laravel/framework/src/Illuminate/Pipeline/Pipeline.php(209): Illuminate\Routing\Middleware\ThrottleRequests->handle(Object(Illuminate\Http\Request), Object(Closure), '60', '1')
#15 /Users/elijahisrael/Desktop/Projects/chil/LARAVELBACKENDCHIL/vendor/laravel/framework/src/Illuminate/Pipeline/Pipeline.php(127): Illuminate\Pipeline\Pipeline->{closure:{closure:Illuminate\Pipeline\Pipeline::carry():184}:185}(Object(Illuminate\Http\Request))
#16 /Users/elijahisrael/Desktop/Projects/chil/LARAVELBACKENDCHIL/vendor/laravel/framework/src/Illuminate/Routing/Router.php(807): Illuminate\Pipeline\Pipeline->then(Object(Closure))
#17 /Users/elijahisrael/Desktop/Projects/chil/LARAVELBACKENDCHIL/vendor/laravel/framework/src/Illuminate/Routing/Router.php(786): Illuminate\Routing\Router->runRouteWithinStack(Object(Illuminate\Routing\Route), Object(Illuminate\Http\Request))
#18 /Users/elijahisrael/Desktop/Projects/chil/LARAVELBACKENDCHIL/vendor/laravel/framework/src/Illuminate/Routing/Router.php(750): Illuminate\Routing\Router->runRoute(Object(Illuminate\Http\Request), Object(Illuminate\Routing\Route))
#19 /Users/elijahisrael/Desktop/Projects/chil/LARAVELBACKENDCHIL/vendor/laravel/framework/src/Illuminate/Routing/Router.php(739): Illuminate\Routing\Router->dispatchToRoute(Object(Illuminate\Http\Request))
#20 /Users/elijahisrael/Desktop/Projects/chil/LARAVELBACKENDCHIL/vendor/laravel/framework/src/Illuminate/Foundation/Http/Kernel.php(201): Illuminate\Routing\Router->dispatch(Object(Illuminate\Http\Request))
#21 /Users/elijahisrael/Desktop/Projects/chil/LARAVELBACKENDCHIL/vendor/laravel/framework/src/Illuminate/Pipeline/Pipeline.php(170): Illuminate\Foundation\Http\Kernel->{closure:Illuminate\Foundation\Http\Kernel::dispatchToRouter():198}(Object(Illuminate\Http\Request))
#22 /Users/elijahisrael/Desktop/Projects/chil/LARAVELBACKENDCHIL/vendor/livewire/livewire/src/Features/SupportDisablingBackButtonCache/DisableBackButtonCacheMiddleware.php(19): Illuminate\Pipeline\Pipeline->{closure:Illuminate\Pipeline\Pipeline::prepareDestination():168}(Object(Illuminate\Http\Request))
#23 /Users/elijahisrael/Desktop/Projects/chil/LARAVELBACKENDCHIL/vendor/laravel/framework/src/Illuminate/Pipeline/Pipeline.php(209): Livewire\Features\SupportDisablingBackButtonCache\DisableBackButtonCacheMiddleware->handle(Object(Illuminate\Http\Request), Object(Closure))
#24 /Users/elijahisrael/Desktop/Projects/chil/LARAVELBACKENDCHIL/app/Http/Middleware/Cors.php(31): Illuminate\Pipeline\Pipeline->{closure:{closure:Illuminate\Pipeline\Pipeline::carry():184}:185}(Object(Illuminate\Http\Request))
#25 /Users/elijahisrael/Desktop/Projects/chil/LARAVELBACKENDCHIL/vendor/laravel/framework/src/Illuminate/Pipeline/Pipeline.php(209): App\Http\Middleware\Cors->handle(Object(Illuminate\Http\Request), Object(Closure))
#26 /Users/elijahisrael/Desktop/Projects/chil/LARAVELBACKENDCHIL/vendor/laravel/framework/src/Illuminate/Http/Middleware/TrustProxies.php(58): Illuminate\Pipeline\Pipeline->{closure:{closure:Illuminate\Pipeline\Pipeline::carry():184}:185}(Object(Illuminate\Http\Request))
#27 /Users/elijahisrael/Desktop/Projects/chil/LARAVELBACKENDCHIL/vendor/laravel/framework/src/Illuminate/Pipeline/Pipeline.php(209): Illuminate\Http\Middleware\TrustProxies->handle(Object(Illuminate\Http\Request), Object(Closure))
#28 /Users/elijahisrael/Desktop/Projects/chil/LARAVELBACKENDCHIL/vendor/laravel/framework/src/Illuminate/Foundation/Http/Middleware/TransformsRequest.php(21): Illuminate\Pipeline\Pipeline->{closure:{closure:Illuminate\Pipeline\Pipeline::carry():184}:185}(Object(Illuminate\Http\Request))
#29 /Users/elijahisrael/Desktop/Projects/chil/LARAVELBACKENDCHIL/vendor/laravel/framework/src/Illuminate/Foundation/Http/Middleware/ConvertEmptyStringsToNull.php(31): Illuminate\Foundation\Http\Middleware\TransformsRequest->handle(Object(Illuminate\Http\Request), Object(Closure))
#30 /Users/elijahisrael/Desktop/Projects/chil/LARAVELBACKENDCHIL/vendor/laravel/framework/src/Illuminate/Pipeline/Pipeline.php(209): Illuminate\Foundation\Http\Middleware\ConvertEmptyStringsToNull->handle(Object(Illuminate\Http\Request), Object(Closure))
#31 /Users/elijahisrael/Desktop/Projects/chil/LARAVELBACKENDCHIL/vendor/laravel/framework/src/Illuminate/Foundation/Http/Middleware/TransformsRequest.php(21): Illuminate\Pipeline\Pipeline->{closure:{closure:Illuminate\Pipeline\Pipeline::carry():184}:185}(Object(Illuminate\Http\Request))
#32 /Users/elijahisrael/Desktop/Projects/chil/LARAVELBACKENDCHIL/vendor/laravel/framework/src/Illuminate/Foundation/Http/Middleware/TrimStrings.php(51): Illuminate\Foundation\Http\Middleware\TransformsRequest->handle(Object(Illuminate\Http\Request), Object(Closure))
#33 /Users/elijahisrael/Desktop/Projects/chil/LARAVELBACKENDCHIL/vendor/laravel/framework/src/Illuminate/Pipeline/Pipeline.php(209): Illuminate\Foundation\Http\Middleware\TrimStrings->handle(Object(Illuminate\Http\Request), Object(Closure))
#34 /Users/elijahisrael/Desktop/Projects/chil/LARAVELBACKENDCHIL/vendor/laravel/framework/src/Illuminate/Http/Middleware/ValidatePostSize.php(27): Illuminate\Pipeline\Pipeline->{closure:{closure:Illuminate\Pipeline\Pipeline::carry():184}:185}(Object(Illuminate\Http\Request))
#35 /Users/elijahisrael/Desktop/Projects/chil/LARAVELBACKENDCHIL/vendor/laravel/framework/src/Illuminate/Pipeline/Pipeline.php(209): Illuminate\Http\Middleware\ValidatePostSize->handle(Object(Illuminate\Http\Request), Object(Closure))
#36 /Users/elijahisrael/Desktop/Projects/chil/LARAVELBACKENDCHIL/vendor/laravel/framework/src/Illuminate/Foundation/Http/Middleware/PreventRequestsDuringMaintenance.php(110): Illuminate\Pipeline\Pipeline->{closure:{closure:Illuminate\Pipeline\Pipeline::carry():184}:185}(Object(Illuminate\Http\Request))
#37 /Users/elijahisrael/Desktop/Projects/chil/LARAVELBACKENDCHIL/vendor/laravel/framework/src/Illuminate/Pipeline/Pipeline.php(209): Illuminate\Foundation\Http\Middleware\PreventRequestsDuringMaintenance->handle(Object(Illuminate\Http\Request), Object(Closure))
#38 /Users/elijahisrael/Desktop/Projects/chil/LARAVELBACKENDCHIL/vendor/laravel/framework/src/Illuminate/Pipeline/Pipeline.php(127): Illuminate\Pipeline\Pipeline->{closure:{closure:Illuminate\Pipeline\Pipeline::carry():184}:185}(Object(Illuminate\Http\Request))
#39 /Users/elijahisrael/Desktop/Projects/chil/LARAVELBACKENDCHIL/vendor/laravel/framework/src/Illuminate/Foundation/Http/Kernel.php(176): Illuminate\Pipeline\Pipeline->then(Object(Closure))
#40 /Users/elijahisrael/Desktop/Projects/chil/LARAVELBACKENDCHIL/vendor/laravel/framework/src/Illuminate/Foundation/Http/Kernel.php(145): Illuminate\Foundation\Http\Kernel->sendRequestThroughRouter(Object(Illuminate\Http\Request))
#41 /Users/elijahisrael/Desktop/Projects/chil/LARAVELBACKENDCHIL/public/index.php(54): Illuminate\Foundation\Http\Kernel->handle(Object(Illuminate\Http\Request))
#42 /Users/elijahisrael/Desktop/Projects/chil/LARAVELBACKENDCHIL/server.php(21): require_once('/Users/elijahis...')
#43 {main}  
[2025-09-30 13:49:27] local.ERROR: Illuminate\Validation\ValidationException: The contact field is required. in /Users/elijahisrael/Desktop/Projects/chil/LARAVELBACKENDCHIL/vendor/laravel/framework/src/Illuminate/Support/helpers.php:423
Stack trace:
#0 /Users/elijahisrael/Desktop/Projects/chil/LARAVELBACKENDCHIL/vendor/laravel/framework/src/Illuminate/Validation/Validator.php(558): throw_if(true, 'Illuminate\\Vali...', Object(Illuminate\Validation\Validator))
#1 /Users/elijahisrael/Desktop/Projects/chil/LARAVELBACKENDCHIL/vendor/laravel/framework/src/Illuminate/Foundation/Providers/FoundationServiceProvider.php(155): Illuminate\Validation\Validator->validate()
#2 /Users/elijahisrael/Desktop/Projects/chil/LARAVELBACKENDCHIL/vendor/laravel/framework/src/Illuminate/Macroable/Traits/Macroable.php(126): Illuminate\Http\Request->{closure:Illuminate\Foundation\Providers\FoundationServiceProvider::registerRequestValidation():147}(Array)
#3 /Users/elijahisrael/Desktop/Projects/chil/LARAVELBACKENDCHIL/app/Http/Controllers/SchoolController.php(17): Illuminate\Http\Request->__call('validate', Array)
#4 /Users/elijahisrael/Desktop/Projects/chil/LARAVELBACKENDCHIL/vendor/laravel/framework/src/Illuminate/Routing/Controller.php(54): App\Http\Controllers\SchoolController->registerSchool(Object(Illuminate\Http\Request))
#5 /Users/elijahisrael/Desktop/Projects/chil/LARAVELBACKENDCHIL/vendor/laravel/framework/src/Illuminate/Routing/ControllerDispatcher.php(44): Illuminate\Routing\Controller->callAction('registerSchool', Array)
#6 /Users/elijahisrael/Desktop/Projects/chil/LARAVELBACKENDCHIL/vendor/laravel/framework/src/Illuminate/Routing/Route.php(266): Illuminate\Routing\ControllerDispatcher->dispatch(Object(Illuminate\Routing\Route), Object(App\Http\Controllers\SchoolController), 'registerSchool')
#7 /Users/elijahisrael/Desktop/Projects/chil/LARAVELBACKENDCHIL/vendor/laravel/framework/src/Illuminate/Routing/Route.php(212): Illuminate\Routing\Route->runController()
#8 /Users/elijahisrael/Desktop/Projects/chil/LARAVELBACKENDCHIL/vendor/laravel/framework/src/Illuminate/Routing/Router.php(808): Illuminate\Routing\Route->run()
#9 /Users/elijahisrael/Desktop/Projects/chil/LARAVELBACKENDCHIL/vendor/laravel/framework/src/Illuminate/Pipeline/Pipeline.php(170): Illuminate\Routing\Router->{closure:Illuminate\Routing\Router::runRouteWithinStack():807}(Object(Illuminate\Http\Request))
#10 /Users/elijahisrael/Desktop/Projects/chil/LARAVELBACKENDCHIL/vendor/laravel/framework/src/Illuminate/Routing/Middleware/SubstituteBindings.php(51): Illuminate\Pipeline\Pipeline->{closure:Illuminate\Pipeline\Pipeline::prepareDestination():168}(Object(Illuminate\Http\Request))
#11 /Users/elijahisrael/Desktop/Projects/chil/LARAVELBACKENDCHIL/vendor/laravel/framework/src/Illuminate/Pipeline/Pipeline.php(209): Illuminate\Routing\Middleware\SubstituteBindings->handle(Object(Illuminate\Http\Request), Object(Closure))
#12 /Users/elijahisrael/Desktop/Projects/chil/LARAVELBACKENDCHIL/vendor/laravel/framework/src/Illuminate/Routing/Middleware/ThrottleRequests.php(161): Illuminate\Pipeline\Pipeline->{closure:{closure:Illuminate\Pipeline\Pipeline::carry():184}:185}(Object(Illuminate\Http\Request))
#13 /Users/elijahisrael/Desktop/Projects/chil/LARAVELBACKENDCHIL/vendor/laravel/framework/src/Illuminate/Routing/Middleware/ThrottleRequests.php(92): Illuminate\Routing\Middleware\ThrottleRequests->handleRequest(Object(Illuminate\Http\Request), Object(Closure), Array)
#14 /Users/elijahisrael/Desktop/Projects/chil/LARAVELBACKENDCHIL/vendor/laravel/framework/src/Illuminate/Pipeline/Pipeline.php(209): Illuminate\Routing\Middleware\ThrottleRequests->handle(Object(Illuminate\Http\Request), Object(Closure), '60', '1')
#15 /Users/elijahisrael/Desktop/Projects/chil/LARAVELBACKENDCHIL/vendor/laravel/framework/src/Illuminate/Pipeline/Pipeline.php(127): Illuminate\Pipeline\Pipeline->{closure:{closure:Illuminate\Pipeline\Pipeline::carry():184}:185}(Object(Illuminate\Http\Request))
#16 /Users/elijahisrael/Desktop/Projects/chil/LARAVELBACKENDCHIL/vendor/laravel/framework/src/Illuminate/Routing/Router.php(807): Illuminate\Pipeline\Pipeline->then(Object(Closure))
#17 /Users/elijahisrael/Desktop/Projects/chil/LARAVELBACKENDCHIL/vendor/laravel/framework/src/Illuminate/Routing/Router.php(786): Illuminate\Routing\Router->runRouteWithinStack(Object(Illuminate\Routing\Route), Object(Illuminate\Http\Request))
#18 /Users/elijahisrael/Desktop/Projects/chil/LARAVELBACKENDCHIL/vendor/laravel/framework/src/Illuminate/Routing/Router.php(750): Illuminate\Routing\Router->runRoute(Object(Illuminate\Http\Request), Object(Illuminate\Routing\Route))
#19 /Users/elijahisrael/Desktop/Projects/chil/LARAVELBACKENDCHIL/vendor/laravel/framework/src/Illuminate/Routing/Router.php(739): Illuminate\Routing\Router->dispatchToRoute(Object(Illuminate\Http\Request))
#20 /Users/elijahisrael/Desktop/Projects/chil/LARAVELBACKENDCHIL/vendor/laravel/framework/src/Illuminate/Foundation/Http/Kernel.php(201): Illuminate\Routing\Router->dispatch(Object(Illuminate\Http\Request))
#21 /Users/elijahisrael/Desktop/Projects/chil/LARAVELBACKENDCHIL/vendor/laravel/framework/src/Illuminate/Pipeline/Pipeline.php(170): Illuminate\Foundation\Http\Kernel->{closure:Illuminate\Foundation\Http\Kernel::dispatchToRouter():198}(Object(Illuminate\Http\Request))
#22 /Users/elijahisrael/Desktop/Projects/chil/LARAVELBACKENDCHIL/vendor/livewire/livewire/src/Features/SupportDisablingBackButtonCache/DisableBackButtonCacheMiddleware.php(19): Illuminate\Pipeline\Pipeline->{closure:Illuminate\Pipeline\Pipeline::prepareDestination():168}(Object(Illuminate\Http\Request))
#23 /Users/elijahisrael/Desktop/Projects/chil/LARAVELBACKENDCHIL/vendor/laravel/framework/src/Illuminate/Pipeline/Pipeline.php(209): Livewire\Features\SupportDisablingBackButtonCache\DisableBackButtonCacheMiddleware->handle(Object(Illuminate\Http\Request), Object(Closure))
#24 /Users/elijahisrael/Desktop/Projects/chil/LARAVELBACKENDCHIL/app/Http/Middleware/Cors.php(31): Illuminate\Pipeline\Pipeline->{closure:{closure:Illuminate\Pipeline\Pipeline::carry():184}:185}(Object(Illuminate\Http\Request))
#25 /Users/elijahisrael/Desktop/Projects/chil/LARAVELBACKENDCHIL/vendor/laravel/framework/src/Illuminate/Pipeline/Pipeline.php(209): App\Http\Middleware\Cors->handle(Object(Illuminate\Http\Request), Object(Closure))
#26 /Users/elijahisrael/Desktop/Projects/chil/LARAVELBACKENDCHIL/vendor/laravel/framework/src/Illuminate/Http/Middleware/TrustProxies.php(58): Illuminate\Pipeline\Pipeline->{closure:{closure:Illuminate\Pipeline\Pipeline::carry():184}:185}(Object(Illuminate\Http\Request))
#27 /Users/elijahisrael/Desktop/Projects/chil/LARAVELBACKENDCHIL/vendor/laravel/framework/src/Illuminate/Pipeline/Pipeline.php(209): Illuminate\Http\Middleware\TrustProxies->handle(Object(Illuminate\Http\Request), Object(Closure))
#28 /Users/elijahisrael/Desktop/Projects/chil/LARAVELBACKENDCHIL/vendor/laravel/framework/src/Illuminate/Foundation/Http/Middleware/TransformsRequest.php(21): Illuminate\Pipeline\Pipeline->{closure:{closure:Illuminate\Pipeline\Pipeline::carry():184}:185}(Object(Illuminate\Http\Request))
#29 /Users/elijahisrael/Desktop/Projects/chil/LARAVELBACKENDCHIL/vendor/laravel/framework/src/Illuminate/Foundation/Http/Middleware/ConvertEmptyStringsToNull.php(31): Illuminate\Foundation\Http\Middleware\TransformsRequest->handle(Object(Illuminate\Http\Request), Object(Closure))
#30 /Users/elijahisrael/Desktop/Projects/chil/LARAVELBACKENDCHIL/vendor/laravel/framework/src/Illuminate/Pipeline/Pipeline.php(209): Illuminate\Foundation\Http\Middleware\ConvertEmptyStringsToNull->handle(Object(Illuminate\Http\Request), Object(Closure))
#31 /Users/elijahisrael/Desktop/Projects/chil/LARAVELBACKENDCHIL/vendor/laravel/framework/src/Illuminate/Foundation/Http/Middleware/TransformsRequest.php(21): Illuminate\Pipeline\Pipeline->{closure:{closure:Illuminate\Pipeline\Pipeline::carry():184}:185}(Object(Illuminate\Http\Request))
#32 /Users/elijahisrael/Desktop/Projects/chil/LARAVELBACKENDCHIL/vendor/laravel/framework/src/Illuminate/Foundation/Http/Middleware/TrimStrings.php(51): Illuminate\Foundation\Http\Middleware\TransformsRequest->handle(Object(Illuminate\Http\Request), Object(Closure))
#33 /Users/elijahisrael/Desktop/Projects/chil/LARAVELBACKENDCHIL/vendor/laravel/framework/src/Illuminate/Pipeline/Pipeline.php(209): Illuminate\Foundation\Http\Middleware\TrimStrings->handle(Object(Illuminate\Http\Request), Object(Closure))
#34 /Users/elijahisrael/Desktop/Projects/chil/LARAVELBACKENDCHIL/vendor/laravel/framework/src/Illuminate/Http/Middleware/ValidatePostSize.php(27): Illuminate\Pipeline\Pipeline->{closure:{closure:Illuminate\Pipeline\Pipeline::carry():184}:185}(Object(Illuminate\Http\Request))
#35 /Users/elijahisrael/Desktop/Projects/chil/LARAVELBACKENDCHIL/vendor/laravel/framework/src/Illuminate/Pipeline/Pipeline.php(209): Illuminate\Http\Middleware\ValidatePostSize->handle(Object(Illuminate\Http\Request), Object(Closure))
#36 /Users/elijahisrael/Desktop/Projects/chil/LARAVELBACKENDCHIL/vendor/laravel/framework/src/Illuminate/Foundation/Http/Middleware/PreventRequestsDuringMaintenance.php(110): Illuminate\Pipeline\Pipeline->{closure:{closure:Illuminate\Pipeline\Pipeline::carry():184}:185}(Object(Illuminate\Http\Request))
#37 /Users/elijahisrael/Desktop/Projects/chil/LARAVELBACKENDCHIL/vendor/laravel/framework/src/Illuminate/Pipeline/Pipeline.php(209): Illuminate\Foundation\Http\Middleware\PreventRequestsDuringMaintenance->handle(Object(Illuminate\Http\Request), Object(Closure))
#38 /Users/elijahisrael/Desktop/Projects/chil/LARAVELBACKENDCHIL/vendor/laravel/framework/src/Illuminate/Pipeline/Pipeline.php(127): Illuminate\Pipeline\Pipeline->{closure:{closure:Illuminate\Pipeline\Pipeline::carry():184}:185}(Object(Illuminate\Http\Request))
#39 /Users/elijahisrael/Desktop/Projects/chil/LARAVELBACKENDCHIL/vendor/laravel/framework/src/Illuminate/Foundation/Http/Kernel.php(176): Illuminate\Pipeline\Pipeline->then(Object(Closure))
#40 /Users/elijahisrael/Desktop/Projects/chil/LARAVELBACKENDCHIL/vendor/laravel/framework/src/Illuminate/Foundation/Http/Kernel.php(145): Illuminate\Foundation\Http\Kernel->sendRequestThroughRouter(Object(Illuminate\Http\Request))
#41 /Users/elijahisrael/Desktop/Projects/chil/LARAVELBACKENDCHIL/public/index.php(54): Illuminate\Foundation\Http\Kernel->handle(Object(Illuminate\Http\Request))
#42 /Users/elijahisrael/Desktop/Projects/chil/LARAVELBACKENDCHIL/server.php(21): require_once('/Users/elijahis...')
#43 {main}  
[2025-09-30 13:49:29] local.ERROR: Illuminate\Validation\ValidationException: The contact field is required. in /Users/elijahisrael/Desktop/Projects/chil/LARAVELBACKENDCHIL/vendor/laravel/framework/src/Illuminate/Support/helpers.php:423
Stack trace:
#0 /Users/elijahisrael/Desktop/Projects/chil/LARAVELBACKENDCHIL/vendor/laravel/framework/src/Illuminate/Validation/Validator.php(558): throw_if(true, 'Illuminate\\Vali...', Object(Illuminate\Validation\Validator))
#1 /Users/elijahisrael/Desktop/Projects/chil/LARAVELBACKENDCHIL/vendor/laravel/framework/src/Illuminate/Foundation/Providers/FoundationServiceProvider.php(155): Illuminate\Validation\Validator->validate()
#2 /Users/elijahisrael/Desktop/Projects/chil/LARAVELBACKENDCHIL/vendor/laravel/framework/src/Illuminate/Macroable/Traits/Macroable.php(126): Illuminate\Http\Request->{closure:Illuminate\Foundation\Providers\FoundationServiceProvider::registerRequestValidation():147}(Array)
#3 /Users/elijahisrael/Desktop/Projects/chil/LARAVELBACKENDCHIL/app/Http/Controllers/SchoolController.php(17): Illuminate\Http\Request->__call('validate', Array)
#4 /Users/elijahisrael/Desktop/Projects/chil/LARAVELBACKENDCHIL/vendor/laravel/framework/src/Illuminate/Routing/Controller.php(54): App\Http\Controllers\SchoolController->registerSchool(Object(Illuminate\Http\Request))
#5 /Users/elijahisrael/Desktop/Projects/chil/LARAVELBACKENDCHIL/vendor/laravel/framework/src/Illuminate/Routing/ControllerDispatcher.php(44): Illuminate\Routing\Controller->callAction('registerSchool', Array)
#6 /Users/elijahisrael/Desktop/Projects/chil/LARAVELBACKENDCHIL/vendor/laravel/framework/src/Illuminate/Routing/Route.php(266): Illuminate\Routing\ControllerDispatcher->dispatch(Object(Illuminate\Routing\Route), Object(App\Http\Controllers\SchoolController), 'registerSchool')
#7 /Users/elijahisrael/Desktop/Projects/chil/LARAVELBACKENDCHIL/vendor/laravel/framework/src/Illuminate/Routing/Route.php(212): Illuminate\Routing\Route->runController()
#8 /Users/elijahisrael/Desktop/Projects/chil/LARAVELBACKENDCHIL/vendor/laravel/framework/src/Illuminate/Routing/Router.php(808): Illuminate\Routing\Route->run()
#9 /Users/elijahisrael/Desktop/Projects/chil/LARAVELBACKENDCHIL/vendor/laravel/framework/src/Illuminate/Pipeline/Pipeline.php(170): Illuminate\Routing\Router->{closure:Illuminate\Routing\Router::runRouteWithinStack():807}(Object(Illuminate\Http\Request))
#10 /Users/elijahisrael/Desktop/Projects/chil/LARAVELBACKENDCHIL/vendor/laravel/framework/src/Illuminate/Routing/Middleware/SubstituteBindings.php(51): Illuminate\Pipeline\Pipeline->{closure:Illuminate\Pipeline\Pipeline::prepareDestination():168}(Object(Illuminate\Http\Request))
#11 /Users/elijahisrael/Desktop/Projects/chil/LARAVELBACKENDCHIL/vendor/laravel/framework/src/Illuminate/Pipeline/Pipeline.php(209): Illuminate\Routing\Middleware\SubstituteBindings->handle(Object(Illuminate\Http\Request), Object(Closure))
#12 /Users/elijahisrael/Desktop/Projects/chil/LARAVELBACKENDCHIL/vendor/laravel/framework/src/Illuminate/Routing/Middleware/ThrottleRequests.php(161): Illuminate\Pipeline\Pipeline->{closure:{closure:Illuminate\Pipeline\Pipeline::carry():184}:185}(Object(Illuminate\Http\Request))
#13 /Users/elijahisrael/Desktop/Projects/chil/LARAVELBACKENDCHIL/vendor/laravel/framework/src/Illuminate/Routing/Middleware/ThrottleRequests.php(92): Illuminate\Routing\Middleware\ThrottleRequests->handleRequest(Object(Illuminate\Http\Request), Object(Closure), Array)
#14 /Users/elijahisrael/Desktop/Projects/chil/LARAVELBACKENDCHIL/vendor/laravel/framework/src/Illuminate/Pipeline/Pipeline.php(209): Illuminate\Routing\Middleware\ThrottleRequests->handle(Object(Illuminate\Http\Request), Object(Closure), '60', '1')
#15 /Users/elijahisrael/Desktop/Projects/chil/LARAVELBACKENDCHIL/vendor/laravel/framework/src/Illuminate/Pipeline/Pipeline.php(127): Illuminate\Pipeline\Pipeline->{closure:{closure:Illuminate\Pipeline\Pipeline::carry():184}:185}(Object(Illuminate\Http\Request))
#16 /Users/elijahisrael/Desktop/Projects/chil/LARAVELBACKENDCHIL/vendor/laravel/framework/src/Illuminate/Routing/Router.php(807): Illuminate\Pipeline\Pipeline->then(Object(Closure))
#17 /Users/elijahisrael/Desktop/Projects/chil/LARAVELBACKENDCHIL/vendor/laravel/framework/src/Illuminate/Routing/Router.php(786): Illuminate\Routing\Router->runRouteWithinStack(Object(Illuminate\Routing\Route), Object(Illuminate\Http\Request))
#18 /Users/elijahisrael/Desktop/Projects/chil/LARAVELBACKENDCHIL/vendor/laravel/framework/src/Illuminate/Routing/Router.php(750): Illuminate\Routing\Router->runRoute(Object(Illuminate\Http\Request), Object(Illuminate\Routing\Route))
#19 /Users/elijahisrael/Desktop/Projects/chil/LARAVELBACKENDCHIL/vendor/laravel/framework/src/Illuminate/Routing/Router.php(739): Illuminate\Routing\Router->dispatchToRoute(Object(Illuminate\Http\Request))
#20 /Users/elijahisrael/Desktop/Projects/chil/LARAVELBACKENDCHIL/vendor/laravel/framework/src/Illuminate/Foundation/Http/Kernel.php(201): Illuminate\Routing\Router->dispatch(Object(Illuminate\Http\Request))
#21 /Users/elijahisrael/Desktop/Projects/chil/LARAVELBACKENDCHIL/vendor/laravel/framework/src/Illuminate/Pipeline/Pipeline.php(170): Illuminate\Foundation\Http\Kernel->{closure:Illuminate\Foundation\Http\Kernel::dispatchToRouter():198}(Object(Illuminate\Http\Request))
#22 /Users/elijahisrael/Desktop/Projects/chil/LARAVELBACKENDCHIL/vendor/livewire/livewire/src/Features/SupportDisablingBackButtonCache/DisableBackButtonCacheMiddleware.php(19): Illuminate\Pipeline\Pipeline->{closure:Illuminate\Pipeline\Pipeline::prepareDestination():168}(Object(Illuminate\Http\Request))
#23 /Users/elijahisrael/Desktop/Projects/chil/LARAVELBACKENDCHIL/vendor/laravel/framework/src/Illuminate/Pipeline/Pipeline.php(209): Livewire\Features\SupportDisablingBackButtonCache\DisableBackButtonCacheMiddleware->handle(Object(Illuminate\Http\Request), Object(Closure))
#24 /Users/elijahisrael/Desktop/Projects/chil/LARAVELBACKENDCHIL/app/Http/Middleware/Cors.php(31): Illuminate\Pipeline\Pipeline->{closure:{closure:Illuminate\Pipeline\Pipeline::carry():184}:185}(Object(Illuminate\Http\Request))
#25 /Users/elijahisrael/Desktop/Projects/chil/LARAVELBACKENDCHIL/vendor/laravel/framework/src/Illuminate/Pipeline/Pipeline.php(209): App\Http\Middleware\Cors->handle(Object(Illuminate\Http\Request), Object(Closure))
#26 /Users/elijahisrael/Desktop/Projects/chil/LARAVELBACKENDCHIL/vendor/laravel/framework/src/Illuminate/Http/Middleware/TrustProxies.php(58): Illuminate\Pipeline\Pipeline->{closure:{closure:Illuminate\Pipeline\Pipeline::carry():184}:185}(Object(Illuminate\Http\Request))
#27 /Users/elijahisrael/Desktop/Projects/chil/LARAVELBACKENDCHIL/vendor/laravel/framework/src/Illuminate/Pipeline/Pipeline.php(209): Illuminate\Http\Middleware\TrustProxies->handle(Object(Illuminate\Http\Request), Object(Closure))
#28 /Users/elijahisrael/Desktop/Projects/chil/LARAVELBACKENDCHIL/vendor/laravel/framework/src/Illuminate/Foundation/Http/Middleware/TransformsRequest.php(21): Illuminate\Pipeline\Pipeline->{closure:{closure:Illuminate\Pipeline\Pipeline::carry():184}:185}(Object(Illuminate\Http\Request))
#29 /Users/elijahisrael/Desktop/Projects/chil/LARAVELBACKENDCHIL/vendor/laravel/framework/src/Illuminate/Foundation/Http/Middleware/ConvertEmptyStringsToNull.php(31): Illuminate\Foundation\Http\Middleware\TransformsRequest->handle(Object(Illuminate\Http\Request), Object(Closure))
#30 /Users/elijahisrael/Desktop/Projects/chil/LARAVELBACKENDCHIL/vendor/laravel/framework/src/Illuminate/Pipeline/Pipeline.php(209): Illuminate\Foundation\Http\Middleware\ConvertEmptyStringsToNull->handle(Object(Illuminate\Http\Request), Object(Closure))
#31 /Users/elijahisrael/Desktop/Projects/chil/LARAVELBACKENDCHIL/vendor/laravel/framework/src/Illuminate/Foundation/Http/Middleware/TransformsRequest.php(21): Illuminate\Pipeline\Pipeline->{closure:{closure:Illuminate\Pipeline\Pipeline::carry():184}:185}(Object(Illuminate\Http\Request))
#32 /Users/elijahisrael/Desktop/Projects/chil/LARAVELBACKENDCHIL/vendor/laravel/framework/src/Illuminate/Foundation/Http/Middleware/TrimStrings.php(51): Illuminate\Foundation\Http\Middleware\TransformsRequest->handle(Object(Illuminate\Http\Request), Object(Closure))
#33 /Users/elijahisrael/Desktop/Projects/chil/LARAVELBACKENDCHIL/vendor/laravel/framework/src/Illuminate/Pipeline/Pipeline.php(209): Illuminate\Foundation\Http\Middleware\TrimStrings->handle(Object(Illuminate\Http\Request), Object(Closure))
#34 /Users/elijahisrael/Desktop/Projects/chil/LARAVELBACKENDCHIL/vendor/laravel/framework/src/Illuminate/Http/Middleware/ValidatePostSize.php(27): Illuminate\Pipeline\Pipeline->{closure:{closure:Illuminate\Pipeline\Pipeline::carry():184}:185}(Object(Illuminate\Http\Request))
#35 /Users/elijahisrael/Desktop/Projects/chil/LARAVELBACKENDCHIL/vendor/laravel/framework/src/Illuminate/Pipeline/Pipeline.php(209): Illuminate\Http\Middleware\ValidatePostSize->handle(Object(Illuminate\Http\Request), Object(Closure))
#36 /Users/elijahisrael/Desktop/Projects/chil/LARAVELBACKENDCHIL/vendor/laravel/framework/src/Illuminate/Foundation/Http/Middleware/PreventRequestsDuringMaintenance.php(110): Illuminate\Pipeline\Pipeline->{closure:{closure:Illuminate\Pipeline\Pipeline::carry():184}:185}(Object(Illuminate\Http\Request))
#37 /Users/elijahisrael/Desktop/Projects/chil/LARAVELBACKENDCHIL/vendor/laravel/framework/src/Illuminate/Pipeline/Pipeline.php(209): Illuminate\Foundation\Http\Middleware\PreventRequestsDuringMaintenance->handle(Object(Illuminate\Http\Request), Object(Closure))
#38 /Users/elijahisrael/Desktop/Projects/chil/LARAVELBACKENDCHIL/vendor/laravel/framework/src/Illuminate/Pipeline/Pipeline.php(127): Illuminate\Pipeline\Pipeline->{closure:{closure:Illuminate\Pipeline\Pipeline::carry():184}:185}(Object(Illuminate\Http\Request))
#39 /Users/elijahisrael/Desktop/Projects/chil/LARAVELBACKENDCHIL/vendor/laravel/framework/src/Illuminate/Foundation/Http/Kernel.php(176): Illuminate\Pipeline\Pipeline->then(Object(Closure))
#40 /Users/elijahisrael/Desktop/Projects/chil/LARAVELBACKENDCHIL/vendor/laravel/framework/src/Illuminate/Foundation/Http/Kernel.php(145): Illuminate\Foundation\Http\Kernel->sendRequestThroughRouter(Object(Illuminate\Http\Request))
#41 /Users/elijahisrael/Desktop/Projects/chil/LARAVELBACKENDCHIL/public/index.php(54): Illuminate\Foundation\Http\Kernel->handle(Object(Illuminate\Http\Request))
#42 /Users/elijahisrael/Desktop/Projects/chil/LARAVELBACKENDCHIL/server.php(21): require_once('/Users/elijahis...')
#43 {main}  
[2025-09-30 13:49:30] local.ERROR: Illuminate\Validation\ValidationException: The contact field is required. in /Users/elijahisrael/Desktop/Projects/chil/LARAVELBACKENDCHIL/vendor/laravel/framework/src/Illuminate/Support/helpers.php:423
Stack trace:
#0 /Users/elijahisrael/Desktop/Projects/chil/LARAVELBACKENDCHIL/vendor/laravel/framework/src/Illuminate/Validation/Validator.php(558): throw_if(true, 'Illuminate\\Vali...', Object(Illuminate\Validation\Validator))
#1 /Users/elijahisrael/Desktop/Projects/chil/LARAVELBACKENDCHIL/vendor/laravel/framework/src/Illuminate/Foundation/Providers/FoundationServiceProvider.php(155): Illuminate\Validation\Validator->validate()
#2 /Users/elijahisrael/Desktop/Projects/chil/LARAVELBACKENDCHIL/vendor/laravel/framework/src/Illuminate/Macroable/Traits/Macroable.php(126): Illuminate\Http\Request->{closure:Illuminate\Foundation\Providers\FoundationServiceProvider::registerRequestValidation():147}(Array)
#3 /Users/elijahisrael/Desktop/Projects/chil/LARAVELBACKENDCHIL/app/Http/Controllers/SchoolController.php(17): Illuminate\Http\Request->__call('validate', Array)
#4 /Users/elijahisrael/Desktop/Projects/chil/LARAVELBACKENDCHIL/vendor/laravel/framework/src/Illuminate/Routing/Controller.php(54): App\Http\Controllers\SchoolController->registerSchool(Object(Illuminate\Http\Request))
#5 /Users/elijahisrael/Desktop/Projects/chil/LARAVELBACKENDCHIL/vendor/laravel/framework/src/Illuminate/Routing/ControllerDispatcher.php(44): Illuminate\Routing\Controller->callAction('registerSchool', Array)
#6 /Users/elijahisrael/Desktop/Projects/chil/LARAVELBACKENDCHIL/vendor/laravel/framework/src/Illuminate/Routing/Route.php(266): Illuminate\Routing\ControllerDispatcher->dispatch(Object(Illuminate\Routing\Route), Object(App\Http\Controllers\SchoolController), 'registerSchool')
#7 /Users/elijahisrael/Desktop/Projects/chil/LARAVELBACKENDCHIL/vendor/laravel/framework/src/Illuminate/Routing/Route.php(212): Illuminate\Routing\Route->runController()
#8 /Users/elijahisrael/Desktop/Projects/chil/LARAVELBACKENDCHIL/vendor/laravel/framework/src/Illuminate/Routing/Router.php(808): Illuminate\Routing\Route->run()
#9 /Users/elijahisrael/Desktop/Projects/chil/LARAVELBACKENDCHIL/vendor/laravel/framework/src/Illuminate/Pipeline/Pipeline.php(170): Illuminate\Routing\Router->{closure:Illuminate\Routing\Router::runRouteWithinStack():807}(Object(Illuminate\Http\Request))
#10 /Users/elijahisrael/Desktop/Projects/chil/LARAVELBACKENDCHIL/vendor/laravel/framework/src/Illuminate/Routing/Middleware/SubstituteBindings.php(51): Illuminate\Pipeline\Pipeline->{closure:Illuminate\Pipeline\Pipeline::prepareDestination():168}(Object(Illuminate\Http\Request))
#11 /Users/elijahisrael/Desktop/Projects/chil/LARAVELBACKENDCHIL/vendor/laravel/framework/src/Illuminate/Pipeline/Pipeline.php(209): Illuminate\Routing\Middleware\SubstituteBindings->handle(Object(Illuminate\Http\Request), Object(Closure))
#12 /Users/elijahisrael/Desktop/Projects/chil/LARAVELBACKENDCHIL/vendor/laravel/framework/src/Illuminate/Routing/Middleware/ThrottleRequests.php(161): Illuminate\Pipeline\Pipeline->{closure:{closure:Illuminate\Pipeline\Pipeline::carry():184}:185}(Object(Illuminate\Http\Request))
#13 /Users/elijahisrael/Desktop/Projects/chil/LARAVELBACKENDCHIL/vendor/laravel/framework/src/Illuminate/Routing/Middleware/ThrottleRequests.php(92): Illuminate\Routing\Middleware\ThrottleRequests->handleRequest(Object(Illuminate\Http\Request), Object(Closure), Array)
#14 /Users/elijahisrael/Desktop/Projects/chil/LARAVELBACKENDCHIL/vendor/laravel/framework/src/Illuminate/Pipeline/Pipeline.php(209): Illuminate\Routing\Middleware\ThrottleRequests->handle(Object(Illuminate\Http\Request), Object(Closure), '60', '1')
#15 /Users/elijahisrael/Desktop/Projects/chil/LARAVELBACKENDCHIL/vendor/laravel/framework/src/Illuminate/Pipeline/Pipeline.php(127): Illuminate\Pipeline\Pipeline->{closure:{closure:Illuminate\Pipeline\Pipeline::carry():184}:185}(Object(Illuminate\Http\Request))
#16 /Users/elijahisrael/Desktop/Projects/chil/LARAVELBACKENDCHIL/vendor/laravel/framework/src/Illuminate/Routing/Router.php(807): Illuminate\Pipeline\Pipeline->then(Object(Closure))
#17 /Users/elijahisrael/Desktop/Projects/chil/LARAVELBACKENDCHIL/vendor/laravel/framework/src/Illuminate/Routing/Router.php(786): Illuminate\Routing\Router->runRouteWithinStack(Object(Illuminate\Routing\Route), Object(Illuminate\Http\Request))
#18 /Users/elijahisrael/Desktop/Projects/chil/LARAVELBACKENDCHIL/vendor/laravel/framework/src/Illuminate/Routing/Router.php(750): Illuminate\Routing\Router->runRoute(Object(Illuminate\Http\Request), Object(Illuminate\Routing\Route))
#19 /Users/elijahisrael/Desktop/Projects/chil/LARAVELBACKENDCHIL/vendor/laravel/framework/src/Illuminate/Routing/Router.php(739): Illuminate\Routing\Router->dispatchToRoute(Object(Illuminate\Http\Request))
#20 /Users/elijahisrael/Desktop/Projects/chil/LARAVELBACKENDCHIL/vendor/laravel/framework/src/Illuminate/Foundation/Http/Kernel.php(201): Illuminate\Routing\Router->dispatch(Object(Illuminate\Http\Request))
#21 /Users/elijahisrael/Desktop/Projects/chil/LARAVELBACKENDCHIL/vendor/laravel/framework/src/Illuminate/Pipeline/Pipeline.php(170): Illuminate\Foundation\Http\Kernel->{closure:Illuminate\Foundation\Http\Kernel::dispatchToRouter():198}(Object(Illuminate\Http\Request))
#22 /Users/elijahisrael/Desktop/Projects/chil/LARAVELBACKENDCHIL/vendor/livewire/livewire/src/Features/SupportDisablingBackButtonCache/DisableBackButtonCacheMiddleware.php(19): Illuminate\Pipeline\Pipeline->{closure:Illuminate\Pipeline\Pipeline::prepareDestination():168}(Object(Illuminate\Http\Request))
#23 /Users/elijahisrael/Desktop/Projects/chil/LARAVELBACKENDCHIL/vendor/laravel/framework/src/Illuminate/Pipeline/Pipeline.php(209): Livewire\Features\SupportDisablingBackButtonCache\DisableBackButtonCacheMiddleware->handle(Object(Illuminate\Http\Request), Object(Closure))
#24 /Users/elijahisrael/Desktop/Projects/chil/LARAVELBACKENDCHIL/app/Http/Middleware/Cors.php(31): Illuminate\Pipeline\Pipeline->{closure:{closure:Illuminate\Pipeline\Pipeline::carry():184}:185}(Object(Illuminate\Http\Request))
#25 /Users/elijahisrael/Desktop/Projects/chil/LARAVELBACKENDCHIL/vendor/laravel/framework/src/Illuminate/Pipeline/Pipeline.php(209): App\Http\Middleware\Cors->handle(Object(Illuminate\Http\Request), Object(Closure))
#26 /Users/elijahisrael/Desktop/Projects/chil/LARAVELBACKENDCHIL/vendor/laravel/framework/src/Illuminate/Http/Middleware/TrustProxies.php(58): Illuminate\Pipeline\Pipeline->{closure:{closure:Illuminate\Pipeline\Pipeline::carry():184}:185}(Object(Illuminate\Http\Request))
#27 /Users/elijahisrael/Desktop/Projects/chil/LARAVELBACKENDCHIL/vendor/laravel/framework/src/Illuminate/Pipeline/Pipeline.php(209): Illuminate\Http\Middleware\TrustProxies->handle(Object(Illuminate\Http\Request), Object(Closure))
#28 /Users/elijahisrael/Desktop/Projects/chil/LARAVELBACKENDCHIL/vendor/laravel/framework/src/Illuminate/Foundation/Http/Middleware/TransformsRequest.php(21): Illuminate\Pipeline\Pipeline->{closure:{closure:Illuminate\Pipeline\Pipeline::carry():184}:185}(Object(Illuminate\Http\Request))
#29 /Users/elijahisrael/Desktop/Projects/chil/LARAVELBACKENDCHIL/vendor/laravel/framework/src/Illuminate/Foundation/Http/Middleware/ConvertEmptyStringsToNull.php(31): Illuminate\Foundation\Http\Middleware\TransformsRequest->handle(Object(Illuminate\Http\Request), Object(Closure))
#30 /Users/elijahisrael/Desktop/Projects/chil/LARAVELBACKENDCHIL/vendor/laravel/framework/src/Illuminate/Pipeline/Pipeline.php(209): Illuminate\Foundation\Http\Middleware\ConvertEmptyStringsToNull->handle(Object(Illuminate\Http\Request), Object(Closure))
#31 /Users/elijahisrael/Desktop/Projects/chil/LARAVELBACKENDCHIL/vendor/laravel/framework/src/Illuminate/Foundation/Http/Middleware/TransformsRequest.php(21): Illuminate\Pipeline\Pipeline->{closure:{closure:Illuminate\Pipeline\Pipeline::carry():184}:185}(Object(Illuminate\Http\Request))
#32 /Users/elijahisrael/Desktop/Projects/chil/LARAVELBACKENDCHIL/vendor/laravel/framework/src/Illuminate/Foundation/Http/Middleware/TrimStrings.php(51): Illuminate\Foundation\Http\Middleware\TransformsRequest->handle(Object(Illuminate\Http\Request), Object(Closure))
#33 /Users/elijahisrael/Desktop/Projects/chil/LARAVELBACKENDCHIL/vendor/laravel/framework/src/Illuminate/Pipeline/Pipeline.php(209): Illuminate\Foundation\Http\Middleware\TrimStrings->handle(Object(Illuminate\Http\Request), Object(Closure))
#34 /Users/elijahisrael/Desktop/Projects/chil/LARAVELBACKENDCHIL/vendor/laravel/framework/src/Illuminate/Http/Middleware/ValidatePostSize.php(27): Illuminate\Pipeline\Pipeline->{closure:{closure:Illuminate\Pipeline\Pipeline::carry():184}:185}(Object(Illuminate\Http\Request))
#35 /Users/elijahisrael/Desktop/Projects/chil/LARAVELBACKENDCHIL/vendor/laravel/framework/src/Illuminate/Pipeline/Pipeline.php(209): Illuminate\Http\Middleware\ValidatePostSize->handle(Object(Illuminate\Http\Request), Object(Closure))
#36 /Users/elijahisrael/Desktop/Projects/chil/LARAVELBACKENDCHIL/vendor/laravel/framework/src/Illuminate/Foundation/Http/Middleware/PreventRequestsDuringMaintenance.php(110): Illuminate\Pipeline\Pipeline->{closure:{closure:Illuminate\Pipeline\Pipeline::carry():184}:185}(Object(Illuminate\Http\Request))
#37 /Users/elijahisrael/Desktop/Projects/chil/LARAVELBACKENDCHIL/vendor/laravel/framework/src/Illuminate/Pipeline/Pipeline.php(209): Illuminate\Foundation\Http\Middleware\PreventRequestsDuringMaintenance->handle(Object(Illuminate\Http\Request), Object(Closure))
#38 /Users/elijahisrael/Desktop/Projects/chil/LARAVELBACKENDCHIL/vendor/laravel/framework/src/Illuminate/Pipeline/Pipeline.php(127): Illuminate\Pipeline\Pipeline->{closure:{closure:Illuminate\Pipeline\Pipeline::carry():184}:185}(Object(Illuminate\Http\Request))
#39 /Users/elijahisrael/Desktop/Projects/chil/LARAVELBACKENDCHIL/vendor/laravel/framework/src/Illuminate/Foundation/Http/Kernel.php(176): Illuminate\Pipeline\Pipeline->then(Object(Closure))
#40 /Users/elijahisrael/Desktop/Projects/chil/LARAVELBACKENDCHIL/vendor/laravel/framework/src/Illuminate/Foundation/Http/Kernel.php(145): Illuminate\Foundation\Http\Kernel->sendRequestThroughRouter(Object(Illuminate\Http\Request))
#41 /Users/elijahisrael/Desktop/Projects/chil/LARAVELBACKENDCHIL/public/index.php(54): Illuminate\Foundation\Http\Kernel->handle(Object(Illuminate\Http\Request))
#42 /Users/elijahisrael/Desktop/Projects/chil/LARAVELBACKENDCHIL/server.php(21): require_once('/Users/elijahis...')
#43 {main}  
[2025-09-30 13:50:39] local.ERROR: SQLSTATE[42S22]: Column not found: 1054 Unknown column 'file_url' in 'field list' (Connection: mysql, SQL: insert into `schools` (`name`, `email`, `contact`, `file_url`, `updated_at`, `created_at`) values (Mothercare P/S, info@mothercareps.com, 0789592019, ?, 2025-09-30 13:50:39, 2025-09-30 13:50:39)) {"exception":"[object] (Illuminate\\Database\\QueryException(code: 42S22): SQLSTATE[42S22]: Column not found: 1054 Unknown column 'file_url' in 'field list' (Connection: mysql, SQL: insert into `schools` (`name`, `email`, `contact`, `file_url`, `updated_at`, `created_at`) values (Mothercare P/S, info@mothercareps.com, 0789592019, ?, 2025-09-30 13:50:39, 2025-09-30 13:50:39)) at /Users/elijahisrael/Desktop/Projects/chil/LARAVELBACKENDCHIL/vendor/laravel/framework/src/Illuminate/Database/Connection.php:825)
[stacktrace]
#0 /Users/elijahisrael/Desktop/Projects/chil/LARAVELBACKENDCHIL/vendor/laravel/framework/src/Illuminate/Database/Connection.php(779): Illuminate\\Database\\Connection->runQueryCallback('insert into `sc...', Array, Object(Closure))
#1 /Users/elijahisrael/Desktop/Projects/chil/LARAVELBACKENDCHIL/vendor/laravel/framework/src/Illuminate/Database/MySqlConnection.php(42): Illuminate\\Database\\Connection->run('insert into `sc...', Array, Object(Closure))
#2 /Users/elijahisrael/Desktop/Projects/chil/LARAVELBACKENDCHIL/vendor/laravel/framework/src/Illuminate/Database/Query/Processors/MySqlProcessor.php(35): Illuminate\\Database\\MySqlConnection->insert('insert into `sc...', Array, 'id')
#3 /Users/elijahisrael/Desktop/Projects/chil/LARAVELBACKENDCHIL/vendor/laravel/framework/src/Illuminate/Database/Query/Builder.php(3766): Illuminate\\Database\\Query\\Processors\\MySqlProcessor->processInsertGetId(Object(Illuminate\\Database\\Query\\Builder), 'insert into `sc...', Array, 'id')
#4 /Users/elijahisrael/Desktop/Projects/chil/LARAVELBACKENDCHIL/vendor/laravel/framework/src/Illuminate/Database/Eloquent/Builder.php(2120): Illuminate\\Database\\Query\\Builder->insertGetId(Array, 'id')
#5 /Users/elijahisrael/Desktop/Projects/chil/LARAVELBACKENDCHIL/vendor/laravel/framework/src/Illuminate/Database/Eloquent/Model.php(1359): Illuminate\\Database\\Eloquent\\Builder->__call('insertGetId', Array)
#6 /Users/elijahisrael/Desktop/Projects/chil/LARAVELBACKENDCHIL/vendor/laravel/framework/src/Illuminate/Database/Eloquent/Model.php(1324): Illuminate\\Database\\Eloquent\\Model->insertAndSetId(Object(Illuminate\\Database\\Eloquent\\Builder), Array)
#7 /Users/elijahisrael/Desktop/Projects/chil/LARAVELBACKENDCHIL/vendor/laravel/framework/src/Illuminate/Database/Eloquent/Model.php(1163): Illuminate\\Database\\Eloquent\\Model->performInsert(Object(Illuminate\\Database\\Eloquent\\Builder))
#8 /Users/elijahisrael/Desktop/Projects/chil/LARAVELBACKENDCHIL/vendor/laravel/framework/src/Illuminate/Database/Eloquent/Builder.php(1128): Illuminate\\Database\\Eloquent\\Model->save()
#9 /Users/elijahisrael/Desktop/Projects/chil/LARAVELBACKENDCHIL/vendor/laravel/framework/src/Illuminate/Support/helpers.php(399): Illuminate\\Database\\Eloquent\\Builder->{closure:Illuminate\\Database\\Eloquent\\Builder::create():1127}(Object(App\\Models\\School))
#10 /Users/elijahisrael/Desktop/Projects/chil/LARAVELBACKENDCHIL/vendor/laravel/framework/src/Illuminate/Database/Eloquent/Builder.php(1127): tap(Object(App\\Models\\School), Object(Closure))
#11 /Users/elijahisrael/Desktop/Projects/chil/LARAVELBACKENDCHIL/vendor/laravel/framework/src/Illuminate/Support/Traits/ForwardsCalls.php(23): Illuminate\\Database\\Eloquent\\Builder->create(Array)
#12 /Users/elijahisrael/Desktop/Projects/chil/LARAVELBACKENDCHIL/vendor/laravel/framework/src/Illuminate/Database/Eloquent/Model.php(2372): Illuminate\\Database\\Eloquent\\Model->forwardCallTo(Object(Illuminate\\Database\\Eloquent\\Builder), 'create', Array)
#13 /Users/elijahisrael/Desktop/Projects/chil/LARAVELBACKENDCHIL/vendor/laravel/framework/src/Illuminate/Database/Eloquent/Model.php(2384): Illuminate\\Database\\Eloquent\\Model->__call('create', Array)
#14 /Users/elijahisrael/Desktop/Projects/chil/LARAVELBACKENDCHIL/app/Http/Controllers/SchoolController.php(30): Illuminate\\Database\\Eloquent\\Model::__callStatic('create', Array)
#15 /Users/elijahisrael/Desktop/Projects/chil/LARAVELBACKENDCHIL/vendor/laravel/framework/src/Illuminate/Routing/Controller.php(54): App\\Http\\Controllers\\SchoolController->registerSchool(Object(Illuminate\\Http\\Request))
#16 /Users/elijahisrael/Desktop/Projects/chil/LARAVELBACKENDCHIL/vendor/laravel/framework/src/Illuminate/Routing/ControllerDispatcher.php(44): Illuminate\\Routing\\Controller->callAction('registerSchool', Array)
#17 /Users/elijahisrael/Desktop/Projects/chil/LARAVELBACKENDCHIL/vendor/laravel/framework/src/Illuminate/Routing/Route.php(266): Illuminate\\Routing\\ControllerDispatcher->dispatch(Object(Illuminate\\Routing\\Route), Object(App\\Http\\Controllers\\SchoolController), 'registerSchool')
#18 /Users/elijahisrael/Desktop/Projects/chil/LARAVELBACKENDCHIL/vendor/laravel/framework/src/Illuminate/Routing/Route.php(212): Illuminate\\Routing\\Route->runController()
#19 /Users/elijahisrael/Desktop/Projects/chil/LARAVELBACKENDCHIL/vendor/laravel/framework/src/Illuminate/Routing/Router.php(808): Illuminate\\Routing\\Route->run()
#20 /Users/elijahisrael/Desktop/Projects/chil/LARAVELBACKENDCHIL/vendor/laravel/framework/src/Illuminate/Pipeline/Pipeline.php(170): Illuminate\\Routing\\Router->{closure:Illuminate\\Routing\\Router::runRouteWithinStack():807}(Object(Illuminate\\Http\\Request))
#21 /Users/elijahisrael/Desktop/Projects/chil/LARAVELBACKENDCHIL/vendor/laravel/framework/src/Illuminate/Routing/Middleware/SubstituteBindings.php(51): Illuminate\\Pipeline\\Pipeline->{closure:Illuminate\\Pipeline\\Pipeline::prepareDestination():168}(Object(Illuminate\\Http\\Request))
#22 /Users/elijahisrael/Desktop/Projects/chil/LARAVELBACKENDCHIL/vendor/laravel/framework/src/Illuminate/Pipeline/Pipeline.php(209): Illuminate\\Routing\\Middleware\\SubstituteBindings->handle(Object(Illuminate\\Http\\Request), Object(Closure))
#23 /Users/elijahisrael/Desktop/Projects/chil/LARAVELBACKENDCHIL/vendor/laravel/framework/src/Illuminate/Routing/Middleware/ThrottleRequests.php(161): Illuminate\\Pipeline\\Pipeline->{closure:{closure:Illuminate\\Pipeline\\Pipeline::carry():184}:185}(Object(Illuminate\\Http\\Request))
#24 /Users/elijahisrael/Desktop/Projects/chil/LARAVELBACKENDCHIL/vendor/laravel/framework/src/Illuminate/Routing/Middleware/ThrottleRequests.php(92): Illuminate\\Routing\\Middleware\\ThrottleRequests->handleRequest(Object(Illuminate\\Http\\Request), Object(Closure), Array)
#25 /Users/elijahisrael/Desktop/Projects/chil/LARAVELBACKENDCHIL/vendor/laravel/framework/src/Illuminate/Pipeline/Pipeline.php(209): Illuminate\\Routing\\Middleware\\ThrottleRequests->handle(Object(Illuminate\\Http\\Request), Object(Closure), '60', '1')
#26 /Users/elijahisrael/Desktop/Projects/chil/LARAVELBACKENDCHIL/vendor/laravel/framework/src/Illuminate/Pipeline/Pipeline.php(127): Illuminate\\Pipeline\\Pipeline->{closure:{closure:Illuminate\\Pipeline\\Pipeline::carry():184}:185}(Object(Illuminate\\Http\\Request))
#27 /Users/elijahisrael/Desktop/Projects/chil/LARAVELBACKENDCHIL/vendor/laravel/framework/src/Illuminate/Routing/Router.php(807): Illuminate\\Pipeline\\Pipeline->then(Object(Closure))
#28 /Users/elijahisrael/Desktop/Projects/chil/LARAVELBACKENDCHIL/vendor/laravel/framework/src/Illuminate/Routing/Router.php(786): Illuminate\\Routing\\Router->runRouteWithinStack(Object(Illuminate\\Routing\\Route), Object(Illuminate\\Http\\Request))
#29 /Users/elijahisrael/Desktop/Projects/chil/LARAVELBACKENDCHIL/vendor/laravel/framework/src/Illuminate/Routing/Router.php(750): Illuminate\\Routing\\Router->runRoute(Object(Illuminate\\Http\\Request), Object(Illuminate\\Routing\\Route))
#30 /Users/elijahisrael/Desktop/Projects/chil/LARAVELBACKENDCHIL/vendor/laravel/framework/src/Illuminate/Routing/Router.php(739): Illuminate\\Routing\\Router->dispatchToRoute(Object(Illuminate\\Http\\Request))
#31 /Users/elijahisrael/Desktop/Projects/chil/LARAVELBACKENDCHIL/vendor/laravel/framework/src/Illuminate/Foundation/Http/Kernel.php(201): Illuminate\\Routing\\Router->dispatch(Object(Illuminate\\Http\\Request))
#32 /Users/elijahisrael/Desktop/Projects/chil/LARAVELBACKENDCHIL/vendor/laravel/framework/src/Illuminate/Pipeline/Pipeline.php(170): Illuminate\\Foundation\\Http\\Kernel->{closure:Illuminate\\Foundation\\Http\\Kernel::dispatchToRouter():198}(Object(Illuminate\\Http\\Request))
#33 /Users/elijahisrael/Desktop/Projects/chil/LARAVELBACKENDCHIL/vendor/livewire/livewire/src/Features/SupportDisablingBackButtonCache/DisableBackButtonCacheMiddleware.php(19): Illuminate\\Pipeline\\Pipeline->{closure:Illuminate\\Pipeline\\Pipeline::prepareDestination():168}(Object(Illuminate\\Http\\Request))
#34 /Users/elijahisrael/Desktop/Projects/chil/LARAVELBACKENDCHIL/vendor/laravel/framework/src/Illuminate/Pipeline/Pipeline.php(209): Livewire\\Features\\SupportDisablingBackButtonCache\\DisableBackButtonCacheMiddleware->handle(Object(Illuminate\\Http\\Request), Object(Closure))
#35 /Users/elijahisrael/Desktop/Projects/chil/LARAVELBACKENDCHIL/app/Http/Middleware/Cors.php(31): Illuminate\\Pipeline\\Pipeline->{closure:{closure:Illuminate\\Pipeline\\Pipeline::carry():184}:185}(Object(Illuminate\\Http\\Request))
#36 /Users/elijahisrael/Desktop/Projects/chil/LARAVELBACKENDCHIL/vendor/laravel/framework/src/Illuminate/Pipeline/Pipeline.php(209): App\\Http\\Middleware\\Cors->handle(Object(Illuminate\\Http\\Request), Object(Closure))
#37 /Users/elijahisrael/Desktop/Projects/chil/LARAVELBACKENDCHIL/vendor/laravel/framework/src/Illuminate/Http/Middleware/TrustProxies.php(58): Illuminate\\Pipeline\\Pipeline->{closure:{closure:Illuminate\\Pipeline\\Pipeline::carry():184}:185}(Object(Illuminate\\Http\\Request))
#38 /Users/elijahisrael/Desktop/Projects/chil/LARAVELBACKENDCHIL/vendor/laravel/framework/src/Illuminate/Pipeline/Pipeline.php(209): Illuminate\\Http\\Middleware\\TrustProxies->handle(Object(Illuminate\\Http\\Request), Object(Closure))
#39 /Users/elijahisrael/Desktop/Projects/chil/LARAVELBACKENDCHIL/vendor/laravel/framework/src/Illuminate/Foundation/Http/Middleware/TransformsRequest.php(21): Illuminate\\Pipeline\\Pipeline->{closure:{closure:Illuminate\\Pipeline\\Pipeline::carry():184}:185}(Object(Illuminate\\Http\\Request))
#40 /Users/elijahisrael/Desktop/Projects/chil/LARAVELBACKENDCHIL/vendor/laravel/framework/src/Illuminate/Foundation/Http/Middleware/ConvertEmptyStringsToNull.php(31): Illuminate\\Foundation\\Http\\Middleware\\TransformsRequest->handle(Object(Illuminate\\Http\\Request), Object(Closure))
#41 /Users/elijahisrael/Desktop/Projects/chil/LARAVELBACKENDCHIL/vendor/laravel/framework/src/Illuminate/Pipeline/Pipeline.php(209): Illuminate\\Foundation\\Http\\Middleware\\ConvertEmptyStringsToNull->handle(Object(Illuminate\\Http\\Request), Object(Closure))
#42 /Users/elijahisrael/Desktop/Projects/chil/LARAVELBACKENDCHIL/vendor/laravel/framework/src/Illuminate/Foundation/Http/Middleware/TransformsRequest.php(21): Illuminate\\Pipeline\\Pipeline->{closure:{closure:Illuminate\\Pipeline\\Pipeline::carry():184}:185}(Object(Illuminate\\Http\\Request))
#43 /Users/elijahisrael/Desktop/Projects/chil/LARAVELBACKENDCHIL/vendor/laravel/framework/src/Illuminate/Foundation/Http/Middleware/TrimStrings.php(51): Illuminate\\Foundation\\Http\\Middleware\\TransformsRequest->handle(Object(Illuminate\\Http\\Request), Object(Closure))
#44 /Users/elijahisrael/Desktop/Projects/chil/LARAVELBACKENDCHIL/vendor/laravel/framework/src/Illuminate/Pipeline/Pipeline.php(209): Illuminate\\Foundation\\Http\\Middleware\\TrimStrings->handle(Object(Illuminate\\Http\\Request), Object(Closure))
#45 /Users/elijahisrael/Desktop/Projects/chil/LARAVELBACKENDCHIL/vendor/laravel/framework/src/Illuminate/Http/Middleware/ValidatePostSize.php(27): Illuminate\\Pipeline\\Pipeline->{closure:{closure:Illuminate\\Pipeline\\Pipeline::carry():184}:185}(Object(Illuminate\\Http\\Request))
#46 /Users/elijahisrael/Desktop/Projects/chil/LARAVELBACKENDCHIL/vendor/laravel/framework/src/Illuminate/Pipeline/Pipeline.php(209): Illuminate\\Http\\Middleware\\ValidatePostSize->handle(Object(Illuminate\\Http\\Request), Object(Closure))
#47 /Users/elijahisrael/Desktop/Projects/chil/LARAVELBACKENDCHIL/vendor/laravel/framework/src/Illuminate/Foundation/Http/Middleware/PreventRequestsDuringMaintenance.php(110): Illuminate\\Pipeline\\Pipeline->{closure:{closure:Illuminate\\Pipeline\\Pipeline::carry():184}:185}(Object(Illuminate\\Http\\Request))
#48 /Users/elijahisrael/Desktop/Projects/chil/LARAVELBACKENDCHIL/vendor/laravel/framework/src/Illuminate/Pipeline/Pipeline.php(209): Illuminate\\Foundation\\Http\\Middleware\\PreventRequestsDuringMaintenance->handle(Object(Illuminate\\Http\\Request), Object(Closure))
#49 /Users/elijahisrael/Desktop/Projects/chil/LARAVELBACKENDCHIL/vendor/laravel/framework/src/Illuminate/Pipeline/Pipeline.php(127): Illuminate\\Pipeline\\Pipeline->{closure:{closure:Illuminate\\Pipeline\\Pipeline::carry():184}:185}(Object(Illuminate\\Http\\Request))
#50 /Users/elijahisrael/Desktop/Projects/chil/LARAVELBACKENDCHIL/vendor/laravel/framework/src/Illuminate/Foundation/Http/Kernel.php(176): Illuminate\\Pipeline\\Pipeline->then(Object(Closure))
#51 /Users/elijahisrael/Desktop/Projects/chil/LARAVELBACKENDCHIL/vendor/laravel/framework/src/Illuminate/Foundation/Http/Kernel.php(145): Illuminate\\Foundation\\Http\\Kernel->sendRequestThroughRouter(Object(Illuminate\\Http\\Request))
#52 /Users/elijahisrael/Desktop/Projects/chil/LARAVELBACKENDCHIL/public/index.php(54): Illuminate\\Foundation\\Http\\Kernel->handle(Object(Illuminate\\Http\\Request))
#53 /Users/elijahisrael/Desktop/Projects/chil/LARAVELBACKENDCHIL/server.php(21): require_once('/Users/elijahis...')
#54 {main}

[previous exception] [object] (PDOException(code: 42S22): SQLSTATE[42S22]: Column not found: 1054 Unknown column 'file_url' in 'field list' at /Users/elijahisrael/Desktop/Projects/chil/LARAVELBACKENDCHIL/vendor/laravel/framework/src/Illuminate/Database/MySqlConnection.php:47)
[stacktrace]
#0 /Users/elijahisrael/Desktop/Projects/chil/LARAVELBACKENDCHIL/vendor/laravel/framework/src/Illuminate/Database/MySqlConnection.php(47): PDO->prepare('insert into `sc...')
#1 /Users/elijahisrael/Desktop/Projects/chil/LARAVELBACKENDCHIL/vendor/laravel/framework/src/Illuminate/Database/Connection.php(812): Illuminate\\Database\\MySqlConnection->{closure:Illuminate\\Database\\MySqlConnection::insert():42}('insert into `sc...', Array)
#2 /Users/elijahisrael/Desktop/Projects/chil/LARAVELBACKENDCHIL/vendor/laravel/framework/src/Illuminate/Database/Connection.php(779): Illuminate\\Database\\Connection->runQueryCallback('insert into `sc...', Array, Object(Closure))
#3 /Users/elijahisrael/Desktop/Projects/chil/LARAVELBACKENDCHIL/vendor/laravel/framework/src/Illuminate/Database/MySqlConnection.php(42): Illuminate\\Database\\Connection->run('insert into `sc...', Array, Object(Closure))
#4 /Users/elijahisrael/Desktop/Projects/chil/LARAVELBACKENDCHIL/vendor/laravel/framework/src/Illuminate/Database/Query/Processors/MySqlProcessor.php(35): Illuminate\\Database\\MySqlConnection->insert('insert into `sc...', Array, 'id')
#5 /Users/elijahisrael/Desktop/Projects/chil/LARAVELBACKENDCHIL/vendor/laravel/framework/src/Illuminate/Database/Query/Builder.php(3766): Illuminate\\Database\\Query\\Processors\\MySqlProcessor->processInsertGetId(Object(Illuminate\\Database\\Query\\Builder), 'insert into `sc...', Array, 'id')
#6 /Users/elijahisrael/Desktop/Projects/chil/LARAVELBACKENDCHIL/vendor/laravel/framework/src/Illuminate/Database/Eloquent/Builder.php(2120): Illuminate\\Database\\Query\\Builder->insertGetId(Array, 'id')
#7 /Users/elijahisrael/Desktop/Projects/chil/LARAVELBACKENDCHIL/vendor/laravel/framework/src/Illuminate/Database/Eloquent/Model.php(1359): Illuminate\\Database\\Eloquent\\Builder->__call('insertGetId', Array)
#8 /Users/elijahisrael/Desktop/Projects/chil/LARAVELBACKENDCHIL/vendor/laravel/framework/src/Illuminate/Database/Eloquent/Model.php(1324): Illuminate\\Database\\Eloquent\\Model->insertAndSetId(Object(Illuminate\\Database\\Eloquent\\Builder), Array)
#9 /Users/elijahisrael/Desktop/Projects/chil/LARAVELBACKENDCHIL/vendor/laravel/framework/src/Illuminate/Database/Eloquent/Model.php(1163): Illuminate\\Database\\Eloquent\\Model->performInsert(Object(Illuminate\\Database\\Eloquent\\Builder))
#10 /Users/elijahisrael/Desktop/Projects/chil/LARAVELBACKENDCHIL/vendor/laravel/framework/src/Illuminate/Database/Eloquent/Builder.php(1128): Illuminate\\Database\\Eloquent\\Model->save()
#11 /Users/elijahisrael/Desktop/Projects/chil/LARAVELBACKENDCHIL/vendor/laravel/framework/src/Illuminate/Support/helpers.php(399): Illuminate\\Database\\Eloquent\\Builder->{closure:Illuminate\\Database\\Eloquent\\Builder::create():1127}(Object(App\\Models\\School))
#12 /Users/elijahisrael/Desktop/Projects/chil/LARAVELBACKENDCHIL/vendor/laravel/framework/src/Illuminate/Database/Eloquent/Builder.php(1127): tap(Object(App\\Models\\School), Object(Closure))
#13 /Users/elijahisrael/Desktop/Projects/chil/LARAVELBACKENDCHIL/vendor/laravel/framework/src/Illuminate/Support/Traits/ForwardsCalls.php(23): Illuminate\\Database\\Eloquent\\Builder->create(Array)
#14 /Users/elijahisrael/Desktop/Projects/chil/LARAVELBACKENDCHIL/vendor/laravel/framework/src/Illuminate/Database/Eloquent/Model.php(2372): Illuminate\\Database\\Eloquent\\Model->forwardCallTo(Object(Illuminate\\Database\\Eloquent\\Builder), 'create', Array)
#15 /Users/elijahisrael/Desktop/Projects/chil/LARAVELBACKENDCHIL/vendor/laravel/framework/src/Illuminate/Database/Eloquent/Model.php(2384): Illuminate\\Database\\Eloquent\\Model->__call('create', Array)
#16 /Users/elijahisrael/Desktop/Projects/chil/LARAVELBACKENDCHIL/app/Http/Controllers/SchoolController.php(30): Illuminate\\Database\\Eloquent\\Model::__callStatic('create', Array)
#17 /Users/elijahisrael/Desktop/Projects/chil/LARAVELBACKENDCHIL/vendor/laravel/framework/src/Illuminate/Routing/Controller.php(54): App\\Http\\Controllers\\SchoolController->registerSchool(Object(Illuminate\\Http\\Request))
#18 /Users/elijahisrael/Desktop/Projects/chil/LARAVELBACKENDCHIL/vendor/laravel/framework/src/Illuminate/Routing/ControllerDispatcher.php(44): Illuminate\\Routing\\Controller->callAction('registerSchool', Array)
#19 /Users/elijahisrael/Desktop/Projects/chil/LARAVELBACKENDCHIL/vendor/laravel/framework/src/Illuminate/Routing/Route.php(266): Illuminate\\Routing\\ControllerDispatcher->dispatch(Object(Illuminate\\Routing\\Route), Object(App\\Http\\Controllers\\SchoolController), 'registerSchool')
#20 /Users/elijahisrael/Desktop/Projects/chil/LARAVELBACKENDCHIL/vendor/laravel/framework/src/Illuminate/Routing/Route.php(212): Illuminate\\Routing\\Route->runController()
#21 /Users/elijahisrael/Desktop/Projects/chil/LARAVELBACKENDCHIL/vendor/laravel/framework/src/Illuminate/Routing/Router.php(808): Illuminate\\Routing\\Route->run()
#22 /Users/elijahisrael/Desktop/Projects/chil/LARAVELBACKENDCHIL/vendor/laravel/framework/src/Illuminate/Pipeline/Pipeline.php(170): Illuminate\\Routing\\Router->{closure:Illuminate\\Routing\\Router::runRouteWithinStack():807}(Object(Illuminate\\Http\\Request))
#23 /Users/elijahisrael/Desktop/Projects/chil/LARAVELBACKENDCHIL/vendor/laravel/framework/src/Illuminate/Routing/Middleware/SubstituteBindings.php(51): Illuminate\\Pipeline\\Pipeline->{closure:Illuminate\\Pipeline\\Pipeline::prepareDestination():168}(Object(Illuminate\\Http\\Request))
#24 /Users/elijahisrael/Desktop/Projects/chil/LARAVELBACKENDCHIL/vendor/laravel/framework/src/Illuminate/Pipeline/Pipeline.php(209): Illuminate\\Routing\\Middleware\\SubstituteBindings->handle(Object(Illuminate\\Http\\Request), Object(Closure))
#25 /Users/elijahisrael/Desktop/Projects/chil/LARAVELBACKENDCHIL/vendor/laravel/framework/src/Illuminate/Routing/Middleware/ThrottleRequests.php(161): Illuminate\\Pipeline\\Pipeline->{closure:{closure:Illuminate\\Pipeline\\Pipeline::carry():184}:185}(Object(Illuminate\\Http\\Request))
#26 /Users/elijahisrael/Desktop/Projects/chil/LARAVELBACKENDCHIL/vendor/laravel/framework/src/Illuminate/Routing/Middleware/ThrottleRequests.php(92): Illuminate\\Routing\\Middleware\\ThrottleRequests->handleRequest(Object(Illuminate\\Http\\Request), Object(Closure), Array)
#27 /Users/elijahisrael/Desktop/Projects/chil/LARAVELBACKENDCHIL/vendor/laravel/framework/src/Illuminate/Pipeline/Pipeline.php(209): Illuminate\\Routing\\Middleware\\ThrottleRequests->handle(Object(Illuminate\\Http\\Request), Object(Closure), '60', '1')
#28 /Users/elijahisrael/Desktop/Projects/chil/LARAVELBACKENDCHIL/vendor/laravel/framework/src/Illuminate/Pipeline/Pipeline.php(127): Illuminate\\Pipeline\\Pipeline->{closure:{closure:Illuminate\\Pipeline\\Pipeline::carry():184}:185}(Object(Illuminate\\Http\\Request))
#29 /Users/elijahisrael/Desktop/Projects/chil/LARAVELBACKENDCHIL/vendor/laravel/framework/src/Illuminate/Routing/Router.php(807): Illuminate\\Pipeline\\Pipeline->then(Object(Closure))
#30 /Users/elijahisrael/Desktop/Projects/chil/LARAVELBACKENDCHIL/vendor/laravel/framework/src/Illuminate/Routing/Router.php(786): Illuminate\\Routing\\Router->runRouteWithinStack(Object(Illuminate\\Routing\\Route), Object(Illuminate\\Http\\Request))
#31 /Users/elijahisrael/Desktop/Projects/chil/LARAVELBACKENDCHIL/vendor/laravel/framework/src/Illuminate/Routing/Router.php(750): Illuminate\\Routing\\Router->runRoute(Object(Illuminate\\Http\\Request), Object(Illuminate\\Routing\\Route))
#32 /Users/elijahisrael/Desktop/Projects/chil/LARAVELBACKENDCHIL/vendor/laravel/framework/src/Illuminate/Routing/Router.php(739): Illuminate\\Routing\\Router->dispatchToRoute(Object(Illuminate\\Http\\Request))
#33 /Users/elijahisrael/Desktop/Projects/chil/LARAVELBACKENDCHIL/vendor/laravel/framework/src/Illuminate/Foundation/Http/Kernel.php(201): Illuminate\\Routing\\Router->dispatch(Object(Illuminate\\Http\\Request))
#34 /Users/elijahisrael/Desktop/Projects/chil/LARAVELBACKENDCHIL/vendor/laravel/framework/src/Illuminate/Pipeline/Pipeline.php(170): Illuminate\\Foundation\\Http\\Kernel->{closure:Illuminate\\Foundation\\Http\\Kernel::dispatchToRouter():198}(Object(Illuminate\\Http\\Request))
#35 /Users/elijahisrael/Desktop/Projects/chil/LARAVELBACKENDCHIL/vendor/livewire/livewire/src/Features/SupportDisablingBackButtonCache/DisableBackButtonCacheMiddleware.php(19): Illuminate\\Pipeline\\Pipeline->{closure:Illuminate\\Pipeline\\Pipeline::prepareDestination():168}(Object(Illuminate\\Http\\Request))
#36 /Users/elijahisrael/Desktop/Projects/chil/LARAVELBACKENDCHIL/vendor/laravel/framework/src/Illuminate/Pipeline/Pipeline.php(209): Livewire\\Features\\SupportDisablingBackButtonCache\\DisableBackButtonCacheMiddleware->handle(Object(Illuminate\\Http\\Request), Object(Closure))
#37 /Users/elijahisrael/Desktop/Projects/chil/LARAVELBACKENDCHIL/app/Http/Middleware/Cors.php(31): Illuminate\\Pipeline\\Pipeline->{closure:{closure:Illuminate\\Pipeline\\Pipeline::carry():184}:185}(Object(Illuminate\\Http\\Request))
#38 /Users/elijahisrael/Desktop/Projects/chil/LARAVELBACKENDCHIL/vendor/laravel/framework/src/Illuminate/Pipeline/Pipeline.php(209): App\\Http\\Middleware\\Cors->handle(Object(Illuminate\\Http\\Request), Object(Closure))
#39 /Users/elijahisrael/Desktop/Projects/chil/LARAVELBACKENDCHIL/vendor/laravel/framework/src/Illuminate/Http/Middleware/TrustProxies.php(58): Illuminate\\Pipeline\\Pipeline->{closure:{closure:Illuminate\\Pipeline\\Pipeline::carry():184}:185}(Object(Illuminate\\Http\\Request))
#40 /Users/elijahisrael/Desktop/Projects/chil/LARAVELBACKENDCHIL/vendor/laravel/framework/src/Illuminate/Pipeline/Pipeline.php(209): Illuminate\\Http\\Middleware\\TrustProxies->handle(Object(Illuminate\\Http\\Request), Object(Closure))
#41 /Users/elijahisrael/Desktop/Projects/chil/LARAVELBACKENDCHIL/vendor/laravel/framework/src/Illuminate/Foundation/Http/Middleware/TransformsRequest.php(21): Illuminate\\Pipeline\\Pipeline->{closure:{closure:Illuminate\\Pipeline\\Pipeline::carry():184}:185}(Object(Illuminate\\Http\\Request))
#42 /Users/elijahisrael/Desktop/Projects/chil/LARAVELBACKENDCHIL/vendor/laravel/framework/src/Illuminate/Foundation/Http/Middleware/ConvertEmptyStringsToNull.php(31): Illuminate\\Foundation\\Http\\Middleware\\TransformsRequest->handle(Object(Illuminate\\Http\\Request), Object(Closure))
#43 /Users/elijahisrael/Desktop/Projects/chil/LARAVELBACKENDCHIL/vendor/laravel/framework/src/Illuminate/Pipeline/Pipeline.php(209): Illuminate\\Foundation\\Http\\Middleware\\ConvertEmptyStringsToNull->handle(Object(Illuminate\\Http\\Request), Object(Closure))
#44 /Users/elijahisrael/Desktop/Projects/chil/LARAVELBACKENDCHIL/vendor/laravel/framework/src/Illuminate/Foundation/Http/Middleware/TransformsRequest.php(21): Illuminate\\Pipeline\\Pipeline->{closure:{closure:Illuminate\\Pipeline\\Pipeline::carry():184}:185}(Object(Illuminate\\Http\\Request))
#45 /Users/elijahisrael/Desktop/Projects/chil/LARAVELBACKENDCHIL/vendor/laravel/framework/src/Illuminate/Foundation/Http/Middleware/TrimStrings.php(51): Illuminate\\Foundation\\Http\\Middleware\\TransformsRequest->handle(Object(Illuminate\\Http\\Request), Object(Closure))
#46 /Users/elijahisrael/Desktop/Projects/chil/LARAVELBACKENDCHIL/vendor/laravel/framework/src/Illuminate/Pipeline/Pipeline.php(209): Illuminate\\Foundation\\Http\\Middleware\\TrimStrings->handle(Object(Illuminate\\Http\\Request), Object(Closure))
#47 /Users/elijahisrael/Desktop/Projects/chil/LARAVELBACKENDCHIL/vendor/laravel/framework/src/Illuminate/Http/Middleware/ValidatePostSize.php(27): Illuminate\\Pipeline\\Pipeline->{closure:{closure:Illuminate\\Pipeline\\Pipeline::carry():184}:185}(Object(Illuminate\\Http\\Request))
#48 /Users/elijahisrael/Desktop/Projects/chil/LARAVELBACKENDCHIL/vendor/laravel/framework/src/Illuminate/Pipeline/Pipeline.php(209): Illuminate\\Http\\Middleware\\ValidatePostSize->handle(Object(Illuminate\\Http\\Request), Object(Closure))
#49 /Users/elijahisrael/Desktop/Projects/chil/LARAVELBACKENDCHIL/vendor/laravel/framework/src/Illuminate/Foundation/Http/Middleware/PreventRequestsDuringMaintenance.php(110): Illuminate\\Pipeline\\Pipeline->{closure:{closure:Illuminate\\Pipeline\\Pipeline::carry():184}:185}(Object(Illuminate\\Http\\Request))
#50 /Users/elijahisrael/Desktop/Projects/chil/LARAVELBACKENDCHIL/vendor/laravel/framework/src/Illuminate/Pipeline/Pipeline.php(209): Illuminate\\Foundation\\Http\\Middleware\\PreventRequestsDuringMaintenance->handle(Object(Illuminate\\Http\\Request), Object(Closure))
#51 /Users/elijahisrael/Desktop/Projects/chil/LARAVELBACKENDCHIL/vendor/laravel/framework/src/Illuminate/Pipeline/Pipeline.php(127): Illuminate\\Pipeline\\Pipeline->{closure:{closure:Illuminate\\Pipeline\\Pipeline::carry():184}:185}(Object(Illuminate\\Http\\Request))
#52 /Users/elijahisrael/Desktop/Projects/chil/LARAVELBACKENDCHIL/vendor/laravel/framework/src/Illuminate/Foundation/Http/Kernel.php(176): Illuminate\\Pipeline\\Pipeline->then(Object(Closure))
#53 /Users/elijahisrael/Desktop/Projects/chil/LARAVELBACKENDCHIL/vendor/laravel/framework/src/Illuminate/Foundation/Http/Kernel.php(145): Illuminate\\Foundation\\Http\\Kernel->sendRequestThroughRouter(Object(Illuminate\\Http\\Request))
#54 /Users/elijahisrael/Desktop/Projects/chil/LARAVELBACKENDCHIL/public/index.php(54): Illuminate\\Foundation\\Http\\Kernel->handle(Object(Illuminate\\Http\\Request))
#55 /Users/elijahisrael/Desktop/Projects/chil/LARAVELBACKENDCHIL/server.php(21): require_once('/Users/elijahis...')
#56 {main}
"} 
[2025-09-30 13:51:14] local.ERROR: Illuminate\Validation\ValidationException: The name field is required. (and 2 more errors) in /Users/elijahisrael/Desktop/Projects/chil/LARAVELBACKENDCHIL/vendor/laravel/framework/src/Illuminate/Support/helpers.php:423
Stack trace:
#0 /Users/elijahisrael/Desktop/Projects/chil/LARAVELBACKENDCHIL/vendor/laravel/framework/src/Illuminate/Validation/Validator.php(558): throw_if(true, 'Illuminate\\Vali...', Object(Illuminate\Validation\Validator))
#1 /Users/elijahisrael/Desktop/Projects/chil/LARAVELBACKENDCHIL/vendor/laravel/framework/src/Illuminate/Foundation/Providers/FoundationServiceProvider.php(155): Illuminate\Validation\Validator->validate()
#2 /Users/elijahisrael/Desktop/Projects/chil/LARAVELBACKENDCHIL/vendor/laravel/framework/src/Illuminate/Macroable/Traits/Macroable.php(126): Illuminate\Http\Request->{closure:Illuminate\Foundation\Providers\FoundationServiceProvider::registerRequestValidation():147}(Array)
#3 /Users/elijahisrael/Desktop/Projects/chil/LARAVELBACKENDCHIL/app/Http/Controllers/SchoolController.php(17): Illuminate\Http\Request->__call('validate', Array)
#4 /Users/elijahisrael/Desktop/Projects/chil/LARAVELBACKENDCHIL/vendor/laravel/framework/src/Illuminate/Routing/Controller.php(54): App\Http\Controllers\SchoolController->registerSchool(Object(Illuminate\Http\Request))
#5 /Users/elijahisrael/Desktop/Projects/chil/LARAVELBACKENDCHIL/vendor/laravel/framework/src/Illuminate/Routing/ControllerDispatcher.php(44): Illuminate\Routing\Controller->callAction('registerSchool', Array)
#6 /Users/elijahisrael/Desktop/Projects/chil/LARAVELBACKENDCHIL/vendor/laravel/framework/src/Illuminate/Routing/Route.php(266): Illuminate\Routing\ControllerDispatcher->dispatch(Object(Illuminate\Routing\Route), Object(App\Http\Controllers\SchoolController), 'registerSchool')
#7 /Users/elijahisrael/Desktop/Projects/chil/LARAVELBACKENDCHIL/vendor/laravel/framework/src/Illuminate/Routing/Route.php(212): Illuminate\Routing\Route->runController()
#8 /Users/elijahisrael/Desktop/Projects/chil/LARAVELBACKENDCHIL/vendor/laravel/framework/src/Illuminate/Routing/Router.php(808): Illuminate\Routing\Route->run()
#9 /Users/elijahisrael/Desktop/Projects/chil/LARAVELBACKENDCHIL/vendor/laravel/framework/src/Illuminate/Pipeline/Pipeline.php(170): Illuminate\Routing\Router->{closure:Illuminate\Routing\Router::runRouteWithinStack():807}(Object(Illuminate\Http\Request))
#10 /Users/elijahisrael/Desktop/Projects/chil/LARAVELBACKENDCHIL/vendor/laravel/framework/src/Illuminate/Routing/Middleware/SubstituteBindings.php(51): Illuminate\Pipeline\Pipeline->{closure:Illuminate\Pipeline\Pipeline::prepareDestination():168}(Object(Illuminate\Http\Request))
#11 /Users/elijahisrael/Desktop/Projects/chil/LARAVELBACKENDCHIL/vendor/laravel/framework/src/Illuminate/Pipeline/Pipeline.php(209): Illuminate\Routing\Middleware\SubstituteBindings->handle(Object(Illuminate\Http\Request), Object(Closure))
#12 /Users/elijahisrael/Desktop/Projects/chil/LARAVELBACKENDCHIL/vendor/laravel/framework/src/Illuminate/Routing/Middleware/ThrottleRequests.php(161): Illuminate\Pipeline\Pipeline->{closure:{closure:Illuminate\Pipeline\Pipeline::carry():184}:185}(Object(Illuminate\Http\Request))
#13 /Users/elijahisrael/Desktop/Projects/chil/LARAVELBACKENDCHIL/vendor/laravel/framework/src/Illuminate/Routing/Middleware/ThrottleRequests.php(92): Illuminate\Routing\Middleware\ThrottleRequests->handleRequest(Object(Illuminate\Http\Request), Object(Closure), Array)
#14 /Users/elijahisrael/Desktop/Projects/chil/LARAVELBACKENDCHIL/vendor/laravel/framework/src/Illuminate/Pipeline/Pipeline.php(209): Illuminate\Routing\Middleware\ThrottleRequests->handle(Object(Illuminate\Http\Request), Object(Closure), '60', '1')
#15 /Users/elijahisrael/Desktop/Projects/chil/LARAVELBACKENDCHIL/vendor/laravel/framework/src/Illuminate/Pipeline/Pipeline.php(127): Illuminate\Pipeline\Pipeline->{closure:{closure:Illuminate\Pipeline\Pipeline::carry():184}:185}(Object(Illuminate\Http\Request))
#16 /Users/elijahisrael/Desktop/Projects/chil/LARAVELBACKENDCHIL/vendor/laravel/framework/src/Illuminate/Routing/Router.php(807): Illuminate\Pipeline\Pipeline->then(Object(Closure))
#17 /Users/elijahisrael/Desktop/Projects/chil/LARAVELBACKENDCHIL/vendor/laravel/framework/src/Illuminate/Routing/Router.php(786): Illuminate\Routing\Router->runRouteWithinStack(Object(Illuminate\Routing\Route), Object(Illuminate\Http\Request))
#18 /Users/elijahisrael/Desktop/Projects/chil/LARAVELBACKENDCHIL/vendor/laravel/framework/src/Illuminate/Routing/Router.php(750): Illuminate\Routing\Router->runRoute(Object(Illuminate\Http\Request), Object(Illuminate\Routing\Route))
#19 /Users/elijahisrael/Desktop/Projects/chil/LARAVELBACKENDCHIL/vendor/laravel/framework/src/Illuminate/Routing/Router.php(739): Illuminate\Routing\Router->dispatchToRoute(Object(Illuminate\Http\Request))
#20 /Users/elijahisrael/Desktop/Projects/chil/LARAVELBACKENDCHIL/vendor/laravel/framework/src/Illuminate/Foundation/Http/Kernel.php(201): Illuminate\Routing\Router->dispatch(Object(Illuminate\Http\Request))
#21 /Users/elijahisrael/Desktop/Projects/chil/LARAVELBACKENDCHIL/vendor/laravel/framework/src/Illuminate/Pipeline/Pipeline.php(170): Illuminate\Foundation\Http\Kernel->{closure:Illuminate\Foundation\Http\Kernel::dispatchToRouter():198}(Object(Illuminate\Http\Request))
#22 /Users/elijahisrael/Desktop/Projects/chil/LARAVELBACKENDCHIL/vendor/livewire/livewire/src/Features/SupportDisablingBackButtonCache/DisableBackButtonCacheMiddleware.php(19): Illuminate\Pipeline\Pipeline->{closure:Illuminate\Pipeline\Pipeline::prepareDestination():168}(Object(Illuminate\Http\Request))
#23 /Users/elijahisrael/Desktop/Projects/chil/LARAVELBACKENDCHIL/vendor/laravel/framework/src/Illuminate/Pipeline/Pipeline.php(209): Livewire\Features\SupportDisablingBackButtonCache\DisableBackButtonCacheMiddleware->handle(Object(Illuminate\Http\Request), Object(Closure))
#24 /Users/elijahisrael/Desktop/Projects/chil/LARAVELBACKENDCHIL/app/Http/Middleware/Cors.php(31): Illuminate\Pipeline\Pipeline->{closure:{closure:Illuminate\Pipeline\Pipeline::carry():184}:185}(Object(Illuminate\Http\Request))
#25 /Users/elijahisrael/Desktop/Projects/chil/LARAVELBACKENDCHIL/vendor/laravel/framework/src/Illuminate/Pipeline/Pipeline.php(209): App\Http\Middleware\Cors->handle(Object(Illuminate\Http\Request), Object(Closure))
#26 /Users/elijahisrael/Desktop/Projects/chil/LARAVELBACKENDCHIL/vendor/laravel/framework/src/Illuminate/Http/Middleware/TrustProxies.php(58): Illuminate\Pipeline\Pipeline->{closure:{closure:Illuminate\Pipeline\Pipeline::carry():184}:185}(Object(Illuminate\Http\Request))
#27 /Users/elijahisrael/Desktop/Projects/chil/LARAVELBACKENDCHIL/vendor/laravel/framework/src/Illuminate/Pipeline/Pipeline.php(209): Illuminate\Http\Middleware\TrustProxies->handle(Object(Illuminate\Http\Request), Object(Closure))
#28 /Users/elijahisrael/Desktop/Projects/chil/LARAVELBACKENDCHIL/vendor/laravel/framework/src/Illuminate/Foundation/Http/Middleware/TransformsRequest.php(21): Illuminate\Pipeline\Pipeline->{closure:{closure:Illuminate\Pipeline\Pipeline::carry():184}:185}(Object(Illuminate\Http\Request))
#29 /Users/elijahisrael/Desktop/Projects/chil/LARAVELBACKENDCHIL/vendor/laravel/framework/src/Illuminate/Foundation/Http/Middleware/ConvertEmptyStringsToNull.php(31): Illuminate\Foundation\Http\Middleware\TransformsRequest->handle(Object(Illuminate\Http\Request), Object(Closure))
#30 /Users/elijahisrael/Desktop/Projects/chil/LARAVELBACKENDCHIL/vendor/laravel/framework/src/Illuminate/Pipeline/Pipeline.php(209): Illuminate\Foundation\Http\Middleware\ConvertEmptyStringsToNull->handle(Object(Illuminate\Http\Request), Object(Closure))
#31 /Users/elijahisrael/Desktop/Projects/chil/LARAVELBACKENDCHIL/vendor/laravel/framework/src/Illuminate/Foundation/Http/Middleware/TransformsRequest.php(21): Illuminate\Pipeline\Pipeline->{closure:{closure:Illuminate\Pipeline\Pipeline::carry():184}:185}(Object(Illuminate\Http\Request))
#32 /Users/elijahisrael/Desktop/Projects/chil/LARAVELBACKENDCHIL/vendor/laravel/framework/src/Illuminate/Foundation/Http/Middleware/TrimStrings.php(51): Illuminate\Foundation\Http\Middleware\TransformsRequest->handle(Object(Illuminate\Http\Request), Object(Closure))
#33 /Users/elijahisrael/Desktop/Projects/chil/LARAVELBACKENDCHIL/vendor/laravel/framework/src/Illuminate/Pipeline/Pipeline.php(209): Illuminate\Foundation\Http\Middleware\TrimStrings->handle(Object(Illuminate\Http\Request), Object(Closure))
#34 /Users/elijahisrael/Desktop/Projects/chil/LARAVELBACKENDCHIL/vendor/laravel/framework/src/Illuminate/Http/Middleware/ValidatePostSize.php(27): Illuminate\Pipeline\Pipeline->{closure:{closure:Illuminate\Pipeline\Pipeline::carry():184}:185}(Object(Illuminate\Http\Request))
#35 /Users/elijahisrael/Desktop/Projects/chil/LARAVELBACKENDCHIL/vendor/laravel/framework/src/Illuminate/Pipeline/Pipeline.php(209): Illuminate\Http\Middleware\ValidatePostSize->handle(Object(Illuminate\Http\Request), Object(Closure))
#36 /Users/elijahisrael/Desktop/Projects/chil/LARAVELBACKENDCHIL/vendor/laravel/framework/src/Illuminate/Foundation/Http/Middleware/PreventRequestsDuringMaintenance.php(110): Illuminate\Pipeline\Pipeline->{closure:{closure:Illuminate\Pipeline\Pipeline::carry():184}:185}(Object(Illuminate\Http\Request))
#37 /Users/elijahisrael/Desktop/Projects/chil/LARAVELBACKENDCHIL/vendor/laravel/framework/src/Illuminate/Pipeline/Pipeline.php(209): Illuminate\Foundation\Http\Middleware\PreventRequestsDuringMaintenance->handle(Object(Illuminate\Http\Request), Object(Closure))
#38 /Users/elijahisrael/Desktop/Projects/chil/LARAVELBACKENDCHIL/vendor/laravel/framework/src/Illuminate/Pipeline/Pipeline.php(127): Illuminate\Pipeline\Pipeline->{closure:{closure:Illuminate\Pipeline\Pipeline::carry():184}:185}(Object(Illuminate\Http\Request))
#39 /Users/elijahisrael/Desktop/Projects/chil/LARAVELBACKENDCHIL/vendor/laravel/framework/src/Illuminate/Foundation/Http/Kernel.php(176): Illuminate\Pipeline\Pipeline->then(Object(Closure))
#40 /Users/elijahisrael/Desktop/Projects/chil/LARAVELBACKENDCHIL/vendor/laravel/framework/src/Illuminate/Foundation/Http/Kernel.php(145): Illuminate\Foundation\Http\Kernel->sendRequestThroughRouter(Object(Illuminate\Http\Request))
#41 /Users/elijahisrael/Desktop/Projects/chil/LARAVELBACKENDCHIL/public/index.php(54): Illuminate\Foundation\Http\Kernel->handle(Object(Illuminate\Http\Request))
#42 /Users/elijahisrael/Desktop/Projects/chil/LARAVELBACKENDCHIL/server.php(21): require_once('/Users/elijahis...')
#43 {main}  
[2025-09-30 16:39:11] local.ERROR: Attempt to read property "name" on null (View: /Users/elijahisrael/Desktop/Projects/chil/LARAVELBACKENDCHIL/resources/views/layouts/sidebar.blade.php) (View: /Users/elijahisrael/Desktop/Projects/chil/LARAVELBACKENDCHIL/resources/views/layouts/sidebar.blade.php) {"exception":"[object] (Illuminate\\View\\ViewException(code: 0): Attempt to read property \"name\" on null (View: /Users/elijahisrael/Desktop/Projects/chil/LARAVELBACKENDCHIL/resources/views/layouts/sidebar.blade.php) (View: /Users/elijahisrael/Desktop/Projects/chil/LARAVELBACKENDCHIL/resources/views/layouts/sidebar.blade.php) at /Users/elijahisrael/Desktop/Projects/chil/LARAVELBACKENDCHIL/storage/framework/views/c0667ced79c677f8fee0566ce64d6e5a.php:6)
[stacktrace]
#0 /Users/elijahisrael/Desktop/Projects/chil/LARAVELBACKENDCHIL/vendor/livewire/livewire/src/Mechanisms/ExtendBlade/ExtendedCompilerEngine.php(58): Illuminate\\View\\Engines\\CompilerEngine->handleViewException(Object(Illuminate\\View\\ViewException), 0)
#1 /Users/elijahisrael/Desktop/Projects/chil/LARAVELBACKENDCHIL/vendor/laravel/framework/src/Illuminate/View/Engines/PhpEngine.php(60): Livewire\\Mechanisms\\ExtendBlade\\ExtendedCompilerEngine->handleViewException(Object(Illuminate\\View\\ViewException), 0)
#2 /Users/elijahisrael/Desktop/Projects/chil/LARAVELBACKENDCHIL/vendor/livewire/livewire/src/Mechanisms/ExtendBlade/ExtendedCompilerEngine.php(22): Illuminate\\View\\Engines\\PhpEngine->evaluatePath('/Users/elijahis...', Array)
#3 /Users/elijahisrael/Desktop/Projects/chil/LARAVELBACKENDCHIL/vendor/laravel/framework/src/Illuminate/View/Engines/CompilerEngine.php(75): Livewire\\Mechanisms\\ExtendBlade\\ExtendedCompilerEngine->evaluatePath('/Users/elijahis...', Array)
#4 /Users/elijahisrael/Desktop/Projects/chil/LARAVELBACKENDCHIL/vendor/livewire/livewire/src/Mechanisms/ExtendBlade/ExtendedCompilerEngine.php(10): Illuminate\\View\\Engines\\CompilerEngine->get('/Users/elijahis...', Array)
#5 /Users/elijahisrael/Desktop/Projects/chil/LARAVELBACKENDCHIL/vendor/laravel/framework/src/Illuminate/View/View.php(209): Livewire\\Mechanisms\\ExtendBlade\\ExtendedCompilerEngine->get('/Users/elijahis...', Array)
#6 /Users/elijahisrael/Desktop/Projects/chil/LARAVELBACKENDCHIL/vendor/laravel/framework/src/Illuminate/View/View.php(192): Illuminate\\View\\View->getContents()
#7 /Users/elijahisrael/Desktop/Projects/chil/LARAVELBACKENDCHIL/vendor/laravel/framework/src/Illuminate/View/View.php(161): Illuminate\\View\\View->renderContents()
#8 /Users/elijahisrael/Desktop/Projects/chil/LARAVELBACKENDCHIL/vendor/laravel/framework/src/Illuminate/Http/Response.php(79): Illuminate\\View\\View->render()
#9 /Users/elijahisrael/Desktop/Projects/chil/LARAVELBACKENDCHIL/vendor/laravel/framework/src/Illuminate/Http/Response.php(35): Illuminate\\Http\\Response->setContent(Object(Illuminate\\View\\View))
#10 /Users/elijahisrael/Desktop/Projects/chil/LARAVELBACKENDCHIL/vendor/laravel/framework/src/Illuminate/Routing/Router.php(920): Illuminate\\Http\\Response->__construct(Object(Illuminate\\View\\View), 200, Array)
#11 /Users/elijahisrael/Desktop/Projects/chil/LARAVELBACKENDCHIL/vendor/laravel/framework/src/Illuminate/Routing/Router.php(887): Illuminate\\Routing\\Router::toResponse(Object(Illuminate\\Http\\Request), Object(Illuminate\\View\\View))
#12 /Users/elijahisrael/Desktop/Projects/chil/LARAVELBACKENDCHIL/vendor/laravel/framework/src/Illuminate/Routing/Router.php(807): Illuminate\\Routing\\Router->prepareResponse(Object(Illuminate\\Http\\Request), Object(Illuminate\\View\\View))
#13 /Users/elijahisrael/Desktop/Projects/chil/LARAVELBACKENDCHIL/vendor/laravel/framework/src/Illuminate/Pipeline/Pipeline.php(170): Illuminate\\Routing\\Router->{closure:Illuminate\\Routing\\Router::runRouteWithinStack():807}(Object(Illuminate\\Http\\Request))
#14 /Users/elijahisrael/Desktop/Projects/chil/LARAVELBACKENDCHIL/vendor/laravel/framework/src/Illuminate/Routing/Middleware/SubstituteBindings.php(51): Illuminate\\Pipeline\\Pipeline->{closure:Illuminate\\Pipeline\\Pipeline::prepareDestination():168}(Object(Illuminate\\Http\\Request))
#15 /Users/elijahisrael/Desktop/Projects/chil/LARAVELBACKENDCHIL/vendor/laravel/framework/src/Illuminate/Pipeline/Pipeline.php(209): Illuminate\\Routing\\Middleware\\SubstituteBindings->handle(Object(Illuminate\\Http\\Request), Object(Closure))
#16 /Users/elijahisrael/Desktop/Projects/chil/LARAVELBACKENDCHIL/vendor/laravel/framework/src/Illuminate/Foundation/Http/Middleware/VerifyCsrfToken.php(88): Illuminate\\Pipeline\\Pipeline->{closure:{closure:Illuminate\\Pipeline\\Pipeline::carry():184}:185}(Object(Illuminate\\Http\\Request))
#17 /Users/elijahisrael/Desktop/Projects/chil/LARAVELBACKENDCHIL/vendor/laravel/framework/src/Illuminate/Pipeline/Pipeline.php(209): Illuminate\\Foundation\\Http\\Middleware\\VerifyCsrfToken->handle(Object(Illuminate\\Http\\Request), Object(Closure))
#18 /Users/elijahisrael/Desktop/Projects/chil/LARAVELBACKENDCHIL/vendor/laravel/framework/src/Illuminate/View/Middleware/ShareErrorsFromSession.php(49): Illuminate\\Pipeline\\Pipeline->{closure:{closure:Illuminate\\Pipeline\\Pipeline::carry():184}:185}(Object(Illuminate\\Http\\Request))
#19 /Users/elijahisrael/Desktop/Projects/chil/LARAVELBACKENDCHIL/vendor/laravel/framework/src/Illuminate/Pipeline/Pipeline.php(209): Illuminate\\View\\Middleware\\ShareErrorsFromSession->handle(Object(Illuminate\\Http\\Request), Object(Closure))
#20 /Users/elijahisrael/Desktop/Projects/chil/LARAVELBACKENDCHIL/vendor/laravel/framework/src/Illuminate/Session/Middleware/StartSession.php(121): Illuminate\\Pipeline\\Pipeline->{closure:{closure:Illuminate\\Pipeline\\Pipeline::carry():184}:185}(Object(Illuminate\\Http\\Request))
#21 /Users/elijahisrael/Desktop/Projects/chil/LARAVELBACKENDCHIL/vendor/laravel/framework/src/Illuminate/Session/Middleware/StartSession.php(64): Illuminate\\Session\\Middleware\\StartSession->handleStatefulRequest(Object(Illuminate\\Http\\Request), Object(Illuminate\\Session\\Store), Object(Closure))
#22 /Users/elijahisrael/Desktop/Projects/chil/LARAVELBACKENDCHIL/vendor/laravel/framework/src/Illuminate/Pipeline/Pipeline.php(209): Illuminate\\Session\\Middleware\\StartSession->handle(Object(Illuminate\\Http\\Request), Object(Closure))
#23 /Users/elijahisrael/Desktop/Projects/chil/LARAVELBACKENDCHIL/vendor/laravel/framework/src/Illuminate/Cookie/Middleware/AddQueuedCookiesToResponse.php(37): Illuminate\\Pipeline\\Pipeline->{closure:{closure:Illuminate\\Pipeline\\Pipeline::carry():184}:185}(Object(Illuminate\\Http\\Request))
#24 /Users/elijahisrael/Desktop/Projects/chil/LARAVELBACKENDCHIL/vendor/laravel/framework/src/Illuminate/Pipeline/Pipeline.php(209): Illuminate\\Cookie\\Middleware\\AddQueuedCookiesToResponse->handle(Object(Illuminate\\Http\\Request), Object(Closure))
#25 /Users/elijahisrael/Desktop/Projects/chil/LARAVELBACKENDCHIL/vendor/laravel/framework/src/Illuminate/Cookie/Middleware/EncryptCookies.php(75): Illuminate\\Pipeline\\Pipeline->{closure:{closure:Illuminate\\Pipeline\\Pipeline::carry():184}:185}(Object(Illuminate\\Http\\Request))
#26 /Users/elijahisrael/Desktop/Projects/chil/LARAVELBACKENDCHIL/vendor/laravel/framework/src/Illuminate/Pipeline/Pipeline.php(209): Illuminate\\Cookie\\Middleware\\EncryptCookies->handle(Object(Illuminate\\Http\\Request), Object(Closure))
#27 /Users/elijahisrael/Desktop/Projects/chil/LARAVELBACKENDCHIL/vendor/laravel/framework/src/Illuminate/Pipeline/Pipeline.php(127): Illuminate\\Pipeline\\Pipeline->{closure:{closure:Illuminate\\Pipeline\\Pipeline::carry():184}:185}(Object(Illuminate\\Http\\Request))
#28 /Users/elijahisrael/Desktop/Projects/chil/LARAVELBACKENDCHIL/vendor/laravel/framework/src/Illuminate/Routing/Router.php(807): Illuminate\\Pipeline\\Pipeline->then(Object(Closure))
#29 /Users/elijahisrael/Desktop/Projects/chil/LARAVELBACKENDCHIL/vendor/laravel/framework/src/Illuminate/Routing/Router.php(786): Illuminate\\Routing\\Router->runRouteWithinStack(Object(Illuminate\\Routing\\Route), Object(Illuminate\\Http\\Request))
#30 /Users/elijahisrael/Desktop/Projects/chil/LARAVELBACKENDCHIL/vendor/laravel/framework/src/Illuminate/Routing/Router.php(750): Illuminate\\Routing\\Router->runRoute(Object(Illuminate\\Http\\Request), Object(Illuminate\\Routing\\Route))
#31 /Users/elijahisrael/Desktop/Projects/chil/LARAVELBACKENDCHIL/vendor/laravel/framework/src/Illuminate/Routing/Router.php(739): Illuminate\\Routing\\Router->dispatchToRoute(Object(Illuminate\\Http\\Request))
#32 /Users/elijahisrael/Desktop/Projects/chil/LARAVELBACKENDCHIL/vendor/laravel/framework/src/Illuminate/Foundation/Http/Kernel.php(201): Illuminate\\Routing\\Router->dispatch(Object(Illuminate\\Http\\Request))
#33 /Users/elijahisrael/Desktop/Projects/chil/LARAVELBACKENDCHIL/vendor/laravel/framework/src/Illuminate/Pipeline/Pipeline.php(170): Illuminate\\Foundation\\Http\\Kernel->{closure:Illuminate\\Foundation\\Http\\Kernel::dispatchToRouter():198}(Object(Illuminate\\Http\\Request))
#34 /Users/elijahisrael/Desktop/Projects/chil/LARAVELBACKENDCHIL/vendor/livewire/livewire/src/Features/SupportDisablingBackButtonCache/DisableBackButtonCacheMiddleware.php(19): Illuminate\\Pipeline\\Pipeline->{closure:Illuminate\\Pipeline\\Pipeline::prepareDestination():168}(Object(Illuminate\\Http\\Request))
#35 /Users/elijahisrael/Desktop/Projects/chil/LARAVELBACKENDCHIL/vendor/laravel/framework/src/Illuminate/Pipeline/Pipeline.php(209): Livewire\\Features\\SupportDisablingBackButtonCache\\DisableBackButtonCacheMiddleware->handle(Object(Illuminate\\Http\\Request), Object(Closure))
#36 /Users/elijahisrael/Desktop/Projects/chil/LARAVELBACKENDCHIL/app/Http/Middleware/Cors.php(31): Illuminate\\Pipeline\\Pipeline->{closure:{closure:Illuminate\\Pipeline\\Pipeline::carry():184}:185}(Object(Illuminate\\Http\\Request))
#37 /Users/elijahisrael/Desktop/Projects/chil/LARAVELBACKENDCHIL/vendor/laravel/framework/src/Illuminate/Pipeline/Pipeline.php(209): App\\Http\\Middleware\\Cors->handle(Object(Illuminate\\Http\\Request), Object(Closure))
#38 /Users/elijahisrael/Desktop/Projects/chil/LARAVELBACKENDCHIL/vendor/laravel/framework/src/Illuminate/Http/Middleware/TrustProxies.php(58): Illuminate\\Pipeline\\Pipeline->{closure:{closure:Illuminate\\Pipeline\\Pipeline::carry():184}:185}(Object(Illuminate\\Http\\Request))
#39 /Users/elijahisrael/Desktop/Projects/chil/LARAVELBACKENDCHIL/vendor/laravel/framework/src/Illuminate/Pipeline/Pipeline.php(209): Illuminate\\Http\\Middleware\\TrustProxies->handle(Object(Illuminate\\Http\\Request), Object(Closure))
#40 /Users/elijahisrael/Desktop/Projects/chil/LARAVELBACKENDCHIL/vendor/laravel/framework/src/Illuminate/Foundation/Http/Middleware/TransformsRequest.php(21): Illuminate\\Pipeline\\Pipeline->{closure:{closure:Illuminate\\Pipeline\\Pipeline::carry():184}:185}(Object(Illuminate\\Http\\Request))
#41 /Users/elijahisrael/Desktop/Projects/chil/LARAVELBACKENDCHIL/vendor/laravel/framework/src/Illuminate/Foundation/Http/Middleware/ConvertEmptyStringsToNull.php(31): Illuminate\\Foundation\\Http\\Middleware\\TransformsRequest->handle(Object(Illuminate\\Http\\Request), Object(Closure))
#42 /Users/elijahisrael/Desktop/Projects/chil/LARAVELBACKENDCHIL/vendor/laravel/framework/src/Illuminate/Pipeline/Pipeline.php(209): Illuminate\\Foundation\\Http\\Middleware\\ConvertEmptyStringsToNull->handle(Object(Illuminate\\Http\\Request), Object(Closure))
#43 /Users/elijahisrael/Desktop/Projects/chil/LARAVELBACKENDCHIL/vendor/laravel/framework/src/Illuminate/Foundation/Http/Middleware/TransformsRequest.php(21): Illuminate\\Pipeline\\Pipeline->{closure:{closure:Illuminate\\Pipeline\\Pipeline::carry():184}:185}(Object(Illuminate\\Http\\Request))
#44 /Users/elijahisrael/Desktop/Projects/chil/LARAVELBACKENDCHIL/vendor/laravel/framework/src/Illuminate/Foundation/Http/Middleware/TrimStrings.php(51): Illuminate\\Foundation\\Http\\Middleware\\TransformsRequest->handle(Object(Illuminate\\Http\\Request), Object(Closure))
#45 /Users/elijahisrael/Desktop/Projects/chil/LARAVELBACKENDCHIL/vendor/laravel/framework/src/Illuminate/Pipeline/Pipeline.php(209): Illuminate\\Foundation\\Http\\Middleware\\TrimStrings->handle(Object(Illuminate\\Http\\Request), Object(Closure))
#46 /Users/elijahisrael/Desktop/Projects/chil/LARAVELBACKENDCHIL/vendor/laravel/framework/src/Illuminate/Http/Middleware/ValidatePostSize.php(27): Illuminate\\Pipeline\\Pipeline->{closure:{closure:Illuminate\\Pipeline\\Pipeline::carry():184}:185}(Object(Illuminate\\Http\\Request))
#47 /Users/elijahisrael/Desktop/Projects/chil/LARAVELBACKENDCHIL/vendor/laravel/framework/src/Illuminate/Pipeline/Pipeline.php(209): Illuminate\\Http\\Middleware\\ValidatePostSize->handle(Object(Illuminate\\Http\\Request), Object(Closure))
#48 /Users/elijahisrael/Desktop/Projects/chil/LARAVELBACKENDCHIL/vendor/laravel/framework/src/Illuminate/Foundation/Http/Middleware/PreventRequestsDuringMaintenance.php(110): Illuminate\\Pipeline\\Pipeline->{closure:{closure:Illuminate\\Pipeline\\Pipeline::carry():184}:185}(Object(Illuminate\\Http\\Request))
#49 /Users/elijahisrael/Desktop/Projects/chil/LARAVELBACKENDCHIL/vendor/laravel/framework/src/Illuminate/Pipeline/Pipeline.php(209): Illuminate\\Foundation\\Http\\Middleware\\PreventRequestsDuringMaintenance->handle(Object(Illuminate\\Http\\Request), Object(Closure))
#50 /Users/elijahisrael/Desktop/Projects/chil/LARAVELBACKENDCHIL/vendor/laravel/framework/src/Illuminate/Pipeline/Pipeline.php(127): Illuminate\\Pipeline\\Pipeline->{closure:{closure:Illuminate\\Pipeline\\Pipeline::carry():184}:185}(Object(Illuminate\\Http\\Request))
#51 /Users/elijahisrael/Desktop/Projects/chil/LARAVELBACKENDCHIL/vendor/laravel/framework/src/Illuminate/Foundation/Http/Kernel.php(176): Illuminate\\Pipeline\\Pipeline->then(Object(Closure))
#52 /Users/elijahisrael/Desktop/Projects/chil/LARAVELBACKENDCHIL/vendor/laravel/framework/src/Illuminate/Foundation/Http/Kernel.php(145): Illuminate\\Foundation\\Http\\Kernel->sendRequestThroughRouter(Object(Illuminate\\Http\\Request))
#53 /Users/elijahisrael/Desktop/Projects/chil/LARAVELBACKENDCHIL/public/index.php(54): Illuminate\\Foundation\\Http\\Kernel->handle(Object(Illuminate\\Http\\Request))
#54 /Users/elijahisrael/Desktop/Projects/chil/LARAVELBACKENDCHIL/server.php(21): require_once('/Users/elijahis...')
#55 {main}

[previous exception] [object] (Illuminate\\View\\ViewException(code: 0): Attempt to read property \"name\" on null (View: /Users/elijahisrael/Desktop/Projects/chil/LARAVELBACKENDCHIL/resources/views/layouts/sidebar.blade.php) at /Users/elijahisrael/Desktop/Projects/chil/LARAVELBACKENDCHIL/storage/framework/views/c0667ced79c677f8fee0566ce64d6e5a.php:6)
[stacktrace]
#0 /Users/elijahisrael/Desktop/Projects/chil/LARAVELBACKENDCHIL/vendor/livewire/livewire/src/Mechanisms/ExtendBlade/ExtendedCompilerEngine.php(58): Illuminate\\View\\Engines\\CompilerEngine->handleViewException(Object(ErrorException), 1)
#1 /Users/elijahisrael/Desktop/Projects/chil/LARAVELBACKENDCHIL/vendor/laravel/framework/src/Illuminate/View/Engines/PhpEngine.php(60): Livewire\\Mechanisms\\ExtendBlade\\ExtendedCompilerEngine->handleViewException(Object(ErrorException), 1)
#2 /Users/elijahisrael/Desktop/Projects/chil/LARAVELBACKENDCHIL/vendor/livewire/livewire/src/Mechanisms/ExtendBlade/ExtendedCompilerEngine.php(22): Illuminate\\View\\Engines\\PhpEngine->evaluatePath('/Users/elijahis...', Array)
#3 /Users/elijahisrael/Desktop/Projects/chil/LARAVELBACKENDCHIL/vendor/laravel/framework/src/Illuminate/View/Engines/CompilerEngine.php(75): Livewire\\Mechanisms\\ExtendBlade\\ExtendedCompilerEngine->evaluatePath('/Users/elijahis...', Array)
#4 /Users/elijahisrael/Desktop/Projects/chil/LARAVELBACKENDCHIL/vendor/livewire/livewire/src/Mechanisms/ExtendBlade/ExtendedCompilerEngine.php(10): Illuminate\\View\\Engines\\CompilerEngine->get('/Users/elijahis...', Array)
#5 /Users/elijahisrael/Desktop/Projects/chil/LARAVELBACKENDCHIL/vendor/laravel/framework/src/Illuminate/View/View.php(209): Livewire\\Mechanisms\\ExtendBlade\\ExtendedCompilerEngine->get('/Users/elijahis...', Array)
#6 /Users/elijahisrael/Desktop/Projects/chil/LARAVELBACKENDCHIL/vendor/laravel/framework/src/Illuminate/View/View.php(192): Illuminate\\View\\View->getContents()
#7 /Users/elijahisrael/Desktop/Projects/chil/LARAVELBACKENDCHIL/vendor/laravel/framework/src/Illuminate/View/View.php(161): Illuminate\\View\\View->renderContents()
#8 /Users/elijahisrael/Desktop/Projects/chil/LARAVELBACKENDCHIL/storage/framework/views/41441880c795a5212f4bb7d3ff8044e6.php(128): Illuminate\\View\\View->render()
#9 /Users/elijahisrael/Desktop/Projects/chil/LARAVELBACKENDCHIL/vendor/laravel/framework/src/Illuminate/Filesystem/Filesystem.php(123): require('/Users/elijahis...')
#10 /Users/elijahisrael/Desktop/Projects/chil/LARAVELBACKENDCHIL/vendor/laravel/framework/src/Illuminate/Filesystem/Filesystem.php(124): Illuminate\\Filesystem\\Filesystem::{closure:Illuminate\\Filesystem\\Filesystem::getRequire():120}()
#11 /Users/elijahisrael/Desktop/Projects/chil/LARAVELBACKENDCHIL/vendor/laravel/framework/src/Illuminate/View/Engines/PhpEngine.php(58): Illuminate\\Filesystem\\Filesystem->getRequire('/Users/elijahis...', Array)
#12 /Users/elijahisrael/Desktop/Projects/chil/LARAVELBACKENDCHIL/vendor/livewire/livewire/src/Mechanisms/ExtendBlade/ExtendedCompilerEngine.php(22): Illuminate\\View\\Engines\\PhpEngine->evaluatePath('/Users/elijahis...', Array)
#13 /Users/elijahisrael/Desktop/Projects/chil/LARAVELBACKENDCHIL/vendor/laravel/framework/src/Illuminate/View/Engines/CompilerEngine.php(75): Livewire\\Mechanisms\\ExtendBlade\\ExtendedCompilerEngine->evaluatePath('/Users/elijahis...', Array)
#14 /Users/elijahisrael/Desktop/Projects/chil/LARAVELBACKENDCHIL/vendor/livewire/livewire/src/Mechanisms/ExtendBlade/ExtendedCompilerEngine.php(10): Illuminate\\View\\Engines\\CompilerEngine->get('/Users/elijahis...', Array)
#15 /Users/elijahisrael/Desktop/Projects/chil/LARAVELBACKENDCHIL/vendor/laravel/framework/src/Illuminate/View/View.php(209): Livewire\\Mechanisms\\ExtendBlade\\ExtendedCompilerEngine->get('/Users/elijahis...', Array)
#16 /Users/elijahisrael/Desktop/Projects/chil/LARAVELBACKENDCHIL/vendor/laravel/framework/src/Illuminate/View/View.php(192): Illuminate\\View\\View->getContents()
#17 /Users/elijahisrael/Desktop/Projects/chil/LARAVELBACKENDCHIL/vendor/laravel/framework/src/Illuminate/View/View.php(161): Illuminate\\View\\View->renderContents()
#18 /Users/elijahisrael/Desktop/Projects/chil/LARAVELBACKENDCHIL/vendor/laravel/framework/src/Illuminate/Http/Response.php(79): Illuminate\\View\\View->render()
#19 /Users/elijahisrael/Desktop/Projects/chil/LARAVELBACKENDCHIL/vendor/laravel/framework/src/Illuminate/Http/Response.php(35): Illuminate\\Http\\Response->setContent(Object(Illuminate\\View\\View))
#20 /Users/elijahisrael/Desktop/Projects/chil/LARAVELBACKENDCHIL/vendor/laravel/framework/src/Illuminate/Routing/Router.php(920): Illuminate\\Http\\Response->__construct(Object(Illuminate\\View\\View), 200, Array)
#21 /Users/elijahisrael/Desktop/Projects/chil/LARAVELBACKENDCHIL/vendor/laravel/framework/src/Illuminate/Routing/Router.php(887): Illuminate\\Routing\\Router::toResponse(Object(Illuminate\\Http\\Request), Object(Illuminate\\View\\View))
#22 /Users/elijahisrael/Desktop/Projects/chil/LARAVELBACKENDCHIL/vendor/laravel/framework/src/Illuminate/Routing/Router.php(807): Illuminate\\Routing\\Router->prepareResponse(Object(Illuminate\\Http\\Request), Object(Illuminate\\View\\View))
#23 /Users/elijahisrael/Desktop/Projects/chil/LARAVELBACKENDCHIL/vendor/laravel/framework/src/Illuminate/Pipeline/Pipeline.php(170): Illuminate\\Routing\\Router->{closure:Illuminate\\Routing\\Router::runRouteWithinStack():807}(Object(Illuminate\\Http\\Request))
#24 /Users/elijahisrael/Desktop/Projects/chil/LARAVELBACKENDCHIL/vendor/laravel/framework/src/Illuminate/Routing/Middleware/SubstituteBindings.php(51): Illuminate\\Pipeline\\Pipeline->{closure:Illuminate\\Pipeline\\Pipeline::prepareDestination():168}(Object(Illuminate\\Http\\Request))
#25 /Users/elijahisrael/Desktop/Projects/chil/LARAVELBACKENDCHIL/vendor/laravel/framework/src/Illuminate/Pipeline/Pipeline.php(209): Illuminate\\Routing\\Middleware\\SubstituteBindings->handle(Object(Illuminate\\Http\\Request), Object(Closure))
#26 /Users/elijahisrael/Desktop/Projects/chil/LARAVELBACKENDCHIL/vendor/laravel/framework/src/Illuminate/Foundation/Http/Middleware/VerifyCsrfToken.php(88): Illuminate\\Pipeline\\Pipeline->{closure:{closure:Illuminate\\Pipeline\\Pipeline::carry():184}:185}(Object(Illuminate\\Http\\Request))
#27 /Users/elijahisrael/Desktop/Projects/chil/LARAVELBACKENDCHIL/vendor/laravel/framework/src/Illuminate/Pipeline/Pipeline.php(209): Illuminate\\Foundation\\Http\\Middleware\\VerifyCsrfToken->handle(Object(Illuminate\\Http\\Request), Object(Closure))
#28 /Users/elijahisrael/Desktop/Projects/chil/LARAVELBACKENDCHIL/vendor/laravel/framework/src/Illuminate/View/Middleware/ShareErrorsFromSession.php(49): Illuminate\\Pipeline\\Pipeline->{closure:{closure:Illuminate\\Pipeline\\Pipeline::carry():184}:185}(Object(Illuminate\\Http\\Request))
#29 /Users/elijahisrael/Desktop/Projects/chil/LARAVELBACKENDCHIL/vendor/laravel/framework/src/Illuminate/Pipeline/Pipeline.php(209): Illuminate\\View\\Middleware\\ShareErrorsFromSession->handle(Object(Illuminate\\Http\\Request), Object(Closure))
#30 /Users/elijahisrael/Desktop/Projects/chil/LARAVELBACKENDCHIL/vendor/laravel/framework/src/Illuminate/Session/Middleware/StartSession.php(121): Illuminate\\Pipeline\\Pipeline->{closure:{closure:Illuminate\\Pipeline\\Pipeline::carry():184}:185}(Object(Illuminate\\Http\\Request))
#31 /Users/elijahisrael/Desktop/Projects/chil/LARAVELBACKENDCHIL/vendor/laravel/framework/src/Illuminate/Session/Middleware/StartSession.php(64): Illuminate\\Session\\Middleware\\StartSession->handleStatefulRequest(Object(Illuminate\\Http\\Request), Object(Illuminate\\Session\\Store), Object(Closure))
#32 /Users/elijahisrael/Desktop/Projects/chil/LARAVELBACKENDCHIL/vendor/laravel/framework/src/Illuminate/Pipeline/Pipeline.php(209): Illuminate\\Session\\Middleware\\StartSession->handle(Object(Illuminate\\Http\\Request), Object(Closure))
#33 /Users/elijahisrael/Desktop/Projects/chil/LARAVELBACKENDCHIL/vendor/laravel/framework/src/Illuminate/Cookie/Middleware/AddQueuedCookiesToResponse.php(37): Illuminate\\Pipeline\\Pipeline->{closure:{closure:Illuminate\\Pipeline\\Pipeline::carry():184}:185}(Object(Illuminate\\Http\\Request))
#34 /Users/elijahisrael/Desktop/Projects/chil/LARAVELBACKENDCHIL/vendor/laravel/framework/src/Illuminate/Pipeline/Pipeline.php(209): Illuminate\\Cookie\\Middleware\\AddQueuedCookiesToResponse->handle(Object(Illuminate\\Http\\Request), Object(Closure))
#35 /Users/elijahisrael/Desktop/Projects/chil/LARAVELBACKENDCHIL/vendor/laravel/framework/src/Illuminate/Cookie/Middleware/EncryptCookies.php(75): Illuminate\\Pipeline\\Pipeline->{closure:{closure:Illuminate\\Pipeline\\Pipeline::carry():184}:185}(Object(Illuminate\\Http\\Request))
#36 /Users/elijahisrael/Desktop/Projects/chil/LARAVELBACKENDCHIL/vendor/laravel/framework/src/Illuminate/Pipeline/Pipeline.php(209): Illuminate\\Cookie\\Middleware\\EncryptCookies->handle(Object(Illuminate\\Http\\Request), Object(Closure))
#37 /Users/elijahisrael/Desktop/Projects/chil/LARAVELBACKENDCHIL/vendor/laravel/framework/src/Illuminate/Pipeline/Pipeline.php(127): Illuminate\\Pipeline\\Pipeline->{closure:{closure:Illuminate\\Pipeline\\Pipeline::carry():184}:185}(Object(Illuminate\\Http\\Request))
#38 /Users/elijahisrael/Desktop/Projects/chil/LARAVELBACKENDCHIL/vendor/laravel/framework/src/Illuminate/Routing/Router.php(807): Illuminate\\Pipeline\\Pipeline->then(Object(Closure))
#39 /Users/elijahisrael/Desktop/Projects/chil/LARAVELBACKENDCHIL/vendor/laravel/framework/src/Illuminate/Routing/Router.php(786): Illuminate\\Routing\\Router->runRouteWithinStack(Object(Illuminate\\Routing\\Route), Object(Illuminate\\Http\\Request))
#40 /Users/elijahisrael/Desktop/Projects/chil/LARAVELBACKENDCHIL/vendor/laravel/framework/src/Illuminate/Routing/Router.php(750): Illuminate\\Routing\\Router->runRoute(Object(Illuminate\\Http\\Request), Object(Illuminate\\Routing\\Route))
#41 /Users/elijahisrael/Desktop/Projects/chil/LARAVELBACKENDCHIL/vendor/laravel/framework/src/Illuminate/Routing/Router.php(739): Illuminate\\Routing\\Router->dispatchToRoute(Object(Illuminate\\Http\\Request))
#42 /Users/elijahisrael/Desktop/Projects/chil/LARAVELBACKENDCHIL/vendor/laravel/framework/src/Illuminate/Foundation/Http/Kernel.php(201): Illuminate\\Routing\\Router->dispatch(Object(Illuminate\\Http\\Request))
#43 /Users/elijahisrael/Desktop/Projects/chil/LARAVELBACKENDCHIL/vendor/laravel/framework/src/Illuminate/Pipeline/Pipeline.php(170): Illuminate\\Foundation\\Http\\Kernel->{closure:Illuminate\\Foundation\\Http\\Kernel::dispatchToRouter():198}(Object(Illuminate\\Http\\Request))
#44 /Users/elijahisrael/Desktop/Projects/chil/LARAVELBACKENDCHIL/vendor/livewire/livewire/src/Features/SupportDisablingBackButtonCache/DisableBackButtonCacheMiddleware.php(19): Illuminate\\Pipeline\\Pipeline->{closure:Illuminate\\Pipeline\\Pipeline::prepareDestination():168}(Object(Illuminate\\Http\\Request))
#45 /Users/elijahisrael/Desktop/Projects/chil/LARAVELBACKENDCHIL/vendor/laravel/framework/src/Illuminate/Pipeline/Pipeline.php(209): Livewire\\Features\\SupportDisablingBackButtonCache\\DisableBackButtonCacheMiddleware->handle(Object(Illuminate\\Http\\Request), Object(Closure))
#46 /Users/elijahisrael/Desktop/Projects/chil/LARAVELBACKENDCHIL/app/Http/Middleware/Cors.php(31): Illuminate\\Pipeline\\Pipeline->{closure:{closure:Illuminate\\Pipeline\\Pipeline::carry():184}:185}(Object(Illuminate\\Http\\Request))
#47 /Users/elijahisrael/Desktop/Projects/chil/LARAVELBACKENDCHIL/vendor/laravel/framework/src/Illuminate/Pipeline/Pipeline.php(209): App\\Http\\Middleware\\Cors->handle(Object(Illuminate\\Http\\Request), Object(Closure))
#48 /Users/elijahisrael/Desktop/Projects/chil/LARAVELBACKENDCHIL/vendor/laravel/framework/src/Illuminate/Http/Middleware/TrustProxies.php(58): Illuminate\\Pipeline\\Pipeline->{closure:{closure:Illuminate\\Pipeline\\Pipeline::carry():184}:185}(Object(Illuminate\\Http\\Request))
#49 /Users/elijahisrael/Desktop/Projects/chil/LARAVELBACKENDCHIL/vendor/laravel/framework/src/Illuminate/Pipeline/Pipeline.php(209): Illuminate\\Http\\Middleware\\TrustProxies->handle(Object(Illuminate\\Http\\Request), Object(Closure))
#50 /Users/elijahisrael/Desktop/Projects/chil/LARAVELBACKENDCHIL/vendor/laravel/framework/src/Illuminate/Foundation/Http/Middleware/TransformsRequest.php(21): Illuminate\\Pipeline\\Pipeline->{closure:{closure:Illuminate\\Pipeline\\Pipeline::carry():184}:185}(Object(Illuminate\\Http\\Request))
#51 /Users/elijahisrael/Desktop/Projects/chil/LARAVELBACKENDCHIL/vendor/laravel/framework/src/Illuminate/Foundation/Http/Middleware/ConvertEmptyStringsToNull.php(31): Illuminate\\Foundation\\Http\\Middleware\\TransformsRequest->handle(Object(Illuminate\\Http\\Request), Object(Closure))
#52 /Users/elijahisrael/Desktop/Projects/chil/LARAVELBACKENDCHIL/vendor/laravel/framework/src/Illuminate/Pipeline/Pipeline.php(209): Illuminate\\Foundation\\Http\\Middleware\\ConvertEmptyStringsToNull->handle(Object(Illuminate\\Http\\Request), Object(Closure))
#53 /Users/elijahisrael/Desktop/Projects/chil/LARAVELBACKENDCHIL/vendor/laravel/framework/src/Illuminate/Foundation/Http/Middleware/TransformsRequest.php(21): Illuminate\\Pipeline\\Pipeline->{closure:{closure:Illuminate\\Pipeline\\Pipeline::carry():184}:185}(Object(Illuminate\\Http\\Request))
#54 /Users/elijahisrael/Desktop/Projects/chil/LARAVELBACKENDCHIL/vendor/laravel/framework/src/Illuminate/Foundation/Http/Middleware/TrimStrings.php(51): Illuminate\\Foundation\\Http\\Middleware\\TransformsRequest->handle(Object(Illuminate\\Http\\Request), Object(Closure))
#55 /Users/elijahisrael/Desktop/Projects/chil/LARAVELBACKENDCHIL/vendor/laravel/framework/src/Illuminate/Pipeline/Pipeline.php(209): Illuminate\\Foundation\\Http\\Middleware\\TrimStrings->handle(Object(Illuminate\\Http\\Request), Object(Closure))
#56 /Users/elijahisrael/Desktop/Projects/chil/LARAVELBACKENDCHIL/vendor/laravel/framework/src/Illuminate/Http/Middleware/ValidatePostSize.php(27): Illuminate\\Pipeline\\Pipeline->{closure:{closure:Illuminate\\Pipeline\\Pipeline::carry():184}:185}(Object(Illuminate\\Http\\Request))
#57 /Users/elijahisrael/Desktop/Projects/chil/LARAVELBACKENDCHIL/vendor/laravel/framework/src/Illuminate/Pipeline/Pipeline.php(209): Illuminate\\Http\\Middleware\\ValidatePostSize->handle(Object(Illuminate\\Http\\Request), Object(Closure))
#58 /Users/elijahisrael/Desktop/Projects/chil/LARAVELBACKENDCHIL/vendor/laravel/framework/src/Illuminate/Foundation/Http/Middleware/PreventRequestsDuringMaintenance.php(110): Illuminate\\Pipeline\\Pipeline->{closure:{closure:Illuminate\\Pipeline\\Pipeline::carry():184}:185}(Object(Illuminate\\Http\\Request))
#59 /Users/elijahisrael/Desktop/Projects/chil/LARAVELBACKENDCHIL/vendor/laravel/framework/src/Illuminate/Pipeline/Pipeline.php(209): Illuminate\\Foundation\\Http\\Middleware\\PreventRequestsDuringMaintenance->handle(Object(Illuminate\\Http\\Request), Object(Closure))
#60 /Users/elijahisrael/Desktop/Projects/chil/LARAVELBACKENDCHIL/vendor/laravel/framework/src/Illuminate/Pipeline/Pipeline.php(127): Illuminate\\Pipeline\\Pipeline->{closure:{closure:Illuminate\\Pipeline\\Pipeline::carry():184}:185}(Object(Illuminate\\Http\\Request))
#61 /Users/elijahisrael/Desktop/Projects/chil/LARAVELBACKENDCHIL/vendor/laravel/framework/src/Illuminate/Foundation/Http/Kernel.php(176): Illuminate\\Pipeline\\Pipeline->then(Object(Closure))
#62 /Users/elijahisrael/Desktop/Projects/chil/LARAVELBACKENDCHIL/vendor/laravel/framework/src/Illuminate/Foundation/Http/Kernel.php(145): Illuminate\\Foundation\\Http\\Kernel->sendRequestThroughRouter(Object(Illuminate\\Http\\Request))
#63 /Users/elijahisrael/Desktop/Projects/chil/LARAVELBACKENDCHIL/public/index.php(54): Illuminate\\Foundation\\Http\\Kernel->handle(Object(Illuminate\\Http\\Request))
#64 /Users/elijahisrael/Desktop/Projects/chil/LARAVELBACKENDCHIL/server.php(21): require_once('/Users/elijahis...')
#65 {main}

[previous exception] [object] (ErrorException(code: 0): Attempt to read property \"name\" on null at /Users/elijahisrael/Desktop/Projects/chil/LARAVELBACKENDCHIL/storage/framework/views/c0667ced79c677f8fee0566ce64d6e5a.php:6)
[stacktrace]
#0 /Users/elijahisrael/Desktop/Projects/chil/LARAVELBACKENDCHIL/vendor/laravel/framework/src/Illuminate/Foundation/Bootstrap/HandleExceptions.php(256): Illuminate\\Foundation\\Bootstrap\\HandleExceptions->handleError(2, 'Attempt to read...', '/Users/elijahis...', 6)
#1 /Users/elijahisrael/Desktop/Projects/chil/LARAVELBACKENDCHIL/storage/framework/views/c0667ced79c677f8fee0566ce64d6e5a.php(6): Illuminate\\Foundation\\Bootstrap\\HandleExceptions->{closure:Illuminate\\Foundation\\Bootstrap\\HandleExceptions::forwardsTo():255}(2, 'Attempt to read...', '/Users/elijahis...', 6)
#2 /Users/elijahisrael/Desktop/Projects/chil/LARAVELBACKENDCHIL/vendor/laravel/framework/src/Illuminate/Filesystem/Filesystem.php(123): require('/Users/elijahis...')
#3 /Users/elijahisrael/Desktop/Projects/chil/LARAVELBACKENDCHIL/vendor/laravel/framework/src/Illuminate/Filesystem/Filesystem.php(124): Illuminate\\Filesystem\\Filesystem::{closure:Illuminate\\Filesystem\\Filesystem::getRequire():120}()
#4 /Users/elijahisrael/Desktop/Projects/chil/LARAVELBACKENDCHIL/vendor/laravel/framework/src/Illuminate/View/Engines/PhpEngine.php(58): Illuminate\\Filesystem\\Filesystem->getRequire('/Users/elijahis...', Array)
#5 /Users/elijahisrael/Desktop/Projects/chil/LARAVELBACKENDCHIL/vendor/livewire/livewire/src/Mechanisms/ExtendBlade/ExtendedCompilerEngine.php(22): Illuminate\\View\\Engines\\PhpEngine->evaluatePath('/Users/elijahis...', Array)
#6 /Users/elijahisrael/Desktop/Projects/chil/LARAVELBACKENDCHIL/vendor/laravel/framework/src/Illuminate/View/Engines/CompilerEngine.php(75): Livewire\\Mechanisms\\ExtendBlade\\ExtendedCompilerEngine->evaluatePath('/Users/elijahis...', Array)
#7 /Users/elijahisrael/Desktop/Projects/chil/LARAVELBACKENDCHIL/vendor/livewire/livewire/src/Mechanisms/ExtendBlade/ExtendedCompilerEngine.php(10): Illuminate\\View\\Engines\\CompilerEngine->get('/Users/elijahis...', Array)
#8 /Users/elijahisrael/Desktop/Projects/chil/LARAVELBACKENDCHIL/vendor/laravel/framework/src/Illuminate/View/View.php(209): Livewire\\Mechanisms\\ExtendBlade\\ExtendedCompilerEngine->get('/Users/elijahis...', Array)
#9 /Users/elijahisrael/Desktop/Projects/chil/LARAVELBACKENDCHIL/vendor/laravel/framework/src/Illuminate/View/View.php(192): Illuminate\\View\\View->getContents()
#10 /Users/elijahisrael/Desktop/Projects/chil/LARAVELBACKENDCHIL/vendor/laravel/framework/src/Illuminate/View/View.php(161): Illuminate\\View\\View->renderContents()
#11 /Users/elijahisrael/Desktop/Projects/chil/LARAVELBACKENDCHIL/storage/framework/views/41441880c795a5212f4bb7d3ff8044e6.php(128): Illuminate\\View\\View->render()
#12 /Users/elijahisrael/Desktop/Projects/chil/LARAVELBACKENDCHIL/vendor/laravel/framework/src/Illuminate/Filesystem/Filesystem.php(123): require('/Users/elijahis...')
#13 /Users/elijahisrael/Desktop/Projects/chil/LARAVELBACKENDCHIL/vendor/laravel/framework/src/Illuminate/Filesystem/Filesystem.php(124): Illuminate\\Filesystem\\Filesystem::{closure:Illuminate\\Filesystem\\Filesystem::getRequire():120}()
#14 /Users/elijahisrael/Desktop/Projects/chil/LARAVELBACKENDCHIL/vendor/laravel/framework/src/Illuminate/View/Engines/PhpEngine.php(58): Illuminate\\Filesystem\\Filesystem->getRequire('/Users/elijahis...', Array)
#15 /Users/elijahisrael/Desktop/Projects/chil/LARAVELBACKENDCHIL/vendor/livewire/livewire/src/Mechanisms/ExtendBlade/ExtendedCompilerEngine.php(22): Illuminate\\View\\Engines\\PhpEngine->evaluatePath('/Users/elijahis...', Array)
#16 /Users/elijahisrael/Desktop/Projects/chil/LARAVELBACKENDCHIL/vendor/laravel/framework/src/Illuminate/View/Engines/CompilerEngine.php(75): Livewire\\Mechanisms\\ExtendBlade\\ExtendedCompilerEngine->evaluatePath('/Users/elijahis...', Array)
#17 /Users/elijahisrael/Desktop/Projects/chil/LARAVELBACKENDCHIL/vendor/livewire/livewire/src/Mechanisms/ExtendBlade/ExtendedCompilerEngine.php(10): Illuminate\\View\\Engines\\CompilerEngine->get('/Users/elijahis...', Array)
#18 /Users/elijahisrael/Desktop/Projects/chil/LARAVELBACKENDCHIL/vendor/laravel/framework/src/Illuminate/View/View.php(209): Livewire\\Mechanisms\\ExtendBlade\\ExtendedCompilerEngine->get('/Users/elijahis...', Array)
#19 /Users/elijahisrael/Desktop/Projects/chil/LARAVELBACKENDCHIL/vendor/laravel/framework/src/Illuminate/View/View.php(192): Illuminate\\View\\View->getContents()
#20 /Users/elijahisrael/Desktop/Projects/chil/LARAVELBACKENDCHIL/vendor/laravel/framework/src/Illuminate/View/View.php(161): Illuminate\\View\\View->renderContents()
#21 /Users/elijahisrael/Desktop/Projects/chil/LARAVELBACKENDCHIL/vendor/laravel/framework/src/Illuminate/Http/Response.php(79): Illuminate\\View\\View->render()
#22 /Users/elijahisrael/Desktop/Projects/chil/LARAVELBACKENDCHIL/vendor/laravel/framework/src/Illuminate/Http/Response.php(35): Illuminate\\Http\\Response->setContent(Object(Illuminate\\View\\View))
#23 /Users/elijahisrael/Desktop/Projects/chil/LARAVELBACKENDCHIL/vendor/laravel/framework/src/Illuminate/Routing/Router.php(920): Illuminate\\Http\\Response->__construct(Object(Illuminate\\View\\View), 200, Array)
#24 /Users/elijahisrael/Desktop/Projects/chil/LARAVELBACKENDCHIL/vendor/laravel/framework/src/Illuminate/Routing/Router.php(887): Illuminate\\Routing\\Router::toResponse(Object(Illuminate\\Http\\Request), Object(Illuminate\\View\\View))
#25 /Users/elijahisrael/Desktop/Projects/chil/LARAVELBACKENDCHIL/vendor/laravel/framework/src/Illuminate/Routing/Router.php(807): Illuminate\\Routing\\Router->prepareResponse(Object(Illuminate\\Http\\Request), Object(Illuminate\\View\\View))
#26 /Users/elijahisrael/Desktop/Projects/chil/LARAVELBACKENDCHIL/vendor/laravel/framework/src/Illuminate/Pipeline/Pipeline.php(170): Illuminate\\Routing\\Router->{closure:Illuminate\\Routing\\Router::runRouteWithinStack():807}(Object(Illuminate\\Http\\Request))
#27 /Users/elijahisrael/Desktop/Projects/chil/LARAVELBACKENDCHIL/vendor/laravel/framework/src/Illuminate/Routing/Middleware/SubstituteBindings.php(51): Illuminate\\Pipeline\\Pipeline->{closure:Illuminate\\Pipeline\\Pipeline::prepareDestination():168}(Object(Illuminate\\Http\\Request))
#28 /Users/elijahisrael/Desktop/Projects/chil/LARAVELBACKENDCHIL/vendor/laravel/framework/src/Illuminate/Pipeline/Pipeline.php(209): Illuminate\\Routing\\Middleware\\SubstituteBindings->handle(Object(Illuminate\\Http\\Request), Object(Closure))
#29 /Users/elijahisrael/Desktop/Projects/chil/LARAVELBACKENDCHIL/vendor/laravel/framework/src/Illuminate/Foundation/Http/Middleware/VerifyCsrfToken.php(88): Illuminate\\Pipeline\\Pipeline->{closure:{closure:Illuminate\\Pipeline\\Pipeline::carry():184}:185}(Object(Illuminate\\Http\\Request))
#30 /Users/elijahisrael/Desktop/Projects/chil/LARAVELBACKENDCHIL/vendor/laravel/framework/src/Illuminate/Pipeline/Pipeline.php(209): Illuminate\\Foundation\\Http\\Middleware\\VerifyCsrfToken->handle(Object(Illuminate\\Http\\Request), Object(Closure))
#31 /Users/elijahisrael/Desktop/Projects/chil/LARAVELBACKENDCHIL/vendor/laravel/framework/src/Illuminate/View/Middleware/ShareErrorsFromSession.php(49): Illuminate\\Pipeline\\Pipeline->{closure:{closure:Illuminate\\Pipeline\\Pipeline::carry():184}:185}(Object(Illuminate\\Http\\Request))
#32 /Users/elijahisrael/Desktop/Projects/chil/LARAVELBACKENDCHIL/vendor/laravel/framework/src/Illuminate/Pipeline/Pipeline.php(209): Illuminate\\View\\Middleware\\ShareErrorsFromSession->handle(Object(Illuminate\\Http\\Request), Object(Closure))
#33 /Users/elijahisrael/Desktop/Projects/chil/LARAVELBACKENDCHIL/vendor/laravel/framework/src/Illuminate/Session/Middleware/StartSession.php(121): Illuminate\\Pipeline\\Pipeline->{closure:{closure:Illuminate\\Pipeline\\Pipeline::carry():184}:185}(Object(Illuminate\\Http\\Request))
#34 /Users/elijahisrael/Desktop/Projects/chil/LARAVELBACKENDCHIL/vendor/laravel/framework/src/Illuminate/Session/Middleware/StartSession.php(64): Illuminate\\Session\\Middleware\\StartSession->handleStatefulRequest(Object(Illuminate\\Http\\Request), Object(Illuminate\\Session\\Store), Object(Closure))
#35 /Users/elijahisrael/Desktop/Projects/chil/LARAVELBACKENDCHIL/vendor/laravel/framework/src/Illuminate/Pipeline/Pipeline.php(209): Illuminate\\Session\\Middleware\\StartSession->handle(Object(Illuminate\\Http\\Request), Object(Closure))
#36 /Users/elijahisrael/Desktop/Projects/chil/LARAVELBACKENDCHIL/vendor/laravel/framework/src/Illuminate/Cookie/Middleware/AddQueuedCookiesToResponse.php(37): Illuminate\\Pipeline\\Pipeline->{closure:{closure:Illuminate\\Pipeline\\Pipeline::carry():184}:185}(Object(Illuminate\\Http\\Request))
#37 /Users/elijahisrael/Desktop/Projects/chil/LARAVELBACKENDCHIL/vendor/laravel/framework/src/Illuminate/Pipeline/Pipeline.php(209): Illuminate\\Cookie\\Middleware\\AddQueuedCookiesToResponse->handle(Object(Illuminate\\Http\\Request), Object(Closure))
#38 /Users/elijahisrael/Desktop/Projects/chil/LARAVELBACKENDCHIL/vendor/laravel/framework/src/Illuminate/Cookie/Middleware/EncryptCookies.php(75): Illuminate\\Pipeline\\Pipeline->{closure:{closure:Illuminate\\Pipeline\\Pipeline::carry():184}:185}(Object(Illuminate\\Http\\Request))
#39 /Users/elijahisrael/Desktop/Projects/chil/LARAVELBACKENDCHIL/vendor/laravel/framework/src/Illuminate/Pipeline/Pipeline.php(209): Illuminate\\Cookie\\Middleware\\EncryptCookies->handle(Object(Illuminate\\Http\\Request), Object(Closure))
#40 /Users/elijahisrael/Desktop/Projects/chil/LARAVELBACKENDCHIL/vendor/laravel/framework/src/Illuminate/Pipeline/Pipeline.php(127): Illuminate\\Pipeline\\Pipeline->{closure:{closure:Illuminate\\Pipeline\\Pipeline::carry():184}:185}(Object(Illuminate\\Http\\Request))
#41 /Users/elijahisrael/Desktop/Projects/chil/LARAVELBACKENDCHIL/vendor/laravel/framework/src/Illuminate/Routing/Router.php(807): Illuminate\\Pipeline\\Pipeline->then(Object(Closure))
#42 /Users/elijahisrael/Desktop/Projects/chil/LARAVELBACKENDCHIL/vendor/laravel/framework/src/Illuminate/Routing/Router.php(786): Illuminate\\Routing\\Router->runRouteWithinStack(Object(Illuminate\\Routing\\Route), Object(Illuminate\\Http\\Request))
#43 /Users/elijahisrael/Desktop/Projects/chil/LARAVELBACKENDCHIL/vendor/laravel/framework/src/Illuminate/Routing/Router.php(750): Illuminate\\Routing\\Router->runRoute(Object(Illuminate\\Http\\Request), Object(Illuminate\\Routing\\Route))
#44 /Users/elijahisrael/Desktop/Projects/chil/LARAVELBACKENDCHIL/vendor/laravel/framework/src/Illuminate/Routing/Router.php(739): Illuminate\\Routing\\Router->dispatchToRoute(Object(Illuminate\\Http\\Request))
#45 /Users/elijahisrael/Desktop/Projects/chil/LARAVELBACKENDCHIL/vendor/laravel/framework/src/Illuminate/Foundation/Http/Kernel.php(201): Illuminate\\Routing\\Router->dispatch(Object(Illuminate\\Http\\Request))
#46 /Users/elijahisrael/Desktop/Projects/chil/LARAVELBACKENDCHIL/vendor/laravel/framework/src/Illuminate/Pipeline/Pipeline.php(170): Illuminate\\Foundation\\Http\\Kernel->{closure:Illuminate\\Foundation\\Http\\Kernel::dispatchToRouter():198}(Object(Illuminate\\Http\\Request))
#47 /Users/elijahisrael/Desktop/Projects/chil/LARAVELBACKENDCHIL/vendor/livewire/livewire/src/Features/SupportDisablingBackButtonCache/DisableBackButtonCacheMiddleware.php(19): Illuminate\\Pipeline\\Pipeline->{closure:Illuminate\\Pipeline\\Pipeline::prepareDestination():168}(Object(Illuminate\\Http\\Request))
#48 /Users/elijahisrael/Desktop/Projects/chil/LARAVELBACKENDCHIL/vendor/laravel/framework/src/Illuminate/Pipeline/Pipeline.php(209): Livewire\\Features\\SupportDisablingBackButtonCache\\DisableBackButtonCacheMiddleware->handle(Object(Illuminate\\Http\\Request), Object(Closure))
#49 /Users/elijahisrael/Desktop/Projects/chil/LARAVELBACKENDCHIL/app/Http/Middleware/Cors.php(31): Illuminate\\Pipeline\\Pipeline->{closure:{closure:Illuminate\\Pipeline\\Pipeline::carry():184}:185}(Object(Illuminate\\Http\\Request))
#50 /Users/elijahisrael/Desktop/Projects/chil/LARAVELBACKENDCHIL/vendor/laravel/framework/src/Illuminate/Pipeline/Pipeline.php(209): App\\Http\\Middleware\\Cors->handle(Object(Illuminate\\Http\\Request), Object(Closure))
#51 /Users/elijahisrael/Desktop/Projects/chil/LARAVELBACKENDCHIL/vendor/laravel/framework/src/Illuminate/Http/Middleware/TrustProxies.php(58): Illuminate\\Pipeline\\Pipeline->{closure:{closure:Illuminate\\Pipeline\\Pipeline::carry():184}:185}(Object(Illuminate\\Http\\Request))
#52 /Users/elijahisrael/Desktop/Projects/chil/LARAVELBACKENDCHIL/vendor/laravel/framework/src/Illuminate/Pipeline/Pipeline.php(209): Illuminate\\Http\\Middleware\\TrustProxies->handle(Object(Illuminate\\Http\\Request), Object(Closure))
#53 /Users/elijahisrael/Desktop/Projects/chil/LARAVELBACKENDCHIL/vendor/laravel/framework/src/Illuminate/Foundation/Http/Middleware/TransformsRequest.php(21): Illuminate\\Pipeline\\Pipeline->{closure:{closure:Illuminate\\Pipeline\\Pipeline::carry():184}:185}(Object(Illuminate\\Http\\Request))
#54 /Users/elijahisrael/Desktop/Projects/chil/LARAVELBACKENDCHIL/vendor/laravel/framework/src/Illuminate/Foundation/Http/Middleware/ConvertEmptyStringsToNull.php(31): Illuminate\\Foundation\\Http\\Middleware\\TransformsRequest->handle(Object(Illuminate\\Http\\Request), Object(Closure))
#55 /Users/elijahisrael/Desktop/Projects/chil/LARAVELBACKENDCHIL/vendor/laravel/framework/src/Illuminate/Pipeline/Pipeline.php(209): Illuminate\\Foundation\\Http\\Middleware\\ConvertEmptyStringsToNull->handle(Object(Illuminate\\Http\\Request), Object(Closure))
#56 /Users/elijahisrael/Desktop/Projects/chil/LARAVELBACKENDCHIL/vendor/laravel/framework/src/Illuminate/Foundation/Http/Middleware/TransformsRequest.php(21): Illuminate\\Pipeline\\Pipeline->{closure:{closure:Illuminate\\Pipeline\\Pipeline::carry():184}:185}(Object(Illuminate\\Http\\Request))
#57 /Users/elijahisrael/Desktop/Projects/chil/LARAVELBACKENDCHIL/vendor/laravel/framework/src/Illuminate/Foundation/Http/Middleware/TrimStrings.php(51): Illuminate\\Foundation\\Http\\Middleware\\TransformsRequest->handle(Object(Illuminate\\Http\\Request), Object(Closure))
#58 /Users/elijahisrael/Desktop/Projects/chil/LARAVELBACKENDCHIL/vendor/laravel/framework/src/Illuminate/Pipeline/Pipeline.php(209): Illuminate\\Foundation\\Http\\Middleware\\TrimStrings->handle(Object(Illuminate\\Http\\Request), Object(Closure))
#59 /Users/elijahisrael/Desktop/Projects/chil/LARAVELBACKENDCHIL/vendor/laravel/framework/src/Illuminate/Http/Middleware/ValidatePostSize.php(27): Illuminate\\Pipeline\\Pipeline->{closure:{closure:Illuminate\\Pipeline\\Pipeline::carry():184}:185}(Object(Illuminate\\Http\\Request))
#60 /Users/elijahisrael/Desktop/Projects/chil/LARAVELBACKENDCHIL/vendor/laravel/framework/src/Illuminate/Pipeline/Pipeline.php(209): Illuminate\\Http\\Middleware\\ValidatePostSize->handle(Object(Illuminate\\Http\\Request), Object(Closure))
#61 /Users/elijahisrael/Desktop/Projects/chil/LARAVELBACKENDCHIL/vendor/laravel/framework/src/Illuminate/Foundation/Http/Middleware/PreventRequestsDuringMaintenance.php(110): Illuminate\\Pipeline\\Pipeline->{closure:{closure:Illuminate\\Pipeline\\Pipeline::carry():184}:185}(Object(Illuminate\\Http\\Request))
#62 /Users/elijahisrael/Desktop/Projects/chil/LARAVELBACKENDCHIL/vendor/laravel/framework/src/Illuminate/Pipeline/Pipeline.php(209): Illuminate\\Foundation\\Http\\Middleware\\PreventRequestsDuringMaintenance->handle(Object(Illuminate\\Http\\Request), Object(Closure))
#63 /Users/elijahisrael/Desktop/Projects/chil/LARAVELBACKENDCHIL/vendor/laravel/framework/src/Illuminate/Pipeline/Pipeline.php(127): Illuminate\\Pipeline\\Pipeline->{closure:{closure:Illuminate\\Pipeline\\Pipeline::carry():184}:185}(Object(Illuminate\\Http\\Request))
#64 /Users/elijahisrael/Desktop/Projects/chil/LARAVELBACKENDCHIL/vendor/laravel/framework/src/Illuminate/Foundation/Http/Kernel.php(176): Illuminate\\Pipeline\\Pipeline->then(Object(Closure))
#65 /Users/elijahisrael/Desktop/Projects/chil/LARAVELBACKENDCHIL/vendor/laravel/framework/src/Illuminate/Foundation/Http/Kernel.php(145): Illuminate\\Foundation\\Http\\Kernel->sendRequestThroughRouter(Object(Illuminate\\Http\\Request))
#66 /Users/elijahisrael/Desktop/Projects/chil/LARAVELBACKENDCHIL/public/index.php(54): Illuminate\\Foundation\\Http\\Kernel->handle(Object(Illuminate\\Http\\Request))
#67 /Users/elijahisrael/Desktop/Projects/chil/LARAVELBACKENDCHIL/server.php(21): require_once('/Users/elijahis...')
#68 {main}
"} 
[2025-09-30 16:39:40] local.ERROR: Call to undefined function school() (View: /Users/elijahisrael/Desktop/Projects/chil/LARAVELBACKENDCHIL/resources/views/layouts/sidebar.blade.php) (View: /Users/elijahisrael/Desktop/Projects/chil/LARAVELBACKENDCHIL/resources/views/layouts/sidebar.blade.php) {"exception":"[object] (Illuminate\\View\\ViewException(code: 0): Call to undefined function school() (View: /Users/elijahisrael/Desktop/Projects/chil/LARAVELBACKENDCHIL/resources/views/layouts/sidebar.blade.php) (View: /Users/elijahisrael/Desktop/Projects/chil/LARAVELBACKENDCHIL/resources/views/layouts/sidebar.blade.php) at /Users/elijahisrael/Desktop/Projects/chil/LARAVELBACKENDCHIL/storage/framework/views/c0667ced79c677f8fee0566ce64d6e5a.php:6)
[stacktrace]
#0 /Users/elijahisrael/Desktop/Projects/chil/LARAVELBACKENDCHIL/vendor/livewire/livewire/src/Mechanisms/ExtendBlade/ExtendedCompilerEngine.php(58): Illuminate\\View\\Engines\\CompilerEngine->handleViewException(Object(Illuminate\\View\\ViewException), 0)
#1 /Users/elijahisrael/Desktop/Projects/chil/LARAVELBACKENDCHIL/vendor/laravel/framework/src/Illuminate/View/Engines/PhpEngine.php(60): Livewire\\Mechanisms\\ExtendBlade\\ExtendedCompilerEngine->handleViewException(Object(Illuminate\\View\\ViewException), 0)
#2 /Users/elijahisrael/Desktop/Projects/chil/LARAVELBACKENDCHIL/vendor/livewire/livewire/src/Mechanisms/ExtendBlade/ExtendedCompilerEngine.php(22): Illuminate\\View\\Engines\\PhpEngine->evaluatePath('/Users/elijahis...', Array)
#3 /Users/elijahisrael/Desktop/Projects/chil/LARAVELBACKENDCHIL/vendor/laravel/framework/src/Illuminate/View/Engines/CompilerEngine.php(75): Livewire\\Mechanisms\\ExtendBlade\\ExtendedCompilerEngine->evaluatePath('/Users/elijahis...', Array)
#4 /Users/elijahisrael/Desktop/Projects/chil/LARAVELBACKENDCHIL/vendor/livewire/livewire/src/Mechanisms/ExtendBlade/ExtendedCompilerEngine.php(10): Illuminate\\View\\Engines\\CompilerEngine->get('/Users/elijahis...', Array)
#5 /Users/elijahisrael/Desktop/Projects/chil/LARAVELBACKENDCHIL/vendor/laravel/framework/src/Illuminate/View/View.php(209): Livewire\\Mechanisms\\ExtendBlade\\ExtendedCompilerEngine->get('/Users/elijahis...', Array)
#6 /Users/elijahisrael/Desktop/Projects/chil/LARAVELBACKENDCHIL/vendor/laravel/framework/src/Illuminate/View/View.php(192): Illuminate\\View\\View->getContents()
#7 /Users/elijahisrael/Desktop/Projects/chil/LARAVELBACKENDCHIL/vendor/laravel/framework/src/Illuminate/View/View.php(161): Illuminate\\View\\View->renderContents()
#8 /Users/elijahisrael/Desktop/Projects/chil/LARAVELBACKENDCHIL/vendor/laravel/framework/src/Illuminate/Http/Response.php(79): Illuminate\\View\\View->render()
#9 /Users/elijahisrael/Desktop/Projects/chil/LARAVELBACKENDCHIL/vendor/laravel/framework/src/Illuminate/Http/Response.php(35): Illuminate\\Http\\Response->setContent(Object(Illuminate\\View\\View))
#10 /Users/elijahisrael/Desktop/Projects/chil/LARAVELBACKENDCHIL/vendor/laravel/framework/src/Illuminate/Routing/Router.php(920): Illuminate\\Http\\Response->__construct(Object(Illuminate\\View\\View), 200, Array)
#11 /Users/elijahisrael/Desktop/Projects/chil/LARAVELBACKENDCHIL/vendor/laravel/framework/src/Illuminate/Routing/Router.php(887): Illuminate\\Routing\\Router::toResponse(Object(Illuminate\\Http\\Request), Object(Illuminate\\View\\View))
#12 /Users/elijahisrael/Desktop/Projects/chil/LARAVELBACKENDCHIL/vendor/laravel/framework/src/Illuminate/Routing/Router.php(807): Illuminate\\Routing\\Router->prepareResponse(Object(Illuminate\\Http\\Request), Object(Illuminate\\View\\View))
#13 /Users/elijahisrael/Desktop/Projects/chil/LARAVELBACKENDCHIL/vendor/laravel/framework/src/Illuminate/Pipeline/Pipeline.php(170): Illuminate\\Routing\\Router->{closure:Illuminate\\Routing\\Router::runRouteWithinStack():807}(Object(Illuminate\\Http\\Request))
#14 /Users/elijahisrael/Desktop/Projects/chil/LARAVELBACKENDCHIL/vendor/laravel/framework/src/Illuminate/Routing/Middleware/SubstituteBindings.php(51): Illuminate\\Pipeline\\Pipeline->{closure:Illuminate\\Pipeline\\Pipeline::prepareDestination():168}(Object(Illuminate\\Http\\Request))
#15 /Users/elijahisrael/Desktop/Projects/chil/LARAVELBACKENDCHIL/vendor/laravel/framework/src/Illuminate/Pipeline/Pipeline.php(209): Illuminate\\Routing\\Middleware\\SubstituteBindings->handle(Object(Illuminate\\Http\\Request), Object(Closure))
#16 /Users/elijahisrael/Desktop/Projects/chil/LARAVELBACKENDCHIL/vendor/laravel/framework/src/Illuminate/Foundation/Http/Middleware/VerifyCsrfToken.php(88): Illuminate\\Pipeline\\Pipeline->{closure:{closure:Illuminate\\Pipeline\\Pipeline::carry():184}:185}(Object(Illuminate\\Http\\Request))
#17 /Users/elijahisrael/Desktop/Projects/chil/LARAVELBACKENDCHIL/vendor/laravel/framework/src/Illuminate/Pipeline/Pipeline.php(209): Illuminate\\Foundation\\Http\\Middleware\\VerifyCsrfToken->handle(Object(Illuminate\\Http\\Request), Object(Closure))
#18 /Users/elijahisrael/Desktop/Projects/chil/LARAVELBACKENDCHIL/vendor/laravel/framework/src/Illuminate/View/Middleware/ShareErrorsFromSession.php(49): Illuminate\\Pipeline\\Pipeline->{closure:{closure:Illuminate\\Pipeline\\Pipeline::carry():184}:185}(Object(Illuminate\\Http\\Request))
#19 /Users/elijahisrael/Desktop/Projects/chil/LARAVELBACKENDCHIL/vendor/laravel/framework/src/Illuminate/Pipeline/Pipeline.php(209): Illuminate\\View\\Middleware\\ShareErrorsFromSession->handle(Object(Illuminate\\Http\\Request), Object(Closure))
#20 /Users/elijahisrael/Desktop/Projects/chil/LARAVELBACKENDCHIL/vendor/laravel/framework/src/Illuminate/Session/Middleware/StartSession.php(121): Illuminate\\Pipeline\\Pipeline->{closure:{closure:Illuminate\\Pipeline\\Pipeline::carry():184}:185}(Object(Illuminate\\Http\\Request))
#21 /Users/elijahisrael/Desktop/Projects/chil/LARAVELBACKENDCHIL/vendor/laravel/framework/src/Illuminate/Session/Middleware/StartSession.php(64): Illuminate\\Session\\Middleware\\StartSession->handleStatefulRequest(Object(Illuminate\\Http\\Request), Object(Illuminate\\Session\\Store), Object(Closure))
#22 /Users/elijahisrael/Desktop/Projects/chil/LARAVELBACKENDCHIL/vendor/laravel/framework/src/Illuminate/Pipeline/Pipeline.php(209): Illuminate\\Session\\Middleware\\StartSession->handle(Object(Illuminate\\Http\\Request), Object(Closure))
#23 /Users/elijahisrael/Desktop/Projects/chil/LARAVELBACKENDCHIL/vendor/laravel/framework/src/Illuminate/Cookie/Middleware/AddQueuedCookiesToResponse.php(37): Illuminate\\Pipeline\\Pipeline->{closure:{closure:Illuminate\\Pipeline\\Pipeline::carry():184}:185}(Object(Illuminate\\Http\\Request))
#24 /Users/elijahisrael/Desktop/Projects/chil/LARAVELBACKENDCHIL/vendor/laravel/framework/src/Illuminate/Pipeline/Pipeline.php(209): Illuminate\\Cookie\\Middleware\\AddQueuedCookiesToResponse->handle(Object(Illuminate\\Http\\Request), Object(Closure))
#25 /Users/elijahisrael/Desktop/Projects/chil/LARAVELBACKENDCHIL/vendor/laravel/framework/src/Illuminate/Cookie/Middleware/EncryptCookies.php(75): Illuminate\\Pipeline\\Pipeline->{closure:{closure:Illuminate\\Pipeline\\Pipeline::carry():184}:185}(Object(Illuminate\\Http\\Request))
#26 /Users/elijahisrael/Desktop/Projects/chil/LARAVELBACKENDCHIL/vendor/laravel/framework/src/Illuminate/Pipeline/Pipeline.php(209): Illuminate\\Cookie\\Middleware\\EncryptCookies->handle(Object(Illuminate\\Http\\Request), Object(Closure))
#27 /Users/elijahisrael/Desktop/Projects/chil/LARAVELBACKENDCHIL/vendor/laravel/framework/src/Illuminate/Pipeline/Pipeline.php(127): Illuminate\\Pipeline\\Pipeline->{closure:{closure:Illuminate\\Pipeline\\Pipeline::carry():184}:185}(Object(Illuminate\\Http\\Request))
#28 /Users/elijahisrael/Desktop/Projects/chil/LARAVELBACKENDCHIL/vendor/laravel/framework/src/Illuminate/Routing/Router.php(807): Illuminate\\Pipeline\\Pipeline->then(Object(Closure))
#29 /Users/elijahisrael/Desktop/Projects/chil/LARAVELBACKENDCHIL/vendor/laravel/framework/src/Illuminate/Routing/Router.php(786): Illuminate\\Routing\\Router->runRouteWithinStack(Object(Illuminate\\Routing\\Route), Object(Illuminate\\Http\\Request))
#30 /Users/elijahisrael/Desktop/Projects/chil/LARAVELBACKENDCHIL/vendor/laravel/framework/src/Illuminate/Routing/Router.php(750): Illuminate\\Routing\\Router->runRoute(Object(Illuminate\\Http\\Request), Object(Illuminate\\Routing\\Route))
#31 /Users/elijahisrael/Desktop/Projects/chil/LARAVELBACKENDCHIL/vendor/laravel/framework/src/Illuminate/Routing/Router.php(739): Illuminate\\Routing\\Router->dispatchToRoute(Object(Illuminate\\Http\\Request))
#32 /Users/elijahisrael/Desktop/Projects/chil/LARAVELBACKENDCHIL/vendor/laravel/framework/src/Illuminate/Foundation/Http/Kernel.php(201): Illuminate\\Routing\\Router->dispatch(Object(Illuminate\\Http\\Request))
#33 /Users/elijahisrael/Desktop/Projects/chil/LARAVELBACKENDCHIL/vendor/laravel/framework/src/Illuminate/Pipeline/Pipeline.php(170): Illuminate\\Foundation\\Http\\Kernel->{closure:Illuminate\\Foundation\\Http\\Kernel::dispatchToRouter():198}(Object(Illuminate\\Http\\Request))
#34 /Users/elijahisrael/Desktop/Projects/chil/LARAVELBACKENDCHIL/vendor/livewire/livewire/src/Features/SupportDisablingBackButtonCache/DisableBackButtonCacheMiddleware.php(19): Illuminate\\Pipeline\\Pipeline->{closure:Illuminate\\Pipeline\\Pipeline::prepareDestination():168}(Object(Illuminate\\Http\\Request))
#35 /Users/elijahisrael/Desktop/Projects/chil/LARAVELBACKENDCHIL/vendor/laravel/framework/src/Illuminate/Pipeline/Pipeline.php(209): Livewire\\Features\\SupportDisablingBackButtonCache\\DisableBackButtonCacheMiddleware->handle(Object(Illuminate\\Http\\Request), Object(Closure))
#36 /Users/elijahisrael/Desktop/Projects/chil/LARAVELBACKENDCHIL/app/Http/Middleware/Cors.php(31): Illuminate\\Pipeline\\Pipeline->{closure:{closure:Illuminate\\Pipeline\\Pipeline::carry():184}:185}(Object(Illuminate\\Http\\Request))
#37 /Users/elijahisrael/Desktop/Projects/chil/LARAVELBACKENDCHIL/vendor/laravel/framework/src/Illuminate/Pipeline/Pipeline.php(209): App\\Http\\Middleware\\Cors->handle(Object(Illuminate\\Http\\Request), Object(Closure))
#38 /Users/elijahisrael/Desktop/Projects/chil/LARAVELBACKENDCHIL/vendor/laravel/framework/src/Illuminate/Http/Middleware/TrustProxies.php(58): Illuminate\\Pipeline\\Pipeline->{closure:{closure:Illuminate\\Pipeline\\Pipeline::carry():184}:185}(Object(Illuminate\\Http\\Request))
#39 /Users/elijahisrael/Desktop/Projects/chil/LARAVELBACKENDCHIL/vendor/laravel/framework/src/Illuminate/Pipeline/Pipeline.php(209): Illuminate\\Http\\Middleware\\TrustProxies->handle(Object(Illuminate\\Http\\Request), Object(Closure))
#40 /Users/elijahisrael/Desktop/Projects/chil/LARAVELBACKENDCHIL/vendor/laravel/framework/src/Illuminate/Foundation/Http/Middleware/TransformsRequest.php(21): Illuminate\\Pipeline\\Pipeline->{closure:{closure:Illuminate\\Pipeline\\Pipeline::carry():184}:185}(Object(Illuminate\\Http\\Request))
#41 /Users/elijahisrael/Desktop/Projects/chil/LARAVELBACKENDCHIL/vendor/laravel/framework/src/Illuminate/Foundation/Http/Middleware/ConvertEmptyStringsToNull.php(31): Illuminate\\Foundation\\Http\\Middleware\\TransformsRequest->handle(Object(Illuminate\\Http\\Request), Object(Closure))
#42 /Users/elijahisrael/Desktop/Projects/chil/LARAVELBACKENDCHIL/vendor/laravel/framework/src/Illuminate/Pipeline/Pipeline.php(209): Illuminate\\Foundation\\Http\\Middleware\\ConvertEmptyStringsToNull->handle(Object(Illuminate\\Http\\Request), Object(Closure))
#43 /Users/elijahisrael/Desktop/Projects/chil/LARAVELBACKENDCHIL/vendor/laravel/framework/src/Illuminate/Foundation/Http/Middleware/TransformsRequest.php(21): Illuminate\\Pipeline\\Pipeline->{closure:{closure:Illuminate\\Pipeline\\Pipeline::carry():184}:185}(Object(Illuminate\\Http\\Request))
#44 /Users/elijahisrael/Desktop/Projects/chil/LARAVELBACKENDCHIL/vendor/laravel/framework/src/Illuminate/Foundation/Http/Middleware/TrimStrings.php(51): Illuminate\\Foundation\\Http\\Middleware\\TransformsRequest->handle(Object(Illuminate\\Http\\Request), Object(Closure))
#45 /Users/elijahisrael/Desktop/Projects/chil/LARAVELBACKENDCHIL/vendor/laravel/framework/src/Illuminate/Pipeline/Pipeline.php(209): Illuminate\\Foundation\\Http\\Middleware\\TrimStrings->handle(Object(Illuminate\\Http\\Request), Object(Closure))
#46 /Users/elijahisrael/Desktop/Projects/chil/LARAVELBACKENDCHIL/vendor/laravel/framework/src/Illuminate/Http/Middleware/ValidatePostSize.php(27): Illuminate\\Pipeline\\Pipeline->{closure:{closure:Illuminate\\Pipeline\\Pipeline::carry():184}:185}(Object(Illuminate\\Http\\Request))
#47 /Users/elijahisrael/Desktop/Projects/chil/LARAVELBACKENDCHIL/vendor/laravel/framework/src/Illuminate/Pipeline/Pipeline.php(209): Illuminate\\Http\\Middleware\\ValidatePostSize->handle(Object(Illuminate\\Http\\Request), Object(Closure))
#48 /Users/elijahisrael/Desktop/Projects/chil/LARAVELBACKENDCHIL/vendor/laravel/framework/src/Illuminate/Foundation/Http/Middleware/PreventRequestsDuringMaintenance.php(110): Illuminate\\Pipeline\\Pipeline->{closure:{closure:Illuminate\\Pipeline\\Pipeline::carry():184}:185}(Object(Illuminate\\Http\\Request))
#49 /Users/elijahisrael/Desktop/Projects/chil/LARAVELBACKENDCHIL/vendor/laravel/framework/src/Illuminate/Pipeline/Pipeline.php(209): Illuminate\\Foundation\\Http\\Middleware\\PreventRequestsDuringMaintenance->handle(Object(Illuminate\\Http\\Request), Object(Closure))
#50 /Users/elijahisrael/Desktop/Projects/chil/LARAVELBACKENDCHIL/vendor/laravel/framework/src/Illuminate/Pipeline/Pipeline.php(127): Illuminate\\Pipeline\\Pipeline->{closure:{closure:Illuminate\\Pipeline\\Pipeline::carry():184}:185}(Object(Illuminate\\Http\\Request))
#51 /Users/elijahisrael/Desktop/Projects/chil/LARAVELBACKENDCHIL/vendor/laravel/framework/src/Illuminate/Foundation/Http/Kernel.php(176): Illuminate\\Pipeline\\Pipeline->then(Object(Closure))
#52 /Users/elijahisrael/Desktop/Projects/chil/LARAVELBACKENDCHIL/vendor/laravel/framework/src/Illuminate/Foundation/Http/Kernel.php(145): Illuminate\\Foundation\\Http\\Kernel->sendRequestThroughRouter(Object(Illuminate\\Http\\Request))
#53 /Users/elijahisrael/Desktop/Projects/chil/LARAVELBACKENDCHIL/public/index.php(54): Illuminate\\Foundation\\Http\\Kernel->handle(Object(Illuminate\\Http\\Request))
#54 /Users/elijahisrael/Desktop/Projects/chil/LARAVELBACKENDCHIL/server.php(21): require_once('/Users/elijahis...')
#55 {main}

[previous exception] [object] (Illuminate\\View\\ViewException(code: 0): Call to undefined function school() (View: /Users/elijahisrael/Desktop/Projects/chil/LARAVELBACKENDCHIL/resources/views/layouts/sidebar.blade.php) at /Users/elijahisrael/Desktop/Projects/chil/LARAVELBACKENDCHIL/storage/framework/views/c0667ced79c677f8fee0566ce64d6e5a.php:6)
[stacktrace]
#0 /Users/elijahisrael/Desktop/Projects/chil/LARAVELBACKENDCHIL/vendor/livewire/livewire/src/Mechanisms/ExtendBlade/ExtendedCompilerEngine.php(58): Illuminate\\View\\Engines\\CompilerEngine->handleViewException(Object(Error), 1)
#1 /Users/elijahisrael/Desktop/Projects/chil/LARAVELBACKENDCHIL/vendor/laravel/framework/src/Illuminate/View/Engines/PhpEngine.php(60): Livewire\\Mechanisms\\ExtendBlade\\ExtendedCompilerEngine->handleViewException(Object(Error), 1)
#2 /Users/elijahisrael/Desktop/Projects/chil/LARAVELBACKENDCHIL/vendor/livewire/livewire/src/Mechanisms/ExtendBlade/ExtendedCompilerEngine.php(22): Illuminate\\View\\Engines\\PhpEngine->evaluatePath('/Users/elijahis...', Array)
#3 /Users/elijahisrael/Desktop/Projects/chil/LARAVELBACKENDCHIL/vendor/laravel/framework/src/Illuminate/View/Engines/CompilerEngine.php(75): Livewire\\Mechanisms\\ExtendBlade\\ExtendedCompilerEngine->evaluatePath('/Users/elijahis...', Array)
#4 /Users/elijahisrael/Desktop/Projects/chil/LARAVELBACKENDCHIL/vendor/livewire/livewire/src/Mechanisms/ExtendBlade/ExtendedCompilerEngine.php(10): Illuminate\\View\\Engines\\CompilerEngine->get('/Users/elijahis...', Array)
#5 /Users/elijahisrael/Desktop/Projects/chil/LARAVELBACKENDCHIL/vendor/laravel/framework/src/Illuminate/View/View.php(209): Livewire\\Mechanisms\\ExtendBlade\\ExtendedCompilerEngine->get('/Users/elijahis...', Array)
#6 /Users/elijahisrael/Desktop/Projects/chil/LARAVELBACKENDCHIL/vendor/laravel/framework/src/Illuminate/View/View.php(192): Illuminate\\View\\View->getContents()
#7 /Users/elijahisrael/Desktop/Projects/chil/LARAVELBACKENDCHIL/vendor/laravel/framework/src/Illuminate/View/View.php(161): Illuminate\\View\\View->renderContents()
#8 /Users/elijahisrael/Desktop/Projects/chil/LARAVELBACKENDCHIL/storage/framework/views/41441880c795a5212f4bb7d3ff8044e6.php(128): Illuminate\\View\\View->render()
#9 /Users/elijahisrael/Desktop/Projects/chil/LARAVELBACKENDCHIL/vendor/laravel/framework/src/Illuminate/Filesystem/Filesystem.php(123): require('/Users/elijahis...')
#10 /Users/elijahisrael/Desktop/Projects/chil/LARAVELBACKENDCHIL/vendor/laravel/framework/src/Illuminate/Filesystem/Filesystem.php(124): Illuminate\\Filesystem\\Filesystem::{closure:Illuminate\\Filesystem\\Filesystem::getRequire():120}()
#11 /Users/elijahisrael/Desktop/Projects/chil/LARAVELBACKENDCHIL/vendor/laravel/framework/src/Illuminate/View/Engines/PhpEngine.php(58): Illuminate\\Filesystem\\Filesystem->getRequire('/Users/elijahis...', Array)
#12 /Users/elijahisrael/Desktop/Projects/chil/LARAVELBACKENDCHIL/vendor/livewire/livewire/src/Mechanisms/ExtendBlade/ExtendedCompilerEngine.php(22): Illuminate\\View\\Engines\\PhpEngine->evaluatePath('/Users/elijahis...', Array)
#13 /Users/elijahisrael/Desktop/Projects/chil/LARAVELBACKENDCHIL/vendor/laravel/framework/src/Illuminate/View/Engines/CompilerEngine.php(75): Livewire\\Mechanisms\\ExtendBlade\\ExtendedCompilerEngine->evaluatePath('/Users/elijahis...', Array)
#14 /Users/elijahisrael/Desktop/Projects/chil/LARAVELBACKENDCHIL/vendor/livewire/livewire/src/Mechanisms/ExtendBlade/ExtendedCompilerEngine.php(10): Illuminate\\View\\Engines\\CompilerEngine->get('/Users/elijahis...', Array)
#15 /Users/elijahisrael/Desktop/Projects/chil/LARAVELBACKENDCHIL/vendor/laravel/framework/src/Illuminate/View/View.php(209): Livewire\\Mechanisms\\ExtendBlade\\ExtendedCompilerEngine->get('/Users/elijahis...', Array)
#16 /Users/elijahisrael/Desktop/Projects/chil/LARAVELBACKENDCHIL/vendor/laravel/framework/src/Illuminate/View/View.php(192): Illuminate\\View\\View->getContents()
#17 /Users/elijahisrael/Desktop/Projects/chil/LARAVELBACKENDCHIL/vendor/laravel/framework/src/Illuminate/View/View.php(161): Illuminate\\View\\View->renderContents()
#18 /Users/elijahisrael/Desktop/Projects/chil/LARAVELBACKENDCHIL/vendor/laravel/framework/src/Illuminate/Http/Response.php(79): Illuminate\\View\\View->render()
#19 /Users/elijahisrael/Desktop/Projects/chil/LARAVELBACKENDCHIL/vendor/laravel/framework/src/Illuminate/Http/Response.php(35): Illuminate\\Http\\Response->setContent(Object(Illuminate\\View\\View))
#20 /Users/elijahisrael/Desktop/Projects/chil/LARAVELBACKENDCHIL/vendor/laravel/framework/src/Illuminate/Routing/Router.php(920): Illuminate\\Http\\Response->__construct(Object(Illuminate\\View\\View), 200, Array)
#21 /Users/elijahisrael/Desktop/Projects/chil/LARAVELBACKENDCHIL/vendor/laravel/framework/src/Illuminate/Routing/Router.php(887): Illuminate\\Routing\\Router::toResponse(Object(Illuminate\\Http\\Request), Object(Illuminate\\View\\View))
#22 /Users/elijahisrael/Desktop/Projects/chil/LARAVELBACKENDCHIL/vendor/laravel/framework/src/Illuminate/Routing/Router.php(807): Illuminate\\Routing\\Router->prepareResponse(Object(Illuminate\\Http\\Request), Object(Illuminate\\View\\View))
#23 /Users/elijahisrael/Desktop/Projects/chil/LARAVELBACKENDCHIL/vendor/laravel/framework/src/Illuminate/Pipeline/Pipeline.php(170): Illuminate\\Routing\\Router->{closure:Illuminate\\Routing\\Router::runRouteWithinStack():807}(Object(Illuminate\\Http\\Request))
#24 /Users/elijahisrael/Desktop/Projects/chil/LARAVELBACKENDCHIL/vendor/laravel/framework/src/Illuminate/Routing/Middleware/SubstituteBindings.php(51): Illuminate\\Pipeline\\Pipeline->{closure:Illuminate\\Pipeline\\Pipeline::prepareDestination():168}(Object(Illuminate\\Http\\Request))
#25 /Users/elijahisrael/Desktop/Projects/chil/LARAVELBACKENDCHIL/vendor/laravel/framework/src/Illuminate/Pipeline/Pipeline.php(209): Illuminate\\Routing\\Middleware\\SubstituteBindings->handle(Object(Illuminate\\Http\\Request), Object(Closure))
#26 /Users/elijahisrael/Desktop/Projects/chil/LARAVELBACKENDCHIL/vendor/laravel/framework/src/Illuminate/Foundation/Http/Middleware/VerifyCsrfToken.php(88): Illuminate\\Pipeline\\Pipeline->{closure:{closure:Illuminate\\Pipeline\\Pipeline::carry():184}:185}(Object(Illuminate\\Http\\Request))
#27 /Users/elijahisrael/Desktop/Projects/chil/LARAVELBACKENDCHIL/vendor/laravel/framework/src/Illuminate/Pipeline/Pipeline.php(209): Illuminate\\Foundation\\Http\\Middleware\\VerifyCsrfToken->handle(Object(Illuminate\\Http\\Request), Object(Closure))
#28 /Users/elijahisrael/Desktop/Projects/chil/LARAVELBACKENDCHIL/vendor/laravel/framework/src/Illuminate/View/Middleware/ShareErrorsFromSession.php(49): Illuminate\\Pipeline\\Pipeline->{closure:{closure:Illuminate\\Pipeline\\Pipeline::carry():184}:185}(Object(Illuminate\\Http\\Request))
#29 /Users/elijahisrael/Desktop/Projects/chil/LARAVELBACKENDCHIL/vendor/laravel/framework/src/Illuminate/Pipeline/Pipeline.php(209): Illuminate\\View\\Middleware\\ShareErrorsFromSession->handle(Object(Illuminate\\Http\\Request), Object(Closure))
#30 /Users/elijahisrael/Desktop/Projects/chil/LARAVELBACKENDCHIL/vendor/laravel/framework/src/Illuminate/Session/Middleware/StartSession.php(121): Illuminate\\Pipeline\\Pipeline->{closure:{closure:Illuminate\\Pipeline\\Pipeline::carry():184}:185}(Object(Illuminate\\Http\\Request))
#31 /Users/elijahisrael/Desktop/Projects/chil/LARAVELBACKENDCHIL/vendor/laravel/framework/src/Illuminate/Session/Middleware/StartSession.php(64): Illuminate\\Session\\Middleware\\StartSession->handleStatefulRequest(Object(Illuminate\\Http\\Request), Object(Illuminate\\Session\\Store), Object(Closure))
#32 /Users/elijahisrael/Desktop/Projects/chil/LARAVELBACKENDCHIL/vendor/laravel/framework/src/Illuminate/Pipeline/Pipeline.php(209): Illuminate\\Session\\Middleware\\StartSession->handle(Object(Illuminate\\Http\\Request), Object(Closure))
#33 /Users/elijahisrael/Desktop/Projects/chil/LARAVELBACKENDCHIL/vendor/laravel/framework/src/Illuminate/Cookie/Middleware/AddQueuedCookiesToResponse.php(37): Illuminate\\Pipeline\\Pipeline->{closure:{closure:Illuminate\\Pipeline\\Pipeline::carry():184}:185}(Object(Illuminate\\Http\\Request))
#34 /Users/elijahisrael/Desktop/Projects/chil/LARAVELBACKENDCHIL/vendor/laravel/framework/src/Illuminate/Pipeline/Pipeline.php(209): Illuminate\\Cookie\\Middleware\\AddQueuedCookiesToResponse->handle(Object(Illuminate\\Http\\Request), Object(Closure))
#35 /Users/elijahisrael/Desktop/Projects/chil/LARAVELBACKENDCHIL/vendor/laravel/framework/src/Illuminate/Cookie/Middleware/EncryptCookies.php(75): Illuminate\\Pipeline\\Pipeline->{closure:{closure:Illuminate\\Pipeline\\Pipeline::carry():184}:185}(Object(Illuminate\\Http\\Request))
#36 /Users/elijahisrael/Desktop/Projects/chil/LARAVELBACKENDCHIL/vendor/laravel/framework/src/Illuminate/Pipeline/Pipeline.php(209): Illuminate\\Cookie\\Middleware\\EncryptCookies->handle(Object(Illuminate\\Http\\Request), Object(Closure))
#37 /Users/elijahisrael/Desktop/Projects/chil/LARAVELBACKENDCHIL/vendor/laravel/framework/src/Illuminate/Pipeline/Pipeline.php(127): Illuminate\\Pipeline\\Pipeline->{closure:{closure:Illuminate\\Pipeline\\Pipeline::carry():184}:185}(Object(Illuminate\\Http\\Request))
#38 /Users/elijahisrael/Desktop/Projects/chil/LARAVELBACKENDCHIL/vendor/laravel/framework/src/Illuminate/Routing/Router.php(807): Illuminate\\Pipeline\\Pipeline->then(Object(Closure))
#39 /Users/elijahisrael/Desktop/Projects/chil/LARAVELBACKENDCHIL/vendor/laravel/framework/src/Illuminate/Routing/Router.php(786): Illuminate\\Routing\\Router->runRouteWithinStack(Object(Illuminate\\Routing\\Route), Object(Illuminate\\Http\\Request))
#40 /Users/elijahisrael/Desktop/Projects/chil/LARAVELBACKENDCHIL/vendor/laravel/framework/src/Illuminate/Routing/Router.php(750): Illuminate\\Routing\\Router->runRoute(Object(Illuminate\\Http\\Request), Object(Illuminate\\Routing\\Route))
#41 /Users/elijahisrael/Desktop/Projects/chil/LARAVELBACKENDCHIL/vendor/laravel/framework/src/Illuminate/Routing/Router.php(739): Illuminate\\Routing\\Router->dispatchToRoute(Object(Illuminate\\Http\\Request))
#42 /Users/elijahisrael/Desktop/Projects/chil/LARAVELBACKENDCHIL/vendor/laravel/framework/src/Illuminate/Foundation/Http/Kernel.php(201): Illuminate\\Routing\\Router->dispatch(Object(Illuminate\\Http\\Request))
#43 /Users/elijahisrael/Desktop/Projects/chil/LARAVELBACKENDCHIL/vendor/laravel/framework/src/Illuminate/Pipeline/Pipeline.php(170): Illuminate\\Foundation\\Http\\Kernel->{closure:Illuminate\\Foundation\\Http\\Kernel::dispatchToRouter():198}(Object(Illuminate\\Http\\Request))
#44 /Users/elijahisrael/Desktop/Projects/chil/LARAVELBACKENDCHIL/vendor/livewire/livewire/src/Features/SupportDisablingBackButtonCache/DisableBackButtonCacheMiddleware.php(19): Illuminate\\Pipeline\\Pipeline->{closure:Illuminate\\Pipeline\\Pipeline::prepareDestination():168}(Object(Illuminate\\Http\\Request))
#45 /Users/elijahisrael/Desktop/Projects/chil/LARAVELBACKENDCHIL/vendor/laravel/framework/src/Illuminate/Pipeline/Pipeline.php(209): Livewire\\Features\\SupportDisablingBackButtonCache\\DisableBackButtonCacheMiddleware->handle(Object(Illuminate\\Http\\Request), Object(Closure))
#46 /Users/elijahisrael/Desktop/Projects/chil/LARAVELBACKENDCHIL/app/Http/Middleware/Cors.php(31): Illuminate\\Pipeline\\Pipeline->{closure:{closure:Illuminate\\Pipeline\\Pipeline::carry():184}:185}(Object(Illuminate\\Http\\Request))
#47 /Users/elijahisrael/Desktop/Projects/chil/LARAVELBACKENDCHIL/vendor/laravel/framework/src/Illuminate/Pipeline/Pipeline.php(209): App\\Http\\Middleware\\Cors->handle(Object(Illuminate\\Http\\Request), Object(Closure))
#48 /Users/elijahisrael/Desktop/Projects/chil/LARAVELBACKENDCHIL/vendor/laravel/framework/src/Illuminate/Http/Middleware/TrustProxies.php(58): Illuminate\\Pipeline\\Pipeline->{closure:{closure:Illuminate\\Pipeline\\Pipeline::carry():184}:185}(Object(Illuminate\\Http\\Request))
#49 /Users/elijahisrael/Desktop/Projects/chil/LARAVELBACKENDCHIL/vendor/laravel/framework/src/Illuminate/Pipeline/Pipeline.php(209): Illuminate\\Http\\Middleware\\TrustProxies->handle(Object(Illuminate\\Http\\Request), Object(Closure))
#50 /Users/elijahisrael/Desktop/Projects/chil/LARAVELBACKENDCHIL/vendor/laravel/framework/src/Illuminate/Foundation/Http/Middleware/TransformsRequest.php(21): Illuminate\\Pipeline\\Pipeline->{closure:{closure:Illuminate\\Pipeline\\Pipeline::carry():184}:185}(Object(Illuminate\\Http\\Request))
#51 /Users/elijahisrael/Desktop/Projects/chil/LARAVELBACKENDCHIL/vendor/laravel/framework/src/Illuminate/Foundation/Http/Middleware/ConvertEmptyStringsToNull.php(31): Illuminate\\Foundation\\Http\\Middleware\\TransformsRequest->handle(Object(Illuminate\\Http\\Request), Object(Closure))
#52 /Users/elijahisrael/Desktop/Projects/chil/LARAVELBACKENDCHIL/vendor/laravel/framework/src/Illuminate/Pipeline/Pipeline.php(209): Illuminate\\Foundation\\Http\\Middleware\\ConvertEmptyStringsToNull->handle(Object(Illuminate\\Http\\Request), Object(Closure))
#53 /Users/elijahisrael/Desktop/Projects/chil/LARAVELBACKENDCHIL/vendor/laravel/framework/src/Illuminate/Foundation/Http/Middleware/TransformsRequest.php(21): Illuminate\\Pipeline\\Pipeline->{closure:{closure:Illuminate\\Pipeline\\Pipeline::carry():184}:185}(Object(Illuminate\\Http\\Request))
#54 /Users/elijahisrael/Desktop/Projects/chil/LARAVELBACKENDCHIL/vendor/laravel/framework/src/Illuminate/Foundation/Http/Middleware/TrimStrings.php(51): Illuminate\\Foundation\\Http\\Middleware\\TransformsRequest->handle(Object(Illuminate\\Http\\Request), Object(Closure))
#55 /Users/elijahisrael/Desktop/Projects/chil/LARAVELBACKENDCHIL/vendor/laravel/framework/src/Illuminate/Pipeline/Pipeline.php(209): Illuminate\\Foundation\\Http\\Middleware\\TrimStrings->handle(Object(Illuminate\\Http\\Request), Object(Closure))
#56 /Users/elijahisrael/Desktop/Projects/chil/LARAVELBACKENDCHIL/vendor/laravel/framework/src/Illuminate/Http/Middleware/ValidatePostSize.php(27): Illuminate\\Pipeline\\Pipeline->{closure:{closure:Illuminate\\Pipeline\\Pipeline::carry():184}:185}(Object(Illuminate\\Http\\Request))
#57 /Users/elijahisrael/Desktop/Projects/chil/LARAVELBACKENDCHIL/vendor/laravel/framework/src/Illuminate/Pipeline/Pipeline.php(209): Illuminate\\Http\\Middleware\\ValidatePostSize->handle(Object(Illuminate\\Http\\Request), Object(Closure))
#58 /Users/elijahisrael/Desktop/Projects/chil/LARAVELBACKENDCHIL/vendor/laravel/framework/src/Illuminate/Foundation/Http/Middleware/PreventRequestsDuringMaintenance.php(110): Illuminate\\Pipeline\\Pipeline->{closure:{closure:Illuminate\\Pipeline\\Pipeline::carry():184}:185}(Object(Illuminate\\Http\\Request))
#59 /Users/elijahisrael/Desktop/Projects/chil/LARAVELBACKENDCHIL/vendor/laravel/framework/src/Illuminate/Pipeline/Pipeline.php(209): Illuminate\\Foundation\\Http\\Middleware\\PreventRequestsDuringMaintenance->handle(Object(Illuminate\\Http\\Request), Object(Closure))
#60 /Users/elijahisrael/Desktop/Projects/chil/LARAVELBACKENDCHIL/vendor/laravel/framework/src/Illuminate/Pipeline/Pipeline.php(127): Illuminate\\Pipeline\\Pipeline->{closure:{closure:Illuminate\\Pipeline\\Pipeline::carry():184}:185}(Object(Illuminate\\Http\\Request))
#61 /Users/elijahisrael/Desktop/Projects/chil/LARAVELBACKENDCHIL/vendor/laravel/framework/src/Illuminate/Foundation/Http/Kernel.php(176): Illuminate\\Pipeline\\Pipeline->then(Object(Closure))
#62 /Users/elijahisrael/Desktop/Projects/chil/LARAVELBACKENDCHIL/vendor/laravel/framework/src/Illuminate/Foundation/Http/Kernel.php(145): Illuminate\\Foundation\\Http\\Kernel->sendRequestThroughRouter(Object(Illuminate\\Http\\Request))
#63 /Users/elijahisrael/Desktop/Projects/chil/LARAVELBACKENDCHIL/public/index.php(54): Illuminate\\Foundation\\Http\\Kernel->handle(Object(Illuminate\\Http\\Request))
#64 /Users/elijahisrael/Desktop/Projects/chil/LARAVELBACKENDCHIL/server.php(21): require_once('/Users/elijahis...')
#65 {main}

[previous exception] [object] (Error(code: 0): Call to undefined function school() at /Users/elijahisrael/Desktop/Projects/chil/LARAVELBACKENDCHIL/storage/framework/views/c0667ced79c677f8fee0566ce64d6e5a.php:6)
[stacktrace]
#0 /Users/elijahisrael/Desktop/Projects/chil/LARAVELBACKENDCHIL/vendor/laravel/framework/src/Illuminate/Filesystem/Filesystem.php(123): require()
#1 /Users/elijahisrael/Desktop/Projects/chil/LARAVELBACKENDCHIL/vendor/laravel/framework/src/Illuminate/Filesystem/Filesystem.php(124): Illuminate\\Filesystem\\Filesystem::{closure:Illuminate\\Filesystem\\Filesystem::getRequire():120}()
#2 /Users/elijahisrael/Desktop/Projects/chil/LARAVELBACKENDCHIL/vendor/laravel/framework/src/Illuminate/View/Engines/PhpEngine.php(58): Illuminate\\Filesystem\\Filesystem->getRequire('/Users/elijahis...', Array)
#3 /Users/elijahisrael/Desktop/Projects/chil/LARAVELBACKENDCHIL/vendor/livewire/livewire/src/Mechanisms/ExtendBlade/ExtendedCompilerEngine.php(22): Illuminate\\View\\Engines\\PhpEngine->evaluatePath('/Users/elijahis...', Array)
#4 /Users/elijahisrael/Desktop/Projects/chil/LARAVELBACKENDCHIL/vendor/laravel/framework/src/Illuminate/View/Engines/CompilerEngine.php(75): Livewire\\Mechanisms\\ExtendBlade\\ExtendedCompilerEngine->evaluatePath('/Users/elijahis...', Array)
#5 /Users/elijahisrael/Desktop/Projects/chil/LARAVELBACKENDCHIL/vendor/livewire/livewire/src/Mechanisms/ExtendBlade/ExtendedCompilerEngine.php(10): Illuminate\\View\\Engines\\CompilerEngine->get('/Users/elijahis...', Array)
#6 /Users/elijahisrael/Desktop/Projects/chil/LARAVELBACKENDCHIL/vendor/laravel/framework/src/Illuminate/View/View.php(209): Livewire\\Mechanisms\\ExtendBlade\\ExtendedCompilerEngine->get('/Users/elijahis...', Array)
#7 /Users/elijahisrael/Desktop/Projects/chil/LARAVELBACKENDCHIL/vendor/laravel/framework/src/Illuminate/View/View.php(192): Illuminate\\View\\View->getContents()
#8 /Users/elijahisrael/Desktop/Projects/chil/LARAVELBACKENDCHIL/vendor/laravel/framework/src/Illuminate/View/View.php(161): Illuminate\\View\\View->renderContents()
#9 /Users/elijahisrael/Desktop/Projects/chil/LARAVELBACKENDCHIL/storage/framework/views/41441880c795a5212f4bb7d3ff8044e6.php(128): Illuminate\\View\\View->render()
#10 /Users/elijahisrael/Desktop/Projects/chil/LARAVELBACKENDCHIL/vendor/laravel/framework/src/Illuminate/Filesystem/Filesystem.php(123): require('/Users/elijahis...')
#11 /Users/elijahisrael/Desktop/Projects/chil/LARAVELBACKENDCHIL/vendor/laravel/framework/src/Illuminate/Filesystem/Filesystem.php(124): Illuminate\\Filesystem\\Filesystem::{closure:Illuminate\\Filesystem\\Filesystem::getRequire():120}()
#12 /Users/elijahisrael/Desktop/Projects/chil/LARAVELBACKENDCHIL/vendor/laravel/framework/src/Illuminate/View/Engines/PhpEngine.php(58): Illuminate\\Filesystem\\Filesystem->getRequire('/Users/elijahis...', Array)
#13 /Users/elijahisrael/Desktop/Projects/chil/LARAVELBACKENDCHIL/vendor/livewire/livewire/src/Mechanisms/ExtendBlade/ExtendedCompilerEngine.php(22): Illuminate\\View\\Engines\\PhpEngine->evaluatePath('/Users/elijahis...', Array)
#14 /Users/elijahisrael/Desktop/Projects/chil/LARAVELBACKENDCHIL/vendor/laravel/framework/src/Illuminate/View/Engines/CompilerEngine.php(75): Livewire\\Mechanisms\\ExtendBlade\\ExtendedCompilerEngine->evaluatePath('/Users/elijahis...', Array)
#15 /Users/elijahisrael/Desktop/Projects/chil/LARAVELBACKENDCHIL/vendor/livewire/livewire/src/Mechanisms/ExtendBlade/ExtendedCompilerEngine.php(10): Illuminate\\View\\Engines\\CompilerEngine->get('/Users/elijahis...', Array)
#16 /Users/elijahisrael/Desktop/Projects/chil/LARAVELBACKENDCHIL/vendor/laravel/framework/src/Illuminate/View/View.php(209): Livewire\\Mechanisms\\ExtendBlade\\ExtendedCompilerEngine->get('/Users/elijahis...', Array)
#17 /Users/elijahisrael/Desktop/Projects/chil/LARAVELBACKENDCHIL/vendor/laravel/framework/src/Illuminate/View/View.php(192): Illuminate\\View\\View->getContents()
#18 /Users/elijahisrael/Desktop/Projects/chil/LARAVELBACKENDCHIL/vendor/laravel/framework/src/Illuminate/View/View.php(161): Illuminate\\View\\View->renderContents()
#19 /Users/elijahisrael/Desktop/Projects/chil/LARAVELBACKENDCHIL/vendor/laravel/framework/src/Illuminate/Http/Response.php(79): Illuminate\\View\\View->render()
#20 /Users/elijahisrael/Desktop/Projects/chil/LARAVELBACKENDCHIL/vendor/laravel/framework/src/Illuminate/Http/Response.php(35): Illuminate\\Http\\Response->setContent(Object(Illuminate\\View\\View))
#21 /Users/elijahisrael/Desktop/Projects/chil/LARAVELBACKENDCHIL/vendor/laravel/framework/src/Illuminate/Routing/Router.php(920): Illuminate\\Http\\Response->__construct(Object(Illuminate\\View\\View), 200, Array)
#22 /Users/elijahisrael/Desktop/Projects/chil/LARAVELBACKENDCHIL/vendor/laravel/framework/src/Illuminate/Routing/Router.php(887): Illuminate\\Routing\\Router::toResponse(Object(Illuminate\\Http\\Request), Object(Illuminate\\View\\View))
#23 /Users/elijahisrael/Desktop/Projects/chil/LARAVELBACKENDCHIL/vendor/laravel/framework/src/Illuminate/Routing/Router.php(807): Illuminate\\Routing\\Router->prepareResponse(Object(Illuminate\\Http\\Request), Object(Illuminate\\View\\View))
#24 /Users/elijahisrael/Desktop/Projects/chil/LARAVELBACKENDCHIL/vendor/laravel/framework/src/Illuminate/Pipeline/Pipeline.php(170): Illuminate\\Routing\\Router->{closure:Illuminate\\Routing\\Router::runRouteWithinStack():807}(Object(Illuminate\\Http\\Request))
#25 /Users/elijahisrael/Desktop/Projects/chil/LARAVELBACKENDCHIL/vendor/laravel/framework/src/Illuminate/Routing/Middleware/SubstituteBindings.php(51): Illuminate\\Pipeline\\Pipeline->{closure:Illuminate\\Pipeline\\Pipeline::prepareDestination():168}(Object(Illuminate\\Http\\Request))
#26 /Users/elijahisrael/Desktop/Projects/chil/LARAVELBACKENDCHIL/vendor/laravel/framework/src/Illuminate/Pipeline/Pipeline.php(209): Illuminate\\Routing\\Middleware\\SubstituteBindings->handle(Object(Illuminate\\Http\\Request), Object(Closure))
#27 /Users/elijahisrael/Desktop/Projects/chil/LARAVELBACKENDCHIL/vendor/laravel/framework/src/Illuminate/Foundation/Http/Middleware/VerifyCsrfToken.php(88): Illuminate\\Pipeline\\Pipeline->{closure:{closure:Illuminate\\Pipeline\\Pipeline::carry():184}:185}(Object(Illuminate\\Http\\Request))
#28 /Users/elijahisrael/Desktop/Projects/chil/LARAVELBACKENDCHIL/vendor/laravel/framework/src/Illuminate/Pipeline/Pipeline.php(209): Illuminate\\Foundation\\Http\\Middleware\\VerifyCsrfToken->handle(Object(Illuminate\\Http\\Request), Object(Closure))
#29 /Users/elijahisrael/Desktop/Projects/chil/LARAVELBACKENDCHIL/vendor/laravel/framework/src/Illuminate/View/Middleware/ShareErrorsFromSession.php(49): Illuminate\\Pipeline\\Pipeline->{closure:{closure:Illuminate\\Pipeline\\Pipeline::carry():184}:185}(Object(Illuminate\\Http\\Request))
#30 /Users/elijahisrael/Desktop/Projects/chil/LARAVELBACKENDCHIL/vendor/laravel/framework/src/Illuminate/Pipeline/Pipeline.php(209): Illuminate\\View\\Middleware\\ShareErrorsFromSession->handle(Object(Illuminate\\Http\\Request), Object(Closure))
#31 /Users/elijahisrael/Desktop/Projects/chil/LARAVELBACKENDCHIL/vendor/laravel/framework/src/Illuminate/Session/Middleware/StartSession.php(121): Illuminate\\Pipeline\\Pipeline->{closure:{closure:Illuminate\\Pipeline\\Pipeline::carry():184}:185}(Object(Illuminate\\Http\\Request))
#32 /Users/elijahisrael/Desktop/Projects/chil/LARAVELBACKENDCHIL/vendor/laravel/framework/src/Illuminate/Session/Middleware/StartSession.php(64): Illuminate\\Session\\Middleware\\StartSession->handleStatefulRequest(Object(Illuminate\\Http\\Request), Object(Illuminate\\Session\\Store), Object(Closure))
#33 /Users/elijahisrael/Desktop/Projects/chil/LARAVELBACKENDCHIL/vendor/laravel/framework/src/Illuminate/Pipeline/Pipeline.php(209): Illuminate\\Session\\Middleware\\StartSession->handle(Object(Illuminate\\Http\\Request), Object(Closure))
#34 /Users/elijahisrael/Desktop/Projects/chil/LARAVELBACKENDCHIL/vendor/laravel/framework/src/Illuminate/Cookie/Middleware/AddQueuedCookiesToResponse.php(37): Illuminate\\Pipeline\\Pipeline->{closure:{closure:Illuminate\\Pipeline\\Pipeline::carry():184}:185}(Object(Illuminate\\Http\\Request))
#35 /Users/elijahisrael/Desktop/Projects/chil/LARAVELBACKENDCHIL/vendor/laravel/framework/src/Illuminate/Pipeline/Pipeline.php(209): Illuminate\\Cookie\\Middleware\\AddQueuedCookiesToResponse->handle(Object(Illuminate\\Http\\Request), Object(Closure))
#36 /Users/elijahisrael/Desktop/Projects/chil/LARAVELBACKENDCHIL/vendor/laravel/framework/src/Illuminate/Cookie/Middleware/EncryptCookies.php(75): Illuminate\\Pipeline\\Pipeline->{closure:{closure:Illuminate\\Pipeline\\Pipeline::carry():184}:185}(Object(Illuminate\\Http\\Request))
#37 /Users/elijahisrael/Desktop/Projects/chil/LARAVELBACKENDCHIL/vendor/laravel/framework/src/Illuminate/Pipeline/Pipeline.php(209): Illuminate\\Cookie\\Middleware\\EncryptCookies->handle(Object(Illuminate\\Http\\Request), Object(Closure))
#38 /Users/elijahisrael/Desktop/Projects/chil/LARAVELBACKENDCHIL/vendor/laravel/framework/src/Illuminate/Pipeline/Pipeline.php(127): Illuminate\\Pipeline\\Pipeline->{closure:{closure:Illuminate\\Pipeline\\Pipeline::carry():184}:185}(Object(Illuminate\\Http\\Request))
#39 /Users/elijahisrael/Desktop/Projects/chil/LARAVELBACKENDCHIL/vendor/laravel/framework/src/Illuminate/Routing/Router.php(807): Illuminate\\Pipeline\\Pipeline->then(Object(Closure))
#40 /Users/elijahisrael/Desktop/Projects/chil/LARAVELBACKENDCHIL/vendor/laravel/framework/src/Illuminate/Routing/Router.php(786): Illuminate\\Routing\\Router->runRouteWithinStack(Object(Illuminate\\Routing\\Route), Object(Illuminate\\Http\\Request))
#41 /Users/elijahisrael/Desktop/Projects/chil/LARAVELBACKENDCHIL/vendor/laravel/framework/src/Illuminate/Routing/Router.php(750): Illuminate\\Routing\\Router->runRoute(Object(Illuminate\\Http\\Request), Object(Illuminate\\Routing\\Route))
#42 /Users/elijahisrael/Desktop/Projects/chil/LARAVELBACKENDCHIL/vendor/laravel/framework/src/Illuminate/Routing/Router.php(739): Illuminate\\Routing\\Router->dispatchToRoute(Object(Illuminate\\Http\\Request))
#43 /Users/elijahisrael/Desktop/Projects/chil/LARAVELBACKENDCHIL/vendor/laravel/framework/src/Illuminate/Foundation/Http/Kernel.php(201): Illuminate\\Routing\\Router->dispatch(Object(Illuminate\\Http\\Request))
#44 /Users/elijahisrael/Desktop/Projects/chil/LARAVELBACKENDCHIL/vendor/laravel/framework/src/Illuminate/Pipeline/Pipeline.php(170): Illuminate\\Foundation\\Http\\Kernel->{closure:Illuminate\\Foundation\\Http\\Kernel::dispatchToRouter():198}(Object(Illuminate\\Http\\Request))
#45 /Users/elijahisrael/Desktop/Projects/chil/LARAVELBACKENDCHIL/vendor/livewire/livewire/src/Features/SupportDisablingBackButtonCache/DisableBackButtonCacheMiddleware.php(19): Illuminate\\Pipeline\\Pipeline->{closure:Illuminate\\Pipeline\\Pipeline::prepareDestination():168}(Object(Illuminate\\Http\\Request))
#46 /Users/elijahisrael/Desktop/Projects/chil/LARAVELBACKENDCHIL/vendor/laravel/framework/src/Illuminate/Pipeline/Pipeline.php(209): Livewire\\Features\\SupportDisablingBackButtonCache\\DisableBackButtonCacheMiddleware->handle(Object(Illuminate\\Http\\Request), Object(Closure))
#47 /Users/elijahisrael/Desktop/Projects/chil/LARAVELBACKENDCHIL/app/Http/Middleware/Cors.php(31): Illuminate\\Pipeline\\Pipeline->{closure:{closure:Illuminate\\Pipeline\\Pipeline::carry():184}:185}(Object(Illuminate\\Http\\Request))
#48 /Users/elijahisrael/Desktop/Projects/chil/LARAVELBACKENDCHIL/vendor/laravel/framework/src/Illuminate/Pipeline/Pipeline.php(209): App\\Http\\Middleware\\Cors->handle(Object(Illuminate\\Http\\Request), Object(Closure))
#49 /Users/elijahisrael/Desktop/Projects/chil/LARAVELBACKENDCHIL/vendor/laravel/framework/src/Illuminate/Http/Middleware/TrustProxies.php(58): Illuminate\\Pipeline\\Pipeline->{closure:{closure:Illuminate\\Pipeline\\Pipeline::carry():184}:185}(Object(Illuminate\\Http\\Request))
#50 /Users/elijahisrael/Desktop/Projects/chil/LARAVELBACKENDCHIL/vendor/laravel/framework/src/Illuminate/Pipeline/Pipeline.php(209): Illuminate\\Http\\Middleware\\TrustProxies->handle(Object(Illuminate\\Http\\Request), Object(Closure))
#51 /Users/elijahisrael/Desktop/Projects/chil/LARAVELBACKENDCHIL/vendor/laravel/framework/src/Illuminate/Foundation/Http/Middleware/TransformsRequest.php(21): Illuminate\\Pipeline\\Pipeline->{closure:{closure:Illuminate\\Pipeline\\Pipeline::carry():184}:185}(Object(Illuminate\\Http\\Request))
#52 /Users/elijahisrael/Desktop/Projects/chil/LARAVELBACKENDCHIL/vendor/laravel/framework/src/Illuminate/Foundation/Http/Middleware/ConvertEmptyStringsToNull.php(31): Illuminate\\Foundation\\Http\\Middleware\\TransformsRequest->handle(Object(Illuminate\\Http\\Request), Object(Closure))
#53 /Users/elijahisrael/Desktop/Projects/chil/LARAVELBACKENDCHIL/vendor/laravel/framework/src/Illuminate/Pipeline/Pipeline.php(209): Illuminate\\Foundation\\Http\\Middleware\\ConvertEmptyStringsToNull->handle(Object(Illuminate\\Http\\Request), Object(Closure))
#54 /Users/elijahisrael/Desktop/Projects/chil/LARAVELBACKENDCHIL/vendor/laravel/framework/src/Illuminate/Foundation/Http/Middleware/TransformsRequest.php(21): Illuminate\\Pipeline\\Pipeline->{closure:{closure:Illuminate\\Pipeline\\Pipeline::carry():184}:185}(Object(Illuminate\\Http\\Request))
#55 /Users/elijahisrael/Desktop/Projects/chil/LARAVELBACKENDCHIL/vendor/laravel/framework/src/Illuminate/Foundation/Http/Middleware/TrimStrings.php(51): Illuminate\\Foundation\\Http\\Middleware\\TransformsRequest->handle(Object(Illuminate\\Http\\Request), Object(Closure))
#56 /Users/elijahisrael/Desktop/Projects/chil/LARAVELBACKENDCHIL/vendor/laravel/framework/src/Illuminate/Pipeline/Pipeline.php(209): Illuminate\\Foundation\\Http\\Middleware\\TrimStrings->handle(Object(Illuminate\\Http\\Request), Object(Closure))
#57 /Users/elijahisrael/Desktop/Projects/chil/LARAVELBACKENDCHIL/vendor/laravel/framework/src/Illuminate/Http/Middleware/ValidatePostSize.php(27): Illuminate\\Pipeline\\Pipeline->{closure:{closure:Illuminate\\Pipeline\\Pipeline::carry():184}:185}(Object(Illuminate\\Http\\Request))
#58 /Users/elijahisrael/Desktop/Projects/chil/LARAVELBACKENDCHIL/vendor/laravel/framework/src/Illuminate/Pipeline/Pipeline.php(209): Illuminate\\Http\\Middleware\\ValidatePostSize->handle(Object(Illuminate\\Http\\Request), Object(Closure))
#59 /Users/elijahisrael/Desktop/Projects/chil/LARAVELBACKENDCHIL/vendor/laravel/framework/src/Illuminate/Foundation/Http/Middleware/PreventRequestsDuringMaintenance.php(110): Illuminate\\Pipeline\\Pipeline->{closure:{closure:Illuminate\\Pipeline\\Pipeline::carry():184}:185}(Object(Illuminate\\Http\\Request))
#60 /Users/elijahisrael/Desktop/Projects/chil/LARAVELBACKENDCHIL/vendor/laravel/framework/src/Illuminate/Pipeline/Pipeline.php(209): Illuminate\\Foundation\\Http\\Middleware\\PreventRequestsDuringMaintenance->handle(Object(Illuminate\\Http\\Request), Object(Closure))
#61 /Users/elijahisrael/Desktop/Projects/chil/LARAVELBACKENDCHIL/vendor/laravel/framework/src/Illuminate/Pipeline/Pipeline.php(127): Illuminate\\Pipeline\\Pipeline->{closure:{closure:Illuminate\\Pipeline\\Pipeline::carry():184}:185}(Object(Illuminate\\Http\\Request))
#62 /Users/elijahisrael/Desktop/Projects/chil/LARAVELBACKENDCHIL/vendor/laravel/framework/src/Illuminate/Foundation/Http/Kernel.php(176): Illuminate\\Pipeline\\Pipeline->then(Object(Closure))
#63 /Users/elijahisrael/Desktop/Projects/chil/LARAVELBACKENDCHIL/vendor/laravel/framework/src/Illuminate/Foundation/Http/Kernel.php(145): Illuminate\\Foundation\\Http\\Kernel->sendRequestThroughRouter(Object(Illuminate\\Http\\Request))
#64 /Users/elijahisrael/Desktop/Projects/chil/LARAVELBACKENDCHIL/public/index.php(54): Illuminate\\Foundation\\Http\\Kernel->handle(Object(Illuminate\\Http\\Request))
#65 /Users/elijahisrael/Desktop/Projects/chil/LARAVELBACKENDCHIL/server.php(21): require_once('/Users/elijahis...')
#66 {main}
"} 
[2025-09-30 16:39:41] local.ERROR: Call to undefined function school() (View: /Users/elijahisrael/Desktop/Projects/chil/LARAVELBACKENDCHIL/resources/views/layouts/sidebar.blade.php) (View: /Users/elijahisrael/Desktop/Projects/chil/LARAVELBACKENDCHIL/resources/views/layouts/sidebar.blade.php) {"exception":"[object] (Illuminate\\View\\ViewException(code: 0): Call to undefined function school() (View: /Users/elijahisrael/Desktop/Projects/chil/LARAVELBACKENDCHIL/resources/views/layouts/sidebar.blade.php) (View: /Users/elijahisrael/Desktop/Projects/chil/LARAVELBACKENDCHIL/resources/views/layouts/sidebar.blade.php) at /Users/elijahisrael/Desktop/Projects/chil/LARAVELBACKENDCHIL/storage/framework/views/c0667ced79c677f8fee0566ce64d6e5a.php:6)
[stacktrace]
#0 /Users/elijahisrael/Desktop/Projects/chil/LARAVELBACKENDCHIL/vendor/livewire/livewire/src/Mechanisms/ExtendBlade/ExtendedCompilerEngine.php(58): Illuminate\\View\\Engines\\CompilerEngine->handleViewException(Object(Illuminate\\View\\ViewException), 0)
#1 /Users/elijahisrael/Desktop/Projects/chil/LARAVELBACKENDCHIL/vendor/laravel/framework/src/Illuminate/View/Engines/PhpEngine.php(60): Livewire\\Mechanisms\\ExtendBlade\\ExtendedCompilerEngine->handleViewException(Object(Illuminate\\View\\ViewException), 0)
#2 /Users/elijahisrael/Desktop/Projects/chil/LARAVELBACKENDCHIL/vendor/livewire/livewire/src/Mechanisms/ExtendBlade/ExtendedCompilerEngine.php(22): Illuminate\\View\\Engines\\PhpEngine->evaluatePath('/Users/elijahis...', Array)
#3 /Users/elijahisrael/Desktop/Projects/chil/LARAVELBACKENDCHIL/vendor/laravel/framework/src/Illuminate/View/Engines/CompilerEngine.php(75): Livewire\\Mechanisms\\ExtendBlade\\ExtendedCompilerEngine->evaluatePath('/Users/elijahis...', Array)
#4 /Users/elijahisrael/Desktop/Projects/chil/LARAVELBACKENDCHIL/vendor/livewire/livewire/src/Mechanisms/ExtendBlade/ExtendedCompilerEngine.php(10): Illuminate\\View\\Engines\\CompilerEngine->get('/Users/elijahis...', Array)
#5 /Users/elijahisrael/Desktop/Projects/chil/LARAVELBACKENDCHIL/vendor/laravel/framework/src/Illuminate/View/View.php(209): Livewire\\Mechanisms\\ExtendBlade\\ExtendedCompilerEngine->get('/Users/elijahis...', Array)
#6 /Users/elijahisrael/Desktop/Projects/chil/LARAVELBACKENDCHIL/vendor/laravel/framework/src/Illuminate/View/View.php(192): Illuminate\\View\\View->getContents()
#7 /Users/elijahisrael/Desktop/Projects/chil/LARAVELBACKENDCHIL/vendor/laravel/framework/src/Illuminate/View/View.php(161): Illuminate\\View\\View->renderContents()
#8 /Users/elijahisrael/Desktop/Projects/chil/LARAVELBACKENDCHIL/vendor/laravel/framework/src/Illuminate/Http/Response.php(79): Illuminate\\View\\View->render()
#9 /Users/elijahisrael/Desktop/Projects/chil/LARAVELBACKENDCHIL/vendor/laravel/framework/src/Illuminate/Http/Response.php(35): Illuminate\\Http\\Response->setContent(Object(Illuminate\\View\\View))
#10 /Users/elijahisrael/Desktop/Projects/chil/LARAVELBACKENDCHIL/vendor/laravel/framework/src/Illuminate/Routing/Router.php(920): Illuminate\\Http\\Response->__construct(Object(Illuminate\\View\\View), 200, Array)
#11 /Users/elijahisrael/Desktop/Projects/chil/LARAVELBACKENDCHIL/vendor/laravel/framework/src/Illuminate/Routing/Router.php(887): Illuminate\\Routing\\Router::toResponse(Object(Illuminate\\Http\\Request), Object(Illuminate\\View\\View))
#12 /Users/elijahisrael/Desktop/Projects/chil/LARAVELBACKENDCHIL/vendor/laravel/framework/src/Illuminate/Routing/Router.php(807): Illuminate\\Routing\\Router->prepareResponse(Object(Illuminate\\Http\\Request), Object(Illuminate\\View\\View))
#13 /Users/elijahisrael/Desktop/Projects/chil/LARAVELBACKENDCHIL/vendor/laravel/framework/src/Illuminate/Pipeline/Pipeline.php(170): Illuminate\\Routing\\Router->{closure:Illuminate\\Routing\\Router::runRouteWithinStack():807}(Object(Illuminate\\Http\\Request))
#14 /Users/elijahisrael/Desktop/Projects/chil/LARAVELBACKENDCHIL/vendor/laravel/framework/src/Illuminate/Routing/Middleware/SubstituteBindings.php(51): Illuminate\\Pipeline\\Pipeline->{closure:Illuminate\\Pipeline\\Pipeline::prepareDestination():168}(Object(Illuminate\\Http\\Request))
#15 /Users/elijahisrael/Desktop/Projects/chil/LARAVELBACKENDCHIL/vendor/laravel/framework/src/Illuminate/Pipeline/Pipeline.php(209): Illuminate\\Routing\\Middleware\\SubstituteBindings->handle(Object(Illuminate\\Http\\Request), Object(Closure))
#16 /Users/elijahisrael/Desktop/Projects/chil/LARAVELBACKENDCHIL/vendor/laravel/framework/src/Illuminate/Foundation/Http/Middleware/VerifyCsrfToken.php(88): Illuminate\\Pipeline\\Pipeline->{closure:{closure:Illuminate\\Pipeline\\Pipeline::carry():184}:185}(Object(Illuminate\\Http\\Request))
#17 /Users/elijahisrael/Desktop/Projects/chil/LARAVELBACKENDCHIL/vendor/laravel/framework/src/Illuminate/Pipeline/Pipeline.php(209): Illuminate\\Foundation\\Http\\Middleware\\VerifyCsrfToken->handle(Object(Illuminate\\Http\\Request), Object(Closure))
#18 /Users/elijahisrael/Desktop/Projects/chil/LARAVELBACKENDCHIL/vendor/laravel/framework/src/Illuminate/View/Middleware/ShareErrorsFromSession.php(49): Illuminate\\Pipeline\\Pipeline->{closure:{closure:Illuminate\\Pipeline\\Pipeline::carry():184}:185}(Object(Illuminate\\Http\\Request))
#19 /Users/elijahisrael/Desktop/Projects/chil/LARAVELBACKENDCHIL/vendor/laravel/framework/src/Illuminate/Pipeline/Pipeline.php(209): Illuminate\\View\\Middleware\\ShareErrorsFromSession->handle(Object(Illuminate\\Http\\Request), Object(Closure))
#20 /Users/elijahisrael/Desktop/Projects/chil/LARAVELBACKENDCHIL/vendor/laravel/framework/src/Illuminate/Session/Middleware/StartSession.php(121): Illuminate\\Pipeline\\Pipeline->{closure:{closure:Illuminate\\Pipeline\\Pipeline::carry():184}:185}(Object(Illuminate\\Http\\Request))
#21 /Users/elijahisrael/Desktop/Projects/chil/LARAVELBACKENDCHIL/vendor/laravel/framework/src/Illuminate/Session/Middleware/StartSession.php(64): Illuminate\\Session\\Middleware\\StartSession->handleStatefulRequest(Object(Illuminate\\Http\\Request), Object(Illuminate\\Session\\Store), Object(Closure))
#22 /Users/elijahisrael/Desktop/Projects/chil/LARAVELBACKENDCHIL/vendor/laravel/framework/src/Illuminate/Pipeline/Pipeline.php(209): Illuminate\\Session\\Middleware\\StartSession->handle(Object(Illuminate\\Http\\Request), Object(Closure))
#23 /Users/elijahisrael/Desktop/Projects/chil/LARAVELBACKENDCHIL/vendor/laravel/framework/src/Illuminate/Cookie/Middleware/AddQueuedCookiesToResponse.php(37): Illuminate\\Pipeline\\Pipeline->{closure:{closure:Illuminate\\Pipeline\\Pipeline::carry():184}:185}(Object(Illuminate\\Http\\Request))
#24 /Users/elijahisrael/Desktop/Projects/chil/LARAVELBACKENDCHIL/vendor/laravel/framework/src/Illuminate/Pipeline/Pipeline.php(209): Illuminate\\Cookie\\Middleware\\AddQueuedCookiesToResponse->handle(Object(Illuminate\\Http\\Request), Object(Closure))
#25 /Users/elijahisrael/Desktop/Projects/chil/LARAVELBACKENDCHIL/vendor/laravel/framework/src/Illuminate/Cookie/Middleware/EncryptCookies.php(75): Illuminate\\Pipeline\\Pipeline->{closure:{closure:Illuminate\\Pipeline\\Pipeline::carry():184}:185}(Object(Illuminate\\Http\\Request))
#26 /Users/elijahisrael/Desktop/Projects/chil/LARAVELBACKENDCHIL/vendor/laravel/framework/src/Illuminate/Pipeline/Pipeline.php(209): Illuminate\\Cookie\\Middleware\\EncryptCookies->handle(Object(Illuminate\\Http\\Request), Object(Closure))
#27 /Users/elijahisrael/Desktop/Projects/chil/LARAVELBACKENDCHIL/vendor/laravel/framework/src/Illuminate/Pipeline/Pipeline.php(127): Illuminate\\Pipeline\\Pipeline->{closure:{closure:Illuminate\\Pipeline\\Pipeline::carry():184}:185}(Object(Illuminate\\Http\\Request))
#28 /Users/elijahisrael/Desktop/Projects/chil/LARAVELBACKENDCHIL/vendor/laravel/framework/src/Illuminate/Routing/Router.php(807): Illuminate\\Pipeline\\Pipeline->then(Object(Closure))
#29 /Users/elijahisrael/Desktop/Projects/chil/LARAVELBACKENDCHIL/vendor/laravel/framework/src/Illuminate/Routing/Router.php(786): Illuminate\\Routing\\Router->runRouteWithinStack(Object(Illuminate\\Routing\\Route), Object(Illuminate\\Http\\Request))
#30 /Users/elijahisrael/Desktop/Projects/chil/LARAVELBACKENDCHIL/vendor/laravel/framework/src/Illuminate/Routing/Router.php(750): Illuminate\\Routing\\Router->runRoute(Object(Illuminate\\Http\\Request), Object(Illuminate\\Routing\\Route))
#31 /Users/elijahisrael/Desktop/Projects/chil/LARAVELBACKENDCHIL/vendor/laravel/framework/src/Illuminate/Routing/Router.php(739): Illuminate\\Routing\\Router->dispatchToRoute(Object(Illuminate\\Http\\Request))
#32 /Users/elijahisrael/Desktop/Projects/chil/LARAVELBACKENDCHIL/vendor/laravel/framework/src/Illuminate/Foundation/Http/Kernel.php(201): Illuminate\\Routing\\Router->dispatch(Object(Illuminate\\Http\\Request))
#33 /Users/elijahisrael/Desktop/Projects/chil/LARAVELBACKENDCHIL/vendor/laravel/framework/src/Illuminate/Pipeline/Pipeline.php(170): Illuminate\\Foundation\\Http\\Kernel->{closure:Illuminate\\Foundation\\Http\\Kernel::dispatchToRouter():198}(Object(Illuminate\\Http\\Request))
#34 /Users/elijahisrael/Desktop/Projects/chil/LARAVELBACKENDCHIL/vendor/livewire/livewire/src/Features/SupportDisablingBackButtonCache/DisableBackButtonCacheMiddleware.php(19): Illuminate\\Pipeline\\Pipeline->{closure:Illuminate\\Pipeline\\Pipeline::prepareDestination():168}(Object(Illuminate\\Http\\Request))
#35 /Users/elijahisrael/Desktop/Projects/chil/LARAVELBACKENDCHIL/vendor/laravel/framework/src/Illuminate/Pipeline/Pipeline.php(209): Livewire\\Features\\SupportDisablingBackButtonCache\\DisableBackButtonCacheMiddleware->handle(Object(Illuminate\\Http\\Request), Object(Closure))
#36 /Users/elijahisrael/Desktop/Projects/chil/LARAVELBACKENDCHIL/app/Http/Middleware/Cors.php(31): Illuminate\\Pipeline\\Pipeline->{closure:{closure:Illuminate\\Pipeline\\Pipeline::carry():184}:185}(Object(Illuminate\\Http\\Request))
#37 /Users/elijahisrael/Desktop/Projects/chil/LARAVELBACKENDCHIL/vendor/laravel/framework/src/Illuminate/Pipeline/Pipeline.php(209): App\\Http\\Middleware\\Cors->handle(Object(Illuminate\\Http\\Request), Object(Closure))
#38 /Users/elijahisrael/Desktop/Projects/chil/LARAVELBACKENDCHIL/vendor/laravel/framework/src/Illuminate/Http/Middleware/TrustProxies.php(58): Illuminate\\Pipeline\\Pipeline->{closure:{closure:Illuminate\\Pipeline\\Pipeline::carry():184}:185}(Object(Illuminate\\Http\\Request))
#39 /Users/elijahisrael/Desktop/Projects/chil/LARAVELBACKENDCHIL/vendor/laravel/framework/src/Illuminate/Pipeline/Pipeline.php(209): Illuminate\\Http\\Middleware\\TrustProxies->handle(Object(Illuminate\\Http\\Request), Object(Closure))
#40 /Users/elijahisrael/Desktop/Projects/chil/LARAVELBACKENDCHIL/vendor/laravel/framework/src/Illuminate/Foundation/Http/Middleware/TransformsRequest.php(21): Illuminate\\Pipeline\\Pipeline->{closure:{closure:Illuminate\\Pipeline\\Pipeline::carry():184}:185}(Object(Illuminate\\Http\\Request))
#41 /Users/elijahisrael/Desktop/Projects/chil/LARAVELBACKENDCHIL/vendor/laravel/framework/src/Illuminate/Foundation/Http/Middleware/ConvertEmptyStringsToNull.php(31): Illuminate\\Foundation\\Http\\Middleware\\TransformsRequest->handle(Object(Illuminate\\Http\\Request), Object(Closure))
#42 /Users/elijahisrael/Desktop/Projects/chil/LARAVELBACKENDCHIL/vendor/laravel/framework/src/Illuminate/Pipeline/Pipeline.php(209): Illuminate\\Foundation\\Http\\Middleware\\ConvertEmptyStringsToNull->handle(Object(Illuminate\\Http\\Request), Object(Closure))
#43 /Users/elijahisrael/Desktop/Projects/chil/LARAVELBACKENDCHIL/vendor/laravel/framework/src/Illuminate/Foundation/Http/Middleware/TransformsRequest.php(21): Illuminate\\Pipeline\\Pipeline->{closure:{closure:Illuminate\\Pipeline\\Pipeline::carry():184}:185}(Object(Illuminate\\Http\\Request))
#44 /Users/elijahisrael/Desktop/Projects/chil/LARAVELBACKENDCHIL/vendor/laravel/framework/src/Illuminate/Foundation/Http/Middleware/TrimStrings.php(51): Illuminate\\Foundation\\Http\\Middleware\\TransformsRequest->handle(Object(Illuminate\\Http\\Request), Object(Closure))
#45 /Users/elijahisrael/Desktop/Projects/chil/LARAVELBACKENDCHIL/vendor/laravel/framework/src/Illuminate/Pipeline/Pipeline.php(209): Illuminate\\Foundation\\Http\\Middleware\\TrimStrings->handle(Object(Illuminate\\Http\\Request), Object(Closure))
#46 /Users/elijahisrael/Desktop/Projects/chil/LARAVELBACKENDCHIL/vendor/laravel/framework/src/Illuminate/Http/Middleware/ValidatePostSize.php(27): Illuminate\\Pipeline\\Pipeline->{closure:{closure:Illuminate\\Pipeline\\Pipeline::carry():184}:185}(Object(Illuminate\\Http\\Request))
#47 /Users/elijahisrael/Desktop/Projects/chil/LARAVELBACKENDCHIL/vendor/laravel/framework/src/Illuminate/Pipeline/Pipeline.php(209): Illuminate\\Http\\Middleware\\ValidatePostSize->handle(Object(Illuminate\\Http\\Request), Object(Closure))
#48 /Users/elijahisrael/Desktop/Projects/chil/LARAVELBACKENDCHIL/vendor/laravel/framework/src/Illuminate/Foundation/Http/Middleware/PreventRequestsDuringMaintenance.php(110): Illuminate\\Pipeline\\Pipeline->{closure:{closure:Illuminate\\Pipeline\\Pipeline::carry():184}:185}(Object(Illuminate\\Http\\Request))
#49 /Users/elijahisrael/Desktop/Projects/chil/LARAVELBACKENDCHIL/vendor/laravel/framework/src/Illuminate/Pipeline/Pipeline.php(209): Illuminate\\Foundation\\Http\\Middleware\\PreventRequestsDuringMaintenance->handle(Object(Illuminate\\Http\\Request), Object(Closure))
#50 /Users/elijahisrael/Desktop/Projects/chil/LARAVELBACKENDCHIL/vendor/laravel/framework/src/Illuminate/Pipeline/Pipeline.php(127): Illuminate\\Pipeline\\Pipeline->{closure:{closure:Illuminate\\Pipeline\\Pipeline::carry():184}:185}(Object(Illuminate\\Http\\Request))
#51 /Users/elijahisrael/Desktop/Projects/chil/LARAVELBACKENDCHIL/vendor/laravel/framework/src/Illuminate/Foundation/Http/Kernel.php(176): Illuminate\\Pipeline\\Pipeline->then(Object(Closure))
#52 /Users/elijahisrael/Desktop/Projects/chil/LARAVELBACKENDCHIL/vendor/laravel/framework/src/Illuminate/Foundation/Http/Kernel.php(145): Illuminate\\Foundation\\Http\\Kernel->sendRequestThroughRouter(Object(Illuminate\\Http\\Request))
#53 /Users/elijahisrael/Desktop/Projects/chil/LARAVELBACKENDCHIL/public/index.php(54): Illuminate\\Foundation\\Http\\Kernel->handle(Object(Illuminate\\Http\\Request))
#54 /Users/elijahisrael/Desktop/Projects/chil/LARAVELBACKENDCHIL/server.php(21): require_once('/Users/elijahis...')
#55 {main}

[previous exception] [object] (Illuminate\\View\\ViewException(code: 0): Call to undefined function school() (View: /Users/elijahisrael/Desktop/Projects/chil/LARAVELBACKENDCHIL/resources/views/layouts/sidebar.blade.php) at /Users/elijahisrael/Desktop/Projects/chil/LARAVELBACKENDCHIL/storage/framework/views/c0667ced79c677f8fee0566ce64d6e5a.php:6)
[stacktrace]
#0 /Users/elijahisrael/Desktop/Projects/chil/LARAVELBACKENDCHIL/vendor/livewire/livewire/src/Mechanisms/ExtendBlade/ExtendedCompilerEngine.php(58): Illuminate\\View\\Engines\\CompilerEngine->handleViewException(Object(Error), 1)
#1 /Users/elijahisrael/Desktop/Projects/chil/LARAVELBACKENDCHIL/vendor/laravel/framework/src/Illuminate/View/Engines/PhpEngine.php(60): Livewire\\Mechanisms\\ExtendBlade\\ExtendedCompilerEngine->handleViewException(Object(Error), 1)
#2 /Users/elijahisrael/Desktop/Projects/chil/LARAVELBACKENDCHIL/vendor/livewire/livewire/src/Mechanisms/ExtendBlade/ExtendedCompilerEngine.php(22): Illuminate\\View\\Engines\\PhpEngine->evaluatePath('/Users/elijahis...', Array)
#3 /Users/elijahisrael/Desktop/Projects/chil/LARAVELBACKENDCHIL/vendor/laravel/framework/src/Illuminate/View/Engines/CompilerEngine.php(75): Livewire\\Mechanisms\\ExtendBlade\\ExtendedCompilerEngine->evaluatePath('/Users/elijahis...', Array)
#4 /Users/elijahisrael/Desktop/Projects/chil/LARAVELBACKENDCHIL/vendor/livewire/livewire/src/Mechanisms/ExtendBlade/ExtendedCompilerEngine.php(10): Illuminate\\View\\Engines\\CompilerEngine->get('/Users/elijahis...', Array)
#5 /Users/elijahisrael/Desktop/Projects/chil/LARAVELBACKENDCHIL/vendor/laravel/framework/src/Illuminate/View/View.php(209): Livewire\\Mechanisms\\ExtendBlade\\ExtendedCompilerEngine->get('/Users/elijahis...', Array)
#6 /Users/elijahisrael/Desktop/Projects/chil/LARAVELBACKENDCHIL/vendor/laravel/framework/src/Illuminate/View/View.php(192): Illuminate\\View\\View->getContents()
#7 /Users/elijahisrael/Desktop/Projects/chil/LARAVELBACKENDCHIL/vendor/laravel/framework/src/Illuminate/View/View.php(161): Illuminate\\View\\View->renderContents()
#8 /Users/elijahisrael/Desktop/Projects/chil/LARAVELBACKENDCHIL/storage/framework/views/41441880c795a5212f4bb7d3ff8044e6.php(128): Illuminate\\View\\View->render()
#9 /Users/elijahisrael/Desktop/Projects/chil/LARAVELBACKENDCHIL/vendor/laravel/framework/src/Illuminate/Filesystem/Filesystem.php(123): require('/Users/elijahis...')
#10 /Users/elijahisrael/Desktop/Projects/chil/LARAVELBACKENDCHIL/vendor/laravel/framework/src/Illuminate/Filesystem/Filesystem.php(124): Illuminate\\Filesystem\\Filesystem::{closure:Illuminate\\Filesystem\\Filesystem::getRequire():120}()
#11 /Users/elijahisrael/Desktop/Projects/chil/LARAVELBACKENDCHIL/vendor/laravel/framework/src/Illuminate/View/Engines/PhpEngine.php(58): Illuminate\\Filesystem\\Filesystem->getRequire('/Users/elijahis...', Array)
#12 /Users/elijahisrael/Desktop/Projects/chil/LARAVELBACKENDCHIL/vendor/livewire/livewire/src/Mechanisms/ExtendBlade/ExtendedCompilerEngine.php(22): Illuminate\\View\\Engines\\PhpEngine->evaluatePath('/Users/elijahis...', Array)
#13 /Users/elijahisrael/Desktop/Projects/chil/LARAVELBACKENDCHIL/vendor/laravel/framework/src/Illuminate/View/Engines/CompilerEngine.php(75): Livewire\\Mechanisms\\ExtendBlade\\ExtendedCompilerEngine->evaluatePath('/Users/elijahis...', Array)
#14 /Users/elijahisrael/Desktop/Projects/chil/LARAVELBACKENDCHIL/vendor/livewire/livewire/src/Mechanisms/ExtendBlade/ExtendedCompilerEngine.php(10): Illuminate\\View\\Engines\\CompilerEngine->get('/Users/elijahis...', Array)
#15 /Users/elijahisrael/Desktop/Projects/chil/LARAVELBACKENDCHIL/vendor/laravel/framework/src/Illuminate/View/View.php(209): Livewire\\Mechanisms\\ExtendBlade\\ExtendedCompilerEngine->get('/Users/elijahis...', Array)
#16 /Users/elijahisrael/Desktop/Projects/chil/LARAVELBACKENDCHIL/vendor/laravel/framework/src/Illuminate/View/View.php(192): Illuminate\\View\\View->getContents()
#17 /Users/elijahisrael/Desktop/Projects/chil/LARAVELBACKENDCHIL/vendor/laravel/framework/src/Illuminate/View/View.php(161): Illuminate\\View\\View->renderContents()
#18 /Users/elijahisrael/Desktop/Projects/chil/LARAVELBACKENDCHIL/vendor/laravel/framework/src/Illuminate/Http/Response.php(79): Illuminate\\View\\View->render()
#19 /Users/elijahisrael/Desktop/Projects/chil/LARAVELBACKENDCHIL/vendor/laravel/framework/src/Illuminate/Http/Response.php(35): Illuminate\\Http\\Response->setContent(Object(Illuminate\\View\\View))
#20 /Users/elijahisrael/Desktop/Projects/chil/LARAVELBACKENDCHIL/vendor/laravel/framework/src/Illuminate/Routing/Router.php(920): Illuminate\\Http\\Response->__construct(Object(Illuminate\\View\\View), 200, Array)
#21 /Users/elijahisrael/Desktop/Projects/chil/LARAVELBACKENDCHIL/vendor/laravel/framework/src/Illuminate/Routing/Router.php(887): Illuminate\\Routing\\Router::toResponse(Object(Illuminate\\Http\\Request), Object(Illuminate\\View\\View))
#22 /Users/elijahisrael/Desktop/Projects/chil/LARAVELBACKENDCHIL/vendor/laravel/framework/src/Illuminate/Routing/Router.php(807): Illuminate\\Routing\\Router->prepareResponse(Object(Illuminate\\Http\\Request), Object(Illuminate\\View\\View))
#23 /Users/elijahisrael/Desktop/Projects/chil/LARAVELBACKENDCHIL/vendor/laravel/framework/src/Illuminate/Pipeline/Pipeline.php(170): Illuminate\\Routing\\Router->{closure:Illuminate\\Routing\\Router::runRouteWithinStack():807}(Object(Illuminate\\Http\\Request))
#24 /Users/elijahisrael/Desktop/Projects/chil/LARAVELBACKENDCHIL/vendor/laravel/framework/src/Illuminate/Routing/Middleware/SubstituteBindings.php(51): Illuminate\\Pipeline\\Pipeline->{closure:Illuminate\\Pipeline\\Pipeline::prepareDestination():168}(Object(Illuminate\\Http\\Request))
#25 /Users/elijahisrael/Desktop/Projects/chil/LARAVELBACKENDCHIL/vendor/laravel/framework/src/Illuminate/Pipeline/Pipeline.php(209): Illuminate\\Routing\\Middleware\\SubstituteBindings->handle(Object(Illuminate\\Http\\Request), Object(Closure))
#26 /Users/elijahisrael/Desktop/Projects/chil/LARAVELBACKENDCHIL/vendor/laravel/framework/src/Illuminate/Foundation/Http/Middleware/VerifyCsrfToken.php(88): Illuminate\\Pipeline\\Pipeline->{closure:{closure:Illuminate\\Pipeline\\Pipeline::carry():184}:185}(Object(Illuminate\\Http\\Request))
#27 /Users/elijahisrael/Desktop/Projects/chil/LARAVELBACKENDCHIL/vendor/laravel/framework/src/Illuminate/Pipeline/Pipeline.php(209): Illuminate\\Foundation\\Http\\Middleware\\VerifyCsrfToken->handle(Object(Illuminate\\Http\\Request), Object(Closure))
#28 /Users/elijahisrael/Desktop/Projects/chil/LARAVELBACKENDCHIL/vendor/laravel/framework/src/Illuminate/View/Middleware/ShareErrorsFromSession.php(49): Illuminate\\Pipeline\\Pipeline->{closure:{closure:Illuminate\\Pipeline\\Pipeline::carry():184}:185}(Object(Illuminate\\Http\\Request))
#29 /Users/elijahisrael/Desktop/Projects/chil/LARAVELBACKENDCHIL/vendor/laravel/framework/src/Illuminate/Pipeline/Pipeline.php(209): Illuminate\\View\\Middleware\\ShareErrorsFromSession->handle(Object(Illuminate\\Http\\Request), Object(Closure))
#30 /Users/elijahisrael/Desktop/Projects/chil/LARAVELBACKENDCHIL/vendor/laravel/framework/src/Illuminate/Session/Middleware/StartSession.php(121): Illuminate\\Pipeline\\Pipeline->{closure:{closure:Illuminate\\Pipeline\\Pipeline::carry():184}:185}(Object(Illuminate\\Http\\Request))
#31 /Users/elijahisrael/Desktop/Projects/chil/LARAVELBACKENDCHIL/vendor/laravel/framework/src/Illuminate/Session/Middleware/StartSession.php(64): Illuminate\\Session\\Middleware\\StartSession->handleStatefulRequest(Object(Illuminate\\Http\\Request), Object(Illuminate\\Session\\Store), Object(Closure))
#32 /Users/elijahisrael/Desktop/Projects/chil/LARAVELBACKENDCHIL/vendor/laravel/framework/src/Illuminate/Pipeline/Pipeline.php(209): Illuminate\\Session\\Middleware\\StartSession->handle(Object(Illuminate\\Http\\Request), Object(Closure))
#33 /Users/elijahisrael/Desktop/Projects/chil/LARAVELBACKENDCHIL/vendor/laravel/framework/src/Illuminate/Cookie/Middleware/AddQueuedCookiesToResponse.php(37): Illuminate\\Pipeline\\Pipeline->{closure:{closure:Illuminate\\Pipeline\\Pipeline::carry():184}:185}(Object(Illuminate\\Http\\Request))
#34 /Users/elijahisrael/Desktop/Projects/chil/LARAVELBACKENDCHIL/vendor/laravel/framework/src/Illuminate/Pipeline/Pipeline.php(209): Illuminate\\Cookie\\Middleware\\AddQueuedCookiesToResponse->handle(Object(Illuminate\\Http\\Request), Object(Closure))
#35 /Users/elijahisrael/Desktop/Projects/chil/LARAVELBACKENDCHIL/vendor/laravel/framework/src/Illuminate/Cookie/Middleware/EncryptCookies.php(75): Illuminate\\Pipeline\\Pipeline->{closure:{closure:Illuminate\\Pipeline\\Pipeline::carry():184}:185}(Object(Illuminate\\Http\\Request))
#36 /Users/elijahisrael/Desktop/Projects/chil/LARAVELBACKENDCHIL/vendor/laravel/framework/src/Illuminate/Pipeline/Pipeline.php(209): Illuminate\\Cookie\\Middleware\\EncryptCookies->handle(Object(Illuminate\\Http\\Request), Object(Closure))
#37 /Users/elijahisrael/Desktop/Projects/chil/LARAVELBACKENDCHIL/vendor/laravel/framework/src/Illuminate/Pipeline/Pipeline.php(127): Illuminate\\Pipeline\\Pipeline->{closure:{closure:Illuminate\\Pipeline\\Pipeline::carry():184}:185}(Object(Illuminate\\Http\\Request))
#38 /Users/elijahisrael/Desktop/Projects/chil/LARAVELBACKENDCHIL/vendor/laravel/framework/src/Illuminate/Routing/Router.php(807): Illuminate\\Pipeline\\Pipeline->then(Object(Closure))
#39 /Users/elijahisrael/Desktop/Projects/chil/LARAVELBACKENDCHIL/vendor/laravel/framework/src/Illuminate/Routing/Router.php(786): Illuminate\\Routing\\Router->runRouteWithinStack(Object(Illuminate\\Routing\\Route), Object(Illuminate\\Http\\Request))
#40 /Users/elijahisrael/Desktop/Projects/chil/LARAVELBACKENDCHIL/vendor/laravel/framework/src/Illuminate/Routing/Router.php(750): Illuminate\\Routing\\Router->runRoute(Object(Illuminate\\Http\\Request), Object(Illuminate\\Routing\\Route))
#41 /Users/elijahisrael/Desktop/Projects/chil/LARAVELBACKENDCHIL/vendor/laravel/framework/src/Illuminate/Routing/Router.php(739): Illuminate\\Routing\\Router->dispatchToRoute(Object(Illuminate\\Http\\Request))
#42 /Users/elijahisrael/Desktop/Projects/chil/LARAVELBACKENDCHIL/vendor/laravel/framework/src/Illuminate/Foundation/Http/Kernel.php(201): Illuminate\\Routing\\Router->dispatch(Object(Illuminate\\Http\\Request))
#43 /Users/elijahisrael/Desktop/Projects/chil/LARAVELBACKENDCHIL/vendor/laravel/framework/src/Illuminate/Pipeline/Pipeline.php(170): Illuminate\\Foundation\\Http\\Kernel->{closure:Illuminate\\Foundation\\Http\\Kernel::dispatchToRouter():198}(Object(Illuminate\\Http\\Request))
#44 /Users/elijahisrael/Desktop/Projects/chil/LARAVELBACKENDCHIL/vendor/livewire/livewire/src/Features/SupportDisablingBackButtonCache/DisableBackButtonCacheMiddleware.php(19): Illuminate\\Pipeline\\Pipeline->{closure:Illuminate\\Pipeline\\Pipeline::prepareDestination():168}(Object(Illuminate\\Http\\Request))
#45 /Users/elijahisrael/Desktop/Projects/chil/LARAVELBACKENDCHIL/vendor/laravel/framework/src/Illuminate/Pipeline/Pipeline.php(209): Livewire\\Features\\SupportDisablingBackButtonCache\\DisableBackButtonCacheMiddleware->handle(Object(Illuminate\\Http\\Request), Object(Closure))
#46 /Users/elijahisrael/Desktop/Projects/chil/LARAVELBACKENDCHIL/app/Http/Middleware/Cors.php(31): Illuminate\\Pipeline\\Pipeline->{closure:{closure:Illuminate\\Pipeline\\Pipeline::carry():184}:185}(Object(Illuminate\\Http\\Request))
#47 /Users/elijahisrael/Desktop/Projects/chil/LARAVELBACKENDCHIL/vendor/laravel/framework/src/Illuminate/Pipeline/Pipeline.php(209): App\\Http\\Middleware\\Cors->handle(Object(Illuminate\\Http\\Request), Object(Closure))
#48 /Users/elijahisrael/Desktop/Projects/chil/LARAVELBACKENDCHIL/vendor/laravel/framework/src/Illuminate/Http/Middleware/TrustProxies.php(58): Illuminate\\Pipeline\\Pipeline->{closure:{closure:Illuminate\\Pipeline\\Pipeline::carry():184}:185}(Object(Illuminate\\Http\\Request))
#49 /Users/elijahisrael/Desktop/Projects/chil/LARAVELBACKENDCHIL/vendor/laravel/framework/src/Illuminate/Pipeline/Pipeline.php(209): Illuminate\\Http\\Middleware\\TrustProxies->handle(Object(Illuminate\\Http\\Request), Object(Closure))
#50 /Users/elijahisrael/Desktop/Projects/chil/LARAVELBACKENDCHIL/vendor/laravel/framework/src/Illuminate/Foundation/Http/Middleware/TransformsRequest.php(21): Illuminate\\Pipeline\\Pipeline->{closure:{closure:Illuminate\\Pipeline\\Pipeline::carry():184}:185}(Object(Illuminate\\Http\\Request))
#51 /Users/elijahisrael/Desktop/Projects/chil/LARAVELBACKENDCHIL/vendor/laravel/framework/src/Illuminate/Foundation/Http/Middleware/ConvertEmptyStringsToNull.php(31): Illuminate\\Foundation\\Http\\Middleware\\TransformsRequest->handle(Object(Illuminate\\Http\\Request), Object(Closure))
#52 /Users/elijahisrael/Desktop/Projects/chil/LARAVELBACKENDCHIL/vendor/laravel/framework/src/Illuminate/Pipeline/Pipeline.php(209): Illuminate\\Foundation\\Http\\Middleware\\ConvertEmptyStringsToNull->handle(Object(Illuminate\\Http\\Request), Object(Closure))
#53 /Users/elijahisrael/Desktop/Projects/chil/LARAVELBACKENDCHIL/vendor/laravel/framework/src/Illuminate/Foundation/Http/Middleware/TransformsRequest.php(21): Illuminate\\Pipeline\\Pipeline->{closure:{closure:Illuminate\\Pipeline\\Pipeline::carry():184}:185}(Object(Illuminate\\Http\\Request))
#54 /Users/elijahisrael/Desktop/Projects/chil/LARAVELBACKENDCHIL/vendor/laravel/framework/src/Illuminate/Foundation/Http/Middleware/TrimStrings.php(51): Illuminate\\Foundation\\Http\\Middleware\\TransformsRequest->handle(Object(Illuminate\\Http\\Request), Object(Closure))
#55 /Users/elijahisrael/Desktop/Projects/chil/LARAVELBACKENDCHIL/vendor/laravel/framework/src/Illuminate/Pipeline/Pipeline.php(209): Illuminate\\Foundation\\Http\\Middleware\\TrimStrings->handle(Object(Illuminate\\Http\\Request), Object(Closure))
#56 /Users/elijahisrael/Desktop/Projects/chil/LARAVELBACKENDCHIL/vendor/laravel/framework/src/Illuminate/Http/Middleware/ValidatePostSize.php(27): Illuminate\\Pipeline\\Pipeline->{closure:{closure:Illuminate\\Pipeline\\Pipeline::carry():184}:185}(Object(Illuminate\\Http\\Request))
#57 /Users/elijahisrael/Desktop/Projects/chil/LARAVELBACKENDCHIL/vendor/laravel/framework/src/Illuminate/Pipeline/Pipeline.php(209): Illuminate\\Http\\Middleware\\ValidatePostSize->handle(Object(Illuminate\\Http\\Request), Object(Closure))
#58 /Users/elijahisrael/Desktop/Projects/chil/LARAVELBACKENDCHIL/vendor/laravel/framework/src/Illuminate/Foundation/Http/Middleware/PreventRequestsDuringMaintenance.php(110): Illuminate\\Pipeline\\Pipeline->{closure:{closure:Illuminate\\Pipeline\\Pipeline::carry():184}:185}(Object(Illuminate\\Http\\Request))
#59 /Users/elijahisrael/Desktop/Projects/chil/LARAVELBACKENDCHIL/vendor/laravel/framework/src/Illuminate/Pipeline/Pipeline.php(209): Illuminate\\Foundation\\Http\\Middleware\\PreventRequestsDuringMaintenance->handle(Object(Illuminate\\Http\\Request), Object(Closure))
#60 /Users/elijahisrael/Desktop/Projects/chil/LARAVELBACKENDCHIL/vendor/laravel/framework/src/Illuminate/Pipeline/Pipeline.php(127): Illuminate\\Pipeline\\Pipeline->{closure:{closure:Illuminate\\Pipeline\\Pipeline::carry():184}:185}(Object(Illuminate\\Http\\Request))
#61 /Users/elijahisrael/Desktop/Projects/chil/LARAVELBACKENDCHIL/vendor/laravel/framework/src/Illuminate/Foundation/Http/Kernel.php(176): Illuminate\\Pipeline\\Pipeline->then(Object(Closure))
#62 /Users/elijahisrael/Desktop/Projects/chil/LARAVELBACKENDCHIL/vendor/laravel/framework/src/Illuminate/Foundation/Http/Kernel.php(145): Illuminate\\Foundation\\Http\\Kernel->sendRequestThroughRouter(Object(Illuminate\\Http\\Request))
#63 /Users/elijahisrael/Desktop/Projects/chil/LARAVELBACKENDCHIL/public/index.php(54): Illuminate\\Foundation\\Http\\Kernel->handle(Object(Illuminate\\Http\\Request))
#64 /Users/elijahisrael/Desktop/Projects/chil/LARAVELBACKENDCHIL/server.php(21): require_once('/Users/elijahis...')
#65 {main}

[previous exception] [object] (Error(code: 0): Call to undefined function school() at /Users/elijahisrael/Desktop/Projects/chil/LARAVELBACKENDCHIL/storage/framework/views/c0667ced79c677f8fee0566ce64d6e5a.php:6)
[stacktrace]
#0 /Users/elijahisrael/Desktop/Projects/chil/LARAVELBACKENDCHIL/vendor/laravel/framework/src/Illuminate/Filesystem/Filesystem.php(123): require()
#1 /Users/elijahisrael/Desktop/Projects/chil/LARAVELBACKENDCHIL/vendor/laravel/framework/src/Illuminate/Filesystem/Filesystem.php(124): Illuminate\\Filesystem\\Filesystem::{closure:Illuminate\\Filesystem\\Filesystem::getRequire():120}()
#2 /Users/elijahisrael/Desktop/Projects/chil/LARAVELBACKENDCHIL/vendor/laravel/framework/src/Illuminate/View/Engines/PhpEngine.php(58): Illuminate\\Filesystem\\Filesystem->getRequire('/Users/elijahis...', Array)
#3 /Users/elijahisrael/Desktop/Projects/chil/LARAVELBACKENDCHIL/vendor/livewire/livewire/src/Mechanisms/ExtendBlade/ExtendedCompilerEngine.php(22): Illuminate\\View\\Engines\\PhpEngine->evaluatePath('/Users/elijahis...', Array)
#4 /Users/elijahisrael/Desktop/Projects/chil/LARAVELBACKENDCHIL/vendor/laravel/framework/src/Illuminate/View/Engines/CompilerEngine.php(75): Livewire\\Mechanisms\\ExtendBlade\\ExtendedCompilerEngine->evaluatePath('/Users/elijahis...', Array)
#5 /Users/elijahisrael/Desktop/Projects/chil/LARAVELBACKENDCHIL/vendor/livewire/livewire/src/Mechanisms/ExtendBlade/ExtendedCompilerEngine.php(10): Illuminate\\View\\Engines\\CompilerEngine->get('/Users/elijahis...', Array)
#6 /Users/elijahisrael/Desktop/Projects/chil/LARAVELBACKENDCHIL/vendor/laravel/framework/src/Illuminate/View/View.php(209): Livewire\\Mechanisms\\ExtendBlade\\ExtendedCompilerEngine->get('/Users/elijahis...', Array)
#7 /Users/elijahisrael/Desktop/Projects/chil/LARAVELBACKENDCHIL/vendor/laravel/framework/src/Illuminate/View/View.php(192): Illuminate\\View\\View->getContents()
#8 /Users/elijahisrael/Desktop/Projects/chil/LARAVELBACKENDCHIL/vendor/laravel/framework/src/Illuminate/View/View.php(161): Illuminate\\View\\View->renderContents()
#9 /Users/elijahisrael/Desktop/Projects/chil/LARAVELBACKENDCHIL/storage/framework/views/41441880c795a5212f4bb7d3ff8044e6.php(128): Illuminate\\View\\View->render()
#10 /Users/elijahisrael/Desktop/Projects/chil/LARAVELBACKENDCHIL/vendor/laravel/framework/src/Illuminate/Filesystem/Filesystem.php(123): require('/Users/elijahis...')
#11 /Users/elijahisrael/Desktop/Projects/chil/LARAVELBACKENDCHIL/vendor/laravel/framework/src/Illuminate/Filesystem/Filesystem.php(124): Illuminate\\Filesystem\\Filesystem::{closure:Illuminate\\Filesystem\\Filesystem::getRequire():120}()
#12 /Users/elijahisrael/Desktop/Projects/chil/LARAVELBACKENDCHIL/vendor/laravel/framework/src/Illuminate/View/Engines/PhpEngine.php(58): Illuminate\\Filesystem\\Filesystem->getRequire('/Users/elijahis...', Array)
#13 /Users/elijahisrael/Desktop/Projects/chil/LARAVELBACKENDCHIL/vendor/livewire/livewire/src/Mechanisms/ExtendBlade/ExtendedCompilerEngine.php(22): Illuminate\\View\\Engines\\PhpEngine->evaluatePath('/Users/elijahis...', Array)
#14 /Users/elijahisrael/Desktop/Projects/chil/LARAVELBACKENDCHIL/vendor/laravel/framework/src/Illuminate/View/Engines/CompilerEngine.php(75): Livewire\\Mechanisms\\ExtendBlade\\ExtendedCompilerEngine->evaluatePath('/Users/elijahis...', Array)
#15 /Users/elijahisrael/Desktop/Projects/chil/LARAVELBACKENDCHIL/vendor/livewire/livewire/src/Mechanisms/ExtendBlade/ExtendedCompilerEngine.php(10): Illuminate\\View\\Engines\\CompilerEngine->get('/Users/elijahis...', Array)
#16 /Users/elijahisrael/Desktop/Projects/chil/LARAVELBACKENDCHIL/vendor/laravel/framework/src/Illuminate/View/View.php(209): Livewire\\Mechanisms\\ExtendBlade\\ExtendedCompilerEngine->get('/Users/elijahis...', Array)
#17 /Users/elijahisrael/Desktop/Projects/chil/LARAVELBACKENDCHIL/vendor/laravel/framework/src/Illuminate/View/View.php(192): Illuminate\\View\\View->getContents()
#18 /Users/elijahisrael/Desktop/Projects/chil/LARAVELBACKENDCHIL/vendor/laravel/framework/src/Illuminate/View/View.php(161): Illuminate\\View\\View->renderContents()
#19 /Users/elijahisrael/Desktop/Projects/chil/LARAVELBACKENDCHIL/vendor/laravel/framework/src/Illuminate/Http/Response.php(79): Illuminate\\View\\View->render()
#20 /Users/elijahisrael/Desktop/Projects/chil/LARAVELBACKENDCHIL/vendor/laravel/framework/src/Illuminate/Http/Response.php(35): Illuminate\\Http\\Response->setContent(Object(Illuminate\\View\\View))
#21 /Users/elijahisrael/Desktop/Projects/chil/LARAVELBACKENDCHIL/vendor/laravel/framework/src/Illuminate/Routing/Router.php(920): Illuminate\\Http\\Response->__construct(Object(Illuminate\\View\\View), 200, Array)
#22 /Users/elijahisrael/Desktop/Projects/chil/LARAVELBACKENDCHIL/vendor/laravel/framework/src/Illuminate/Routing/Router.php(887): Illuminate\\Routing\\Router::toResponse(Object(Illuminate\\Http\\Request), Object(Illuminate\\View\\View))
#23 /Users/elijahisrael/Desktop/Projects/chil/LARAVELBACKENDCHIL/vendor/laravel/framework/src/Illuminate/Routing/Router.php(807): Illuminate\\Routing\\Router->prepareResponse(Object(Illuminate\\Http\\Request), Object(Illuminate\\View\\View))
#24 /Users/elijahisrael/Desktop/Projects/chil/LARAVELBACKENDCHIL/vendor/laravel/framework/src/Illuminate/Pipeline/Pipeline.php(170): Illuminate\\Routing\\Router->{closure:Illuminate\\Routing\\Router::runRouteWithinStack():807}(Object(Illuminate\\Http\\Request))
#25 /Users/elijahisrael/Desktop/Projects/chil/LARAVELBACKENDCHIL/vendor/laravel/framework/src/Illuminate/Routing/Middleware/SubstituteBindings.php(51): Illuminate\\Pipeline\\Pipeline->{closure:Illuminate\\Pipeline\\Pipeline::prepareDestination():168}(Object(Illuminate\\Http\\Request))
#26 /Users/elijahisrael/Desktop/Projects/chil/LARAVELBACKENDCHIL/vendor/laravel/framework/src/Illuminate/Pipeline/Pipeline.php(209): Illuminate\\Routing\\Middleware\\SubstituteBindings->handle(Object(Illuminate\\Http\\Request), Object(Closure))
#27 /Users/elijahisrael/Desktop/Projects/chil/LARAVELBACKENDCHIL/vendor/laravel/framework/src/Illuminate/Foundation/Http/Middleware/VerifyCsrfToken.php(88): Illuminate\\Pipeline\\Pipeline->{closure:{closure:Illuminate\\Pipeline\\Pipeline::carry():184}:185}(Object(Illuminate\\Http\\Request))
#28 /Users/elijahisrael/Desktop/Projects/chil/LARAVELBACKENDCHIL/vendor/laravel/framework/src/Illuminate/Pipeline/Pipeline.php(209): Illuminate\\Foundation\\Http\\Middleware\\VerifyCsrfToken->handle(Object(Illuminate\\Http\\Request), Object(Closure))
#29 /Users/elijahisrael/Desktop/Projects/chil/LARAVELBACKENDCHIL/vendor/laravel/framework/src/Illuminate/View/Middleware/ShareErrorsFromSession.php(49): Illuminate\\Pipeline\\Pipeline->{closure:{closure:Illuminate\\Pipeline\\Pipeline::carry():184}:185}(Object(Illuminate\\Http\\Request))
#30 /Users/elijahisrael/Desktop/Projects/chil/LARAVELBACKENDCHIL/vendor/laravel/framework/src/Illuminate/Pipeline/Pipeline.php(209): Illuminate\\View\\Middleware\\ShareErrorsFromSession->handle(Object(Illuminate\\Http\\Request), Object(Closure))
#31 /Users/elijahisrael/Desktop/Projects/chil/LARAVELBACKENDCHIL/vendor/laravel/framework/src/Illuminate/Session/Middleware/StartSession.php(121): Illuminate\\Pipeline\\Pipeline->{closure:{closure:Illuminate\\Pipeline\\Pipeline::carry():184}:185}(Object(Illuminate\\Http\\Request))
#32 /Users/elijahisrael/Desktop/Projects/chil/LARAVELBACKENDCHIL/vendor/laravel/framework/src/Illuminate/Session/Middleware/StartSession.php(64): Illuminate\\Session\\Middleware\\StartSession->handleStatefulRequest(Object(Illuminate\\Http\\Request), Object(Illuminate\\Session\\Store), Object(Closure))
#33 /Users/elijahisrael/Desktop/Projects/chil/LARAVELBACKENDCHIL/vendor/laravel/framework/src/Illuminate/Pipeline/Pipeline.php(209): Illuminate\\Session\\Middleware\\StartSession->handle(Object(Illuminate\\Http\\Request), Object(Closure))
#34 /Users/elijahisrael/Desktop/Projects/chil/LARAVELBACKENDCHIL/vendor/laravel/framework/src/Illuminate/Cookie/Middleware/AddQueuedCookiesToResponse.php(37): Illuminate\\Pipeline\\Pipeline->{closure:{closure:Illuminate\\Pipeline\\Pipeline::carry():184}:185}(Object(Illuminate\\Http\\Request))
#35 /Users/elijahisrael/Desktop/Projects/chil/LARAVELBACKENDCHIL/vendor/laravel/framework/src/Illuminate/Pipeline/Pipeline.php(209): Illuminate\\Cookie\\Middleware\\AddQueuedCookiesToResponse->handle(Object(Illuminate\\Http\\Request), Object(Closure))
#36 /Users/elijahisrael/Desktop/Projects/chil/LARAVELBACKENDCHIL/vendor/laravel/framework/src/Illuminate/Cookie/Middleware/EncryptCookies.php(75): Illuminate\\Pipeline\\Pipeline->{closure:{closure:Illuminate\\Pipeline\\Pipeline::carry():184}:185}(Object(Illuminate\\Http\\Request))
#37 /Users/elijahisrael/Desktop/Projects/chil/LARAVELBACKENDCHIL/vendor/laravel/framework/src/Illuminate/Pipeline/Pipeline.php(209): Illuminate\\Cookie\\Middleware\\EncryptCookies->handle(Object(Illuminate\\Http\\Request), Object(Closure))
#38 /Users/elijahisrael/Desktop/Projects/chil/LARAVELBACKENDCHIL/vendor/laravel/framework/src/Illuminate/Pipeline/Pipeline.php(127): Illuminate\\Pipeline\\Pipeline->{closure:{closure:Illuminate\\Pipeline\\Pipeline::carry():184}:185}(Object(Illuminate\\Http\\Request))
#39 /Users/elijahisrael/Desktop/Projects/chil/LARAVELBACKENDCHIL/vendor/laravel/framework/src/Illuminate/Routing/Router.php(807): Illuminate\\Pipeline\\Pipeline->then(Object(Closure))
#40 /Users/elijahisrael/Desktop/Projects/chil/LARAVELBACKENDCHIL/vendor/laravel/framework/src/Illuminate/Routing/Router.php(786): Illuminate\\Routing\\Router->runRouteWithinStack(Object(Illuminate\\Routing\\Route), Object(Illuminate\\Http\\Request))
#41 /Users/elijahisrael/Desktop/Projects/chil/LARAVELBACKENDCHIL/vendor/laravel/framework/src/Illuminate/Routing/Router.php(750): Illuminate\\Routing\\Router->runRoute(Object(Illuminate\\Http\\Request), Object(Illuminate\\Routing\\Route))
#42 /Users/elijahisrael/Desktop/Projects/chil/LARAVELBACKENDCHIL/vendor/laravel/framework/src/Illuminate/Routing/Router.php(739): Illuminate\\Routing\\Router->dispatchToRoute(Object(Illuminate\\Http\\Request))
#43 /Users/elijahisrael/Desktop/Projects/chil/LARAVELBACKENDCHIL/vendor/laravel/framework/src/Illuminate/Foundation/Http/Kernel.php(201): Illuminate\\Routing\\Router->dispatch(Object(Illuminate\\Http\\Request))
#44 /Users/elijahisrael/Desktop/Projects/chil/LARAVELBACKENDCHIL/vendor/laravel/framework/src/Illuminate/Pipeline/Pipeline.php(170): Illuminate\\Foundation\\Http\\Kernel->{closure:Illuminate\\Foundation\\Http\\Kernel::dispatchToRouter():198}(Object(Illuminate\\Http\\Request))
#45 /Users/elijahisrael/Desktop/Projects/chil/LARAVELBACKENDCHIL/vendor/livewire/livewire/src/Features/SupportDisablingBackButtonCache/DisableBackButtonCacheMiddleware.php(19): Illuminate\\Pipeline\\Pipeline->{closure:Illuminate\\Pipeline\\Pipeline::prepareDestination():168}(Object(Illuminate\\Http\\Request))
#46 /Users/elijahisrael/Desktop/Projects/chil/LARAVELBACKENDCHIL/vendor/laravel/framework/src/Illuminate/Pipeline/Pipeline.php(209): Livewire\\Features\\SupportDisablingBackButtonCache\\DisableBackButtonCacheMiddleware->handle(Object(Illuminate\\Http\\Request), Object(Closure))
#47 /Users/elijahisrael/Desktop/Projects/chil/LARAVELBACKENDCHIL/app/Http/Middleware/Cors.php(31): Illuminate\\Pipeline\\Pipeline->{closure:{closure:Illuminate\\Pipeline\\Pipeline::carry():184}:185}(Object(Illuminate\\Http\\Request))
#48 /Users/elijahisrael/Desktop/Projects/chil/LARAVELBACKENDCHIL/vendor/laravel/framework/src/Illuminate/Pipeline/Pipeline.php(209): App\\Http\\Middleware\\Cors->handle(Object(Illuminate\\Http\\Request), Object(Closure))
#49 /Users/elijahisrael/Desktop/Projects/chil/LARAVELBACKENDCHIL/vendor/laravel/framework/src/Illuminate/Http/Middleware/TrustProxies.php(58): Illuminate\\Pipeline\\Pipeline->{closure:{closure:Illuminate\\Pipeline\\Pipeline::carry():184}:185}(Object(Illuminate\\Http\\Request))
#50 /Users/elijahisrael/Desktop/Projects/chil/LARAVELBACKENDCHIL/vendor/laravel/framework/src/Illuminate/Pipeline/Pipeline.php(209): Illuminate\\Http\\Middleware\\TrustProxies->handle(Object(Illuminate\\Http\\Request), Object(Closure))
#51 /Users/elijahisrael/Desktop/Projects/chil/LARAVELBACKENDCHIL/vendor/laravel/framework/src/Illuminate/Foundation/Http/Middleware/TransformsRequest.php(21): Illuminate\\Pipeline\\Pipeline->{closure:{closure:Illuminate\\Pipeline\\Pipeline::carry():184}:185}(Object(Illuminate\\Http\\Request))
#52 /Users/elijahisrael/Desktop/Projects/chil/LARAVELBACKENDCHIL/vendor/laravel/framework/src/Illuminate/Foundation/Http/Middleware/ConvertEmptyStringsToNull.php(31): Illuminate\\Foundation\\Http\\Middleware\\TransformsRequest->handle(Object(Illuminate\\Http\\Request), Object(Closure))
#53 /Users/elijahisrael/Desktop/Projects/chil/LARAVELBACKENDCHIL/vendor/laravel/framework/src/Illuminate/Pipeline/Pipeline.php(209): Illuminate\\Foundation\\Http\\Middleware\\ConvertEmptyStringsToNull->handle(Object(Illuminate\\Http\\Request), Object(Closure))
#54 /Users/elijahisrael/Desktop/Projects/chil/LARAVELBACKENDCHIL/vendor/laravel/framework/src/Illuminate/Foundation/Http/Middleware/TransformsRequest.php(21): Illuminate\\Pipeline\\Pipeline->{closure:{closure:Illuminate\\Pipeline\\Pipeline::carry():184}:185}(Object(Illuminate\\Http\\Request))
#55 /Users/elijahisrael/Desktop/Projects/chil/LARAVELBACKENDCHIL/vendor/laravel/framework/src/Illuminate/Foundation/Http/Middleware/TrimStrings.php(51): Illuminate\\Foundation\\Http\\Middleware\\TransformsRequest->handle(Object(Illuminate\\Http\\Request), Object(Closure))
#56 /Users/elijahisrael/Desktop/Projects/chil/LARAVELBACKENDCHIL/vendor/laravel/framework/src/Illuminate/Pipeline/Pipeline.php(209): Illuminate\\Foundation\\Http\\Middleware\\TrimStrings->handle(Object(Illuminate\\Http\\Request), Object(Closure))
#57 /Users/elijahisrael/Desktop/Projects/chil/LARAVELBACKENDCHIL/vendor/laravel/framework/src/Illuminate/Http/Middleware/ValidatePostSize.php(27): Illuminate\\Pipeline\\Pipeline->{closure:{closure:Illuminate\\Pipeline\\Pipeline::carry():184}:185}(Object(Illuminate\\Http\\Request))
#58 /Users/elijahisrael/Desktop/Projects/chil/LARAVELBACKENDCHIL/vendor/laravel/framework/src/Illuminate/Pipeline/Pipeline.php(209): Illuminate\\Http\\Middleware\\ValidatePostSize->handle(Object(Illuminate\\Http\\Request), Object(Closure))
#59 /Users/elijahisrael/Desktop/Projects/chil/LARAVELBACKENDCHIL/vendor/laravel/framework/src/Illuminate/Foundation/Http/Middleware/PreventRequestsDuringMaintenance.php(110): Illuminate\\Pipeline\\Pipeline->{closure:{closure:Illuminate\\Pipeline\\Pipeline::carry():184}:185}(Object(Illuminate\\Http\\Request))
#60 /Users/elijahisrael/Desktop/Projects/chil/LARAVELBACKENDCHIL/vendor/laravel/framework/src/Illuminate/Pipeline/Pipeline.php(209): Illuminate\\Foundation\\Http\\Middleware\\PreventRequestsDuringMaintenance->handle(Object(Illuminate\\Http\\Request), Object(Closure))
#61 /Users/elijahisrael/Desktop/Projects/chil/LARAVELBACKENDCHIL/vendor/laravel/framework/src/Illuminate/Pipeline/Pipeline.php(127): Illuminate\\Pipeline\\Pipeline->{closure:{closure:Illuminate\\Pipeline\\Pipeline::carry():184}:185}(Object(Illuminate\\Http\\Request))
#62 /Users/elijahisrael/Desktop/Projects/chil/LARAVELBACKENDCHIL/vendor/laravel/framework/src/Illuminate/Foundation/Http/Kernel.php(176): Illuminate\\Pipeline\\Pipeline->then(Object(Closure))
#63 /Users/elijahisrael/Desktop/Projects/chil/LARAVELBACKENDCHIL/vendor/laravel/framework/src/Illuminate/Foundation/Http/Kernel.php(145): Illuminate\\Foundation\\Http\\Kernel->sendRequestThroughRouter(Object(Illuminate\\Http\\Request))
#64 /Users/elijahisrael/Desktop/Projects/chil/LARAVELBACKENDCHIL/public/index.php(54): Illuminate\\Foundation\\Http\\Kernel->handle(Object(Illuminate\\Http\\Request))
#65 /Users/elijahisrael/Desktop/Projects/chil/LARAVELBACKENDCHIL/server.php(21): require_once('/Users/elijahis...')
#66 {main}
"} 
[2025-09-30 16:39:42] local.ERROR: Call to undefined function school() (View: /Users/elijahisrael/Desktop/Projects/chil/LARAVELBACKENDCHIL/resources/views/layouts/sidebar.blade.php) (View: /Users/elijahisrael/Desktop/Projects/chil/LARAVELBACKENDCHIL/resources/views/layouts/sidebar.blade.php) {"exception":"[object] (Illuminate\\View\\ViewException(code: 0): Call to undefined function school() (View: /Users/elijahisrael/Desktop/Projects/chil/LARAVELBACKENDCHIL/resources/views/layouts/sidebar.blade.php) (View: /Users/elijahisrael/Desktop/Projects/chil/LARAVELBACKENDCHIL/resources/views/layouts/sidebar.blade.php) at /Users/elijahisrael/Desktop/Projects/chil/LARAVELBACKENDCHIL/storage/framework/views/c0667ced79c677f8fee0566ce64d6e5a.php:6)
[stacktrace]
#0 /Users/elijahisrael/Desktop/Projects/chil/LARAVELBACKENDCHIL/vendor/livewire/livewire/src/Mechanisms/ExtendBlade/ExtendedCompilerEngine.php(58): Illuminate\\View\\Engines\\CompilerEngine->handleViewException(Object(Illuminate\\View\\ViewException), 0)
#1 /Users/elijahisrael/Desktop/Projects/chil/LARAVELBACKENDCHIL/vendor/laravel/framework/src/Illuminate/View/Engines/PhpEngine.php(60): Livewire\\Mechanisms\\ExtendBlade\\ExtendedCompilerEngine->handleViewException(Object(Illuminate\\View\\ViewException), 0)
#2 /Users/elijahisrael/Desktop/Projects/chil/LARAVELBACKENDCHIL/vendor/livewire/livewire/src/Mechanisms/ExtendBlade/ExtendedCompilerEngine.php(22): Illuminate\\View\\Engines\\PhpEngine->evaluatePath('/Users/elijahis...', Array)
#3 /Users/elijahisrael/Desktop/Projects/chil/LARAVELBACKENDCHIL/vendor/laravel/framework/src/Illuminate/View/Engines/CompilerEngine.php(75): Livewire\\Mechanisms\\ExtendBlade\\ExtendedCompilerEngine->evaluatePath('/Users/elijahis...', Array)
#4 /Users/elijahisrael/Desktop/Projects/chil/LARAVELBACKENDCHIL/vendor/livewire/livewire/src/Mechanisms/ExtendBlade/ExtendedCompilerEngine.php(10): Illuminate\\View\\Engines\\CompilerEngine->get('/Users/elijahis...', Array)
#5 /Users/elijahisrael/Desktop/Projects/chil/LARAVELBACKENDCHIL/vendor/laravel/framework/src/Illuminate/View/View.php(209): Livewire\\Mechanisms\\ExtendBlade\\ExtendedCompilerEngine->get('/Users/elijahis...', Array)
#6 /Users/elijahisrael/Desktop/Projects/chil/LARAVELBACKENDCHIL/vendor/laravel/framework/src/Illuminate/View/View.php(192): Illuminate\\View\\View->getContents()
#7 /Users/elijahisrael/Desktop/Projects/chil/LARAVELBACKENDCHIL/vendor/laravel/framework/src/Illuminate/View/View.php(161): Illuminate\\View\\View->renderContents()
#8 /Users/elijahisrael/Desktop/Projects/chil/LARAVELBACKENDCHIL/vendor/laravel/framework/src/Illuminate/Http/Response.php(79): Illuminate\\View\\View->render()
#9 /Users/elijahisrael/Desktop/Projects/chil/LARAVELBACKENDCHIL/vendor/laravel/framework/src/Illuminate/Http/Response.php(35): Illuminate\\Http\\Response->setContent(Object(Illuminate\\View\\View))
#10 /Users/elijahisrael/Desktop/Projects/chil/LARAVELBACKENDCHIL/vendor/laravel/framework/src/Illuminate/Routing/Router.php(920): Illuminate\\Http\\Response->__construct(Object(Illuminate\\View\\View), 200, Array)
#11 /Users/elijahisrael/Desktop/Projects/chil/LARAVELBACKENDCHIL/vendor/laravel/framework/src/Illuminate/Routing/Router.php(887): Illuminate\\Routing\\Router::toResponse(Object(Illuminate\\Http\\Request), Object(Illuminate\\View\\View))
#12 /Users/elijahisrael/Desktop/Projects/chil/LARAVELBACKENDCHIL/vendor/laravel/framework/src/Illuminate/Routing/Router.php(807): Illuminate\\Routing\\Router->prepareResponse(Object(Illuminate\\Http\\Request), Object(Illuminate\\View\\View))
#13 /Users/elijahisrael/Desktop/Projects/chil/LARAVELBACKENDCHIL/vendor/laravel/framework/src/Illuminate/Pipeline/Pipeline.php(170): Illuminate\\Routing\\Router->{closure:Illuminate\\Routing\\Router::runRouteWithinStack():807}(Object(Illuminate\\Http\\Request))
#14 /Users/elijahisrael/Desktop/Projects/chil/LARAVELBACKENDCHIL/vendor/laravel/framework/src/Illuminate/Routing/Middleware/SubstituteBindings.php(51): Illuminate\\Pipeline\\Pipeline->{closure:Illuminate\\Pipeline\\Pipeline::prepareDestination():168}(Object(Illuminate\\Http\\Request))
#15 /Users/elijahisrael/Desktop/Projects/chil/LARAVELBACKENDCHIL/vendor/laravel/framework/src/Illuminate/Pipeline/Pipeline.php(209): Illuminate\\Routing\\Middleware\\SubstituteBindings->handle(Object(Illuminate\\Http\\Request), Object(Closure))
#16 /Users/elijahisrael/Desktop/Projects/chil/LARAVELBACKENDCHIL/vendor/laravel/framework/src/Illuminate/Foundation/Http/Middleware/VerifyCsrfToken.php(88): Illuminate\\Pipeline\\Pipeline->{closure:{closure:Illuminate\\Pipeline\\Pipeline::carry():184}:185}(Object(Illuminate\\Http\\Request))
#17 /Users/elijahisrael/Desktop/Projects/chil/LARAVELBACKENDCHIL/vendor/laravel/framework/src/Illuminate/Pipeline/Pipeline.php(209): Illuminate\\Foundation\\Http\\Middleware\\VerifyCsrfToken->handle(Object(Illuminate\\Http\\Request), Object(Closure))
#18 /Users/elijahisrael/Desktop/Projects/chil/LARAVELBACKENDCHIL/vendor/laravel/framework/src/Illuminate/View/Middleware/ShareErrorsFromSession.php(49): Illuminate\\Pipeline\\Pipeline->{closure:{closure:Illuminate\\Pipeline\\Pipeline::carry():184}:185}(Object(Illuminate\\Http\\Request))
#19 /Users/elijahisrael/Desktop/Projects/chil/LARAVELBACKENDCHIL/vendor/laravel/framework/src/Illuminate/Pipeline/Pipeline.php(209): Illuminate\\View\\Middleware\\ShareErrorsFromSession->handle(Object(Illuminate\\Http\\Request), Object(Closure))
#20 /Users/elijahisrael/Desktop/Projects/chil/LARAVELBACKENDCHIL/vendor/laravel/framework/src/Illuminate/Session/Middleware/StartSession.php(121): Illuminate\\Pipeline\\Pipeline->{closure:{closure:Illuminate\\Pipeline\\Pipeline::carry():184}:185}(Object(Illuminate\\Http\\Request))
#21 /Users/elijahisrael/Desktop/Projects/chil/LARAVELBACKENDCHIL/vendor/laravel/framework/src/Illuminate/Session/Middleware/StartSession.php(64): Illuminate\\Session\\Middleware\\StartSession->handleStatefulRequest(Object(Illuminate\\Http\\Request), Object(Illuminate\\Session\\Store), Object(Closure))
#22 /Users/elijahisrael/Desktop/Projects/chil/LARAVELBACKENDCHIL/vendor/laravel/framework/src/Illuminate/Pipeline/Pipeline.php(209): Illuminate\\Session\\Middleware\\StartSession->handle(Object(Illuminate\\Http\\Request), Object(Closure))
#23 /Users/elijahisrael/Desktop/Projects/chil/LARAVELBACKENDCHIL/vendor/laravel/framework/src/Illuminate/Cookie/Middleware/AddQueuedCookiesToResponse.php(37): Illuminate\\Pipeline\\Pipeline->{closure:{closure:Illuminate\\Pipeline\\Pipeline::carry():184}:185}(Object(Illuminate\\Http\\Request))
#24 /Users/elijahisrael/Desktop/Projects/chil/LARAVELBACKENDCHIL/vendor/laravel/framework/src/Illuminate/Pipeline/Pipeline.php(209): Illuminate\\Cookie\\Middleware\\AddQueuedCookiesToResponse->handle(Object(Illuminate\\Http\\Request), Object(Closure))
#25 /Users/elijahisrael/Desktop/Projects/chil/LARAVELBACKENDCHIL/vendor/laravel/framework/src/Illuminate/Cookie/Middleware/EncryptCookies.php(75): Illuminate\\Pipeline\\Pipeline->{closure:{closure:Illuminate\\Pipeline\\Pipeline::carry():184}:185}(Object(Illuminate\\Http\\Request))
#26 /Users/elijahisrael/Desktop/Projects/chil/LARAVELBACKENDCHIL/vendor/laravel/framework/src/Illuminate/Pipeline/Pipeline.php(209): Illuminate\\Cookie\\Middleware\\EncryptCookies->handle(Object(Illuminate\\Http\\Request), Object(Closure))
#27 /Users/elijahisrael/Desktop/Projects/chil/LARAVELBACKENDCHIL/vendor/laravel/framework/src/Illuminate/Pipeline/Pipeline.php(127): Illuminate\\Pipeline\\Pipeline->{closure:{closure:Illuminate\\Pipeline\\Pipeline::carry():184}:185}(Object(Illuminate\\Http\\Request))
#28 /Users/elijahisrael/Desktop/Projects/chil/LARAVELBACKENDCHIL/vendor/laravel/framework/src/Illuminate/Routing/Router.php(807): Illuminate\\Pipeline\\Pipeline->then(Object(Closure))
#29 /Users/elijahisrael/Desktop/Projects/chil/LARAVELBACKENDCHIL/vendor/laravel/framework/src/Illuminate/Routing/Router.php(786): Illuminate\\Routing\\Router->runRouteWithinStack(Object(Illuminate\\Routing\\Route), Object(Illuminate\\Http\\Request))
#30 /Users/elijahisrael/Desktop/Projects/chil/LARAVELBACKENDCHIL/vendor/laravel/framework/src/Illuminate/Routing/Router.php(750): Illuminate\\Routing\\Router->runRoute(Object(Illuminate\\Http\\Request), Object(Illuminate\\Routing\\Route))
#31 /Users/elijahisrael/Desktop/Projects/chil/LARAVELBACKENDCHIL/vendor/laravel/framework/src/Illuminate/Routing/Router.php(739): Illuminate\\Routing\\Router->dispatchToRoute(Object(Illuminate\\Http\\Request))
#32 /Users/elijahisrael/Desktop/Projects/chil/LARAVELBACKENDCHIL/vendor/laravel/framework/src/Illuminate/Foundation/Http/Kernel.php(201): Illuminate\\Routing\\Router->dispatch(Object(Illuminate\\Http\\Request))
#33 /Users/elijahisrael/Desktop/Projects/chil/LARAVELBACKENDCHIL/vendor/laravel/framework/src/Illuminate/Pipeline/Pipeline.php(170): Illuminate\\Foundation\\Http\\Kernel->{closure:Illuminate\\Foundation\\Http\\Kernel::dispatchToRouter():198}(Object(Illuminate\\Http\\Request))
#34 /Users/elijahisrael/Desktop/Projects/chil/LARAVELBACKENDCHIL/vendor/livewire/livewire/src/Features/SupportDisablingBackButtonCache/DisableBackButtonCacheMiddleware.php(19): Illuminate\\Pipeline\\Pipeline->{closure:Illuminate\\Pipeline\\Pipeline::prepareDestination():168}(Object(Illuminate\\Http\\Request))
#35 /Users/elijahisrael/Desktop/Projects/chil/LARAVELBACKENDCHIL/vendor/laravel/framework/src/Illuminate/Pipeline/Pipeline.php(209): Livewire\\Features\\SupportDisablingBackButtonCache\\DisableBackButtonCacheMiddleware->handle(Object(Illuminate\\Http\\Request), Object(Closure))
#36 /Users/elijahisrael/Desktop/Projects/chil/LARAVELBACKENDCHIL/app/Http/Middleware/Cors.php(31): Illuminate\\Pipeline\\Pipeline->{closure:{closure:Illuminate\\Pipeline\\Pipeline::carry():184}:185}(Object(Illuminate\\Http\\Request))
#37 /Users/elijahisrael/Desktop/Projects/chil/LARAVELBACKENDCHIL/vendor/laravel/framework/src/Illuminate/Pipeline/Pipeline.php(209): App\\Http\\Middleware\\Cors->handle(Object(Illuminate\\Http\\Request), Object(Closure))
#38 /Users/elijahisrael/Desktop/Projects/chil/LARAVELBACKENDCHIL/vendor/laravel/framework/src/Illuminate/Http/Middleware/TrustProxies.php(58): Illuminate\\Pipeline\\Pipeline->{closure:{closure:Illuminate\\Pipeline\\Pipeline::carry():184}:185}(Object(Illuminate\\Http\\Request))
#39 /Users/elijahisrael/Desktop/Projects/chil/LARAVELBACKENDCHIL/vendor/laravel/framework/src/Illuminate/Pipeline/Pipeline.php(209): Illuminate\\Http\\Middleware\\TrustProxies->handle(Object(Illuminate\\Http\\Request), Object(Closure))
#40 /Users/elijahisrael/Desktop/Projects/chil/LARAVELBACKENDCHIL/vendor/laravel/framework/src/Illuminate/Foundation/Http/Middleware/TransformsRequest.php(21): Illuminate\\Pipeline\\Pipeline->{closure:{closure:Illuminate\\Pipeline\\Pipeline::carry():184}:185}(Object(Illuminate\\Http\\Request))
#41 /Users/elijahisrael/Desktop/Projects/chil/LARAVELBACKENDCHIL/vendor/laravel/framework/src/Illuminate/Foundation/Http/Middleware/ConvertEmptyStringsToNull.php(31): Illuminate\\Foundation\\Http\\Middleware\\TransformsRequest->handle(Object(Illuminate\\Http\\Request), Object(Closure))
#42 /Users/elijahisrael/Desktop/Projects/chil/LARAVELBACKENDCHIL/vendor/laravel/framework/src/Illuminate/Pipeline/Pipeline.php(209): Illuminate\\Foundation\\Http\\Middleware\\ConvertEmptyStringsToNull->handle(Object(Illuminate\\Http\\Request), Object(Closure))
#43 /Users/elijahisrael/Desktop/Projects/chil/LARAVELBACKENDCHIL/vendor/laravel/framework/src/Illuminate/Foundation/Http/Middleware/TransformsRequest.php(21): Illuminate\\Pipeline\\Pipeline->{closure:{closure:Illuminate\\Pipeline\\Pipeline::carry():184}:185}(Object(Illuminate\\Http\\Request))
#44 /Users/elijahisrael/Desktop/Projects/chil/LARAVELBACKENDCHIL/vendor/laravel/framework/src/Illuminate/Foundation/Http/Middleware/TrimStrings.php(51): Illuminate\\Foundation\\Http\\Middleware\\TransformsRequest->handle(Object(Illuminate\\Http\\Request), Object(Closure))
#45 /Users/elijahisrael/Desktop/Projects/chil/LARAVELBACKENDCHIL/vendor/laravel/framework/src/Illuminate/Pipeline/Pipeline.php(209): Illuminate\\Foundation\\Http\\Middleware\\TrimStrings->handle(Object(Illuminate\\Http\\Request), Object(Closure))
#46 /Users/elijahisrael/Desktop/Projects/chil/LARAVELBACKENDCHIL/vendor/laravel/framework/src/Illuminate/Http/Middleware/ValidatePostSize.php(27): Illuminate\\Pipeline\\Pipeline->{closure:{closure:Illuminate\\Pipeline\\Pipeline::carry():184}:185}(Object(Illuminate\\Http\\Request))
#47 /Users/elijahisrael/Desktop/Projects/chil/LARAVELBACKENDCHIL/vendor/laravel/framework/src/Illuminate/Pipeline/Pipeline.php(209): Illuminate\\Http\\Middleware\\ValidatePostSize->handle(Object(Illuminate\\Http\\Request), Object(Closure))
#48 /Users/elijahisrael/Desktop/Projects/chil/LARAVELBACKENDCHIL/vendor/laravel/framework/src/Illuminate/Foundation/Http/Middleware/PreventRequestsDuringMaintenance.php(110): Illuminate\\Pipeline\\Pipeline->{closure:{closure:Illuminate\\Pipeline\\Pipeline::carry():184}:185}(Object(Illuminate\\Http\\Request))
#49 /Users/elijahisrael/Desktop/Projects/chil/LARAVELBACKENDCHIL/vendor/laravel/framework/src/Illuminate/Pipeline/Pipeline.php(209): Illuminate\\Foundation\\Http\\Middleware\\PreventRequestsDuringMaintenance->handle(Object(Illuminate\\Http\\Request), Object(Closure))
#50 /Users/elijahisrael/Desktop/Projects/chil/LARAVELBACKENDCHIL/vendor/laravel/framework/src/Illuminate/Pipeline/Pipeline.php(127): Illuminate\\Pipeline\\Pipeline->{closure:{closure:Illuminate\\Pipeline\\Pipeline::carry():184}:185}(Object(Illuminate\\Http\\Request))
#51 /Users/elijahisrael/Desktop/Projects/chil/LARAVELBACKENDCHIL/vendor/laravel/framework/src/Illuminate/Foundation/Http/Kernel.php(176): Illuminate\\Pipeline\\Pipeline->then(Object(Closure))
#52 /Users/elijahisrael/Desktop/Projects/chil/LARAVELBACKENDCHIL/vendor/laravel/framework/src/Illuminate/Foundation/Http/Kernel.php(145): Illuminate\\Foundation\\Http\\Kernel->sendRequestThroughRouter(Object(Illuminate\\Http\\Request))
#53 /Users/elijahisrael/Desktop/Projects/chil/LARAVELBACKENDCHIL/public/index.php(54): Illuminate\\Foundation\\Http\\Kernel->handle(Object(Illuminate\\Http\\Request))
#54 /Users/elijahisrael/Desktop/Projects/chil/LARAVELBACKENDCHIL/server.php(21): require_once('/Users/elijahis...')
#55 {main}

[previous exception] [object] (Illuminate\\View\\ViewException(code: 0): Call to undefined function school() (View: /Users/elijahisrael/Desktop/Projects/chil/LARAVELBACKENDCHIL/resources/views/layouts/sidebar.blade.php) at /Users/elijahisrael/Desktop/Projects/chil/LARAVELBACKENDCHIL/storage/framework/views/c0667ced79c677f8fee0566ce64d6e5a.php:6)
[stacktrace]
#0 /Users/elijahisrael/Desktop/Projects/chil/LARAVELBACKENDCHIL/vendor/livewire/livewire/src/Mechanisms/ExtendBlade/ExtendedCompilerEngine.php(58): Illuminate\\View\\Engines\\CompilerEngine->handleViewException(Object(Error), 1)
#1 /Users/elijahisrael/Desktop/Projects/chil/LARAVELBACKENDCHIL/vendor/laravel/framework/src/Illuminate/View/Engines/PhpEngine.php(60): Livewire\\Mechanisms\\ExtendBlade\\ExtendedCompilerEngine->handleViewException(Object(Error), 1)
#2 /Users/elijahisrael/Desktop/Projects/chil/LARAVELBACKENDCHIL/vendor/livewire/livewire/src/Mechanisms/ExtendBlade/ExtendedCompilerEngine.php(22): Illuminate\\View\\Engines\\PhpEngine->evaluatePath('/Users/elijahis...', Array)
#3 /Users/elijahisrael/Desktop/Projects/chil/LARAVELBACKENDCHIL/vendor/laravel/framework/src/Illuminate/View/Engines/CompilerEngine.php(75): Livewire\\Mechanisms\\ExtendBlade\\ExtendedCompilerEngine->evaluatePath('/Users/elijahis...', Array)
#4 /Users/elijahisrael/Desktop/Projects/chil/LARAVELBACKENDCHIL/vendor/livewire/livewire/src/Mechanisms/ExtendBlade/ExtendedCompilerEngine.php(10): Illuminate\\View\\Engines\\CompilerEngine->get('/Users/elijahis...', Array)
#5 /Users/elijahisrael/Desktop/Projects/chil/LARAVELBACKENDCHIL/vendor/laravel/framework/src/Illuminate/View/View.php(209): Livewire\\Mechanisms\\ExtendBlade\\ExtendedCompilerEngine->get('/Users/elijahis...', Array)
#6 /Users/elijahisrael/Desktop/Projects/chil/LARAVELBACKENDCHIL/vendor/laravel/framework/src/Illuminate/View/View.php(192): Illuminate\\View\\View->getContents()
#7 /Users/elijahisrael/Desktop/Projects/chil/LARAVELBACKENDCHIL/vendor/laravel/framework/src/Illuminate/View/View.php(161): Illuminate\\View\\View->renderContents()
#8 /Users/elijahisrael/Desktop/Projects/chil/LARAVELBACKENDCHIL/storage/framework/views/41441880c795a5212f4bb7d3ff8044e6.php(128): Illuminate\\View\\View->render()
#9 /Users/elijahisrael/Desktop/Projects/chil/LARAVELBACKENDCHIL/vendor/laravel/framework/src/Illuminate/Filesystem/Filesystem.php(123): require('/Users/elijahis...')
#10 /Users/elijahisrael/Desktop/Projects/chil/LARAVELBACKENDCHIL/vendor/laravel/framework/src/Illuminate/Filesystem/Filesystem.php(124): Illuminate\\Filesystem\\Filesystem::{closure:Illuminate\\Filesystem\\Filesystem::getRequire():120}()
#11 /Users/elijahisrael/Desktop/Projects/chil/LARAVELBACKENDCHIL/vendor/laravel/framework/src/Illuminate/View/Engines/PhpEngine.php(58): Illuminate\\Filesystem\\Filesystem->getRequire('/Users/elijahis...', Array)
#12 /Users/elijahisrael/Desktop/Projects/chil/LARAVELBACKENDCHIL/vendor/livewire/livewire/src/Mechanisms/ExtendBlade/ExtendedCompilerEngine.php(22): Illuminate\\View\\Engines\\PhpEngine->evaluatePath('/Users/elijahis...', Array)
#13 /Users/elijahisrael/Desktop/Projects/chil/LARAVELBACKENDCHIL/vendor/laravel/framework/src/Illuminate/View/Engines/CompilerEngine.php(75): Livewire\\Mechanisms\\ExtendBlade\\ExtendedCompilerEngine->evaluatePath('/Users/elijahis...', Array)
#14 /Users/elijahisrael/Desktop/Projects/chil/LARAVELBACKENDCHIL/vendor/livewire/livewire/src/Mechanisms/ExtendBlade/ExtendedCompilerEngine.php(10): Illuminate\\View\\Engines\\CompilerEngine->get('/Users/elijahis...', Array)
#15 /Users/elijahisrael/Desktop/Projects/chil/LARAVELBACKENDCHIL/vendor/laravel/framework/src/Illuminate/View/View.php(209): Livewire\\Mechanisms\\ExtendBlade\\ExtendedCompilerEngine->get('/Users/elijahis...', Array)
#16 /Users/elijahisrael/Desktop/Projects/chil/LARAVELBACKENDCHIL/vendor/laravel/framework/src/Illuminate/View/View.php(192): Illuminate\\View\\View->getContents()
#17 /Users/elijahisrael/Desktop/Projects/chil/LARAVELBACKENDCHIL/vendor/laravel/framework/src/Illuminate/View/View.php(161): Illuminate\\View\\View->renderContents()
#18 /Users/elijahisrael/Desktop/Projects/chil/LARAVELBACKENDCHIL/vendor/laravel/framework/src/Illuminate/Http/Response.php(79): Illuminate\\View\\View->render()
#19 /Users/elijahisrael/Desktop/Projects/chil/LARAVELBACKENDCHIL/vendor/laravel/framework/src/Illuminate/Http/Response.php(35): Illuminate\\Http\\Response->setContent(Object(Illuminate\\View\\View))
#20 /Users/elijahisrael/Desktop/Projects/chil/LARAVELBACKENDCHIL/vendor/laravel/framework/src/Illuminate/Routing/Router.php(920): Illuminate\\Http\\Response->__construct(Object(Illuminate\\View\\View), 200, Array)
#21 /Users/elijahisrael/Desktop/Projects/chil/LARAVELBACKENDCHIL/vendor/laravel/framework/src/Illuminate/Routing/Router.php(887): Illuminate\\Routing\\Router::toResponse(Object(Illuminate\\Http\\Request), Object(Illuminate\\View\\View))
#22 /Users/elijahisrael/Desktop/Projects/chil/LARAVELBACKENDCHIL/vendor/laravel/framework/src/Illuminate/Routing/Router.php(807): Illuminate\\Routing\\Router->prepareResponse(Object(Illuminate\\Http\\Request), Object(Illuminate\\View\\View))
#23 /Users/elijahisrael/Desktop/Projects/chil/LARAVELBACKENDCHIL/vendor/laravel/framework/src/Illuminate/Pipeline/Pipeline.php(170): Illuminate\\Routing\\Router->{closure:Illuminate\\Routing\\Router::runRouteWithinStack():807}(Object(Illuminate\\Http\\Request))
#24 /Users/elijahisrael/Desktop/Projects/chil/LARAVELBACKENDCHIL/vendor/laravel/framework/src/Illuminate/Routing/Middleware/SubstituteBindings.php(51): Illuminate\\Pipeline\\Pipeline->{closure:Illuminate\\Pipeline\\Pipeline::prepareDestination():168}(Object(Illuminate\\Http\\Request))
#25 /Users/elijahisrael/Desktop/Projects/chil/LARAVELBACKENDCHIL/vendor/laravel/framework/src/Illuminate/Pipeline/Pipeline.php(209): Illuminate\\Routing\\Middleware\\SubstituteBindings->handle(Object(Illuminate\\Http\\Request), Object(Closure))
#26 /Users/elijahisrael/Desktop/Projects/chil/LARAVELBACKENDCHIL/vendor/laravel/framework/src/Illuminate/Foundation/Http/Middleware/VerifyCsrfToken.php(88): Illuminate\\Pipeline\\Pipeline->{closure:{closure:Illuminate\\Pipeline\\Pipeline::carry():184}:185}(Object(Illuminate\\Http\\Request))
#27 /Users/elijahisrael/Desktop/Projects/chil/LARAVELBACKENDCHIL/vendor/laravel/framework/src/Illuminate/Pipeline/Pipeline.php(209): Illuminate\\Foundation\\Http\\Middleware\\VerifyCsrfToken->handle(Object(Illuminate\\Http\\Request), Object(Closure))
#28 /Users/elijahisrael/Desktop/Projects/chil/LARAVELBACKENDCHIL/vendor/laravel/framework/src/Illuminate/View/Middleware/ShareErrorsFromSession.php(49): Illuminate\\Pipeline\\Pipeline->{closure:{closure:Illuminate\\Pipeline\\Pipeline::carry():184}:185}(Object(Illuminate\\Http\\Request))
#29 /Users/elijahisrael/Desktop/Projects/chil/LARAVELBACKENDCHIL/vendor/laravel/framework/src/Illuminate/Pipeline/Pipeline.php(209): Illuminate\\View\\Middleware\\ShareErrorsFromSession->handle(Object(Illuminate\\Http\\Request), Object(Closure))
#30 /Users/elijahisrael/Desktop/Projects/chil/LARAVELBACKENDCHIL/vendor/laravel/framework/src/Illuminate/Session/Middleware/StartSession.php(121): Illuminate\\Pipeline\\Pipeline->{closure:{closure:Illuminate\\Pipeline\\Pipeline::carry():184}:185}(Object(Illuminate\\Http\\Request))
#31 /Users/elijahisrael/Desktop/Projects/chil/LARAVELBACKENDCHIL/vendor/laravel/framework/src/Illuminate/Session/Middleware/StartSession.php(64): Illuminate\\Session\\Middleware\\StartSession->handleStatefulRequest(Object(Illuminate\\Http\\Request), Object(Illuminate\\Session\\Store), Object(Closure))
#32 /Users/elijahisrael/Desktop/Projects/chil/LARAVELBACKENDCHIL/vendor/laravel/framework/src/Illuminate/Pipeline/Pipeline.php(209): Illuminate\\Session\\Middleware\\StartSession->handle(Object(Illuminate\\Http\\Request), Object(Closure))
#33 /Users/elijahisrael/Desktop/Projects/chil/LARAVELBACKENDCHIL/vendor/laravel/framework/src/Illuminate/Cookie/Middleware/AddQueuedCookiesToResponse.php(37): Illuminate\\Pipeline\\Pipeline->{closure:{closure:Illuminate\\Pipeline\\Pipeline::carry():184}:185}(Object(Illuminate\\Http\\Request))
#34 /Users/elijahisrael/Desktop/Projects/chil/LARAVELBACKENDCHIL/vendor/laravel/framework/src/Illuminate/Pipeline/Pipeline.php(209): Illuminate\\Cookie\\Middleware\\AddQueuedCookiesToResponse->handle(Object(Illuminate\\Http\\Request), Object(Closure))
#35 /Users/elijahisrael/Desktop/Projects/chil/LARAVELBACKENDCHIL/vendor/laravel/framework/src/Illuminate/Cookie/Middleware/EncryptCookies.php(75): Illuminate\\Pipeline\\Pipeline->{closure:{closure:Illuminate\\Pipeline\\Pipeline::carry():184}:185}(Object(Illuminate\\Http\\Request))
#36 /Users/elijahisrael/Desktop/Projects/chil/LARAVELBACKENDCHIL/vendor/laravel/framework/src/Illuminate/Pipeline/Pipeline.php(209): Illuminate\\Cookie\\Middleware\\EncryptCookies->handle(Object(Illuminate\\Http\\Request), Object(Closure))
#37 /Users/elijahisrael/Desktop/Projects/chil/LARAVELBACKENDCHIL/vendor/laravel/framework/src/Illuminate/Pipeline/Pipeline.php(127): Illuminate\\Pipeline\\Pipeline->{closure:{closure:Illuminate\\Pipeline\\Pipeline::carry():184}:185}(Object(Illuminate\\Http\\Request))
#38 /Users/elijahisrael/Desktop/Projects/chil/LARAVELBACKENDCHIL/vendor/laravel/framework/src/Illuminate/Routing/Router.php(807): Illuminate\\Pipeline\\Pipeline->then(Object(Closure))
#39 /Users/elijahisrael/Desktop/Projects/chil/LARAVELBACKENDCHIL/vendor/laravel/framework/src/Illuminate/Routing/Router.php(786): Illuminate\\Routing\\Router->runRouteWithinStack(Object(Illuminate\\Routing\\Route), Object(Illuminate\\Http\\Request))
#40 /Users/elijahisrael/Desktop/Projects/chil/LARAVELBACKENDCHIL/vendor/laravel/framework/src/Illuminate/Routing/Router.php(750): Illuminate\\Routing\\Router->runRoute(Object(Illuminate\\Http\\Request), Object(Illuminate\\Routing\\Route))
#41 /Users/elijahisrael/Desktop/Projects/chil/LARAVELBACKENDCHIL/vendor/laravel/framework/src/Illuminate/Routing/Router.php(739): Illuminate\\Routing\\Router->dispatchToRoute(Object(Illuminate\\Http\\Request))
#42 /Users/elijahisrael/Desktop/Projects/chil/LARAVELBACKENDCHIL/vendor/laravel/framework/src/Illuminate/Foundation/Http/Kernel.php(201): Illuminate\\Routing\\Router->dispatch(Object(Illuminate\\Http\\Request))
#43 /Users/elijahisrael/Desktop/Projects/chil/LARAVELBACKENDCHIL/vendor/laravel/framework/src/Illuminate/Pipeline/Pipeline.php(170): Illuminate\\Foundation\\Http\\Kernel->{closure:Illuminate\\Foundation\\Http\\Kernel::dispatchToRouter():198}(Object(Illuminate\\Http\\Request))
#44 /Users/elijahisrael/Desktop/Projects/chil/LARAVELBACKENDCHIL/vendor/livewire/livewire/src/Features/SupportDisablingBackButtonCache/DisableBackButtonCacheMiddleware.php(19): Illuminate\\Pipeline\\Pipeline->{closure:Illuminate\\Pipeline\\Pipeline::prepareDestination():168}(Object(Illuminate\\Http\\Request))
#45 /Users/elijahisrael/Desktop/Projects/chil/LARAVELBACKENDCHIL/vendor/laravel/framework/src/Illuminate/Pipeline/Pipeline.php(209): Livewire\\Features\\SupportDisablingBackButtonCache\\DisableBackButtonCacheMiddleware->handle(Object(Illuminate\\Http\\Request), Object(Closure))
#46 /Users/elijahisrael/Desktop/Projects/chil/LARAVELBACKENDCHIL/app/Http/Middleware/Cors.php(31): Illuminate\\Pipeline\\Pipeline->{closure:{closure:Illuminate\\Pipeline\\Pipeline::carry():184}:185}(Object(Illuminate\\Http\\Request))
#47 /Users/elijahisrael/Desktop/Projects/chil/LARAVELBACKENDCHIL/vendor/laravel/framework/src/Illuminate/Pipeline/Pipeline.php(209): App\\Http\\Middleware\\Cors->handle(Object(Illuminate\\Http\\Request), Object(Closure))
#48 /Users/elijahisrael/Desktop/Projects/chil/LARAVELBACKENDCHIL/vendor/laravel/framework/src/Illuminate/Http/Middleware/TrustProxies.php(58): Illuminate\\Pipeline\\Pipeline->{closure:{closure:Illuminate\\Pipeline\\Pipeline::carry():184}:185}(Object(Illuminate\\Http\\Request))
#49 /Users/elijahisrael/Desktop/Projects/chil/LARAVELBACKENDCHIL/vendor/laravel/framework/src/Illuminate/Pipeline/Pipeline.php(209): Illuminate\\Http\\Middleware\\TrustProxies->handle(Object(Illuminate\\Http\\Request), Object(Closure))
#50 /Users/elijahisrael/Desktop/Projects/chil/LARAVELBACKENDCHIL/vendor/laravel/framework/src/Illuminate/Foundation/Http/Middleware/TransformsRequest.php(21): Illuminate\\Pipeline\\Pipeline->{closure:{closure:Illuminate\\Pipeline\\Pipeline::carry():184}:185}(Object(Illuminate\\Http\\Request))
#51 /Users/elijahisrael/Desktop/Projects/chil/LARAVELBACKENDCHIL/vendor/laravel/framework/src/Illuminate/Foundation/Http/Middleware/ConvertEmptyStringsToNull.php(31): Illuminate\\Foundation\\Http\\Middleware\\TransformsRequest->handle(Object(Illuminate\\Http\\Request), Object(Closure))
#52 /Users/elijahisrael/Desktop/Projects/chil/LARAVELBACKENDCHIL/vendor/laravel/framework/src/Illuminate/Pipeline/Pipeline.php(209): Illuminate\\Foundation\\Http\\Middleware\\ConvertEmptyStringsToNull->handle(Object(Illuminate\\Http\\Request), Object(Closure))
#53 /Users/elijahisrael/Desktop/Projects/chil/LARAVELBACKENDCHIL/vendor/laravel/framework/src/Illuminate/Foundation/Http/Middleware/TransformsRequest.php(21): Illuminate\\Pipeline\\Pipeline->{closure:{closure:Illuminate\\Pipeline\\Pipeline::carry():184}:185}(Object(Illuminate\\Http\\Request))
#54 /Users/elijahisrael/Desktop/Projects/chil/LARAVELBACKENDCHIL/vendor/laravel/framework/src/Illuminate/Foundation/Http/Middleware/TrimStrings.php(51): Illuminate\\Foundation\\Http\\Middleware\\TransformsRequest->handle(Object(Illuminate\\Http\\Request), Object(Closure))
#55 /Users/elijahisrael/Desktop/Projects/chil/LARAVELBACKENDCHIL/vendor/laravel/framework/src/Illuminate/Pipeline/Pipeline.php(209): Illuminate\\Foundation\\Http\\Middleware\\TrimStrings->handle(Object(Illuminate\\Http\\Request), Object(Closure))
#56 /Users/elijahisrael/Desktop/Projects/chil/LARAVELBACKENDCHIL/vendor/laravel/framework/src/Illuminate/Http/Middleware/ValidatePostSize.php(27): Illuminate\\Pipeline\\Pipeline->{closure:{closure:Illuminate\\Pipeline\\Pipeline::carry():184}:185}(Object(Illuminate\\Http\\Request))
#57 /Users/elijahisrael/Desktop/Projects/chil/LARAVELBACKENDCHIL/vendor/laravel/framework/src/Illuminate/Pipeline/Pipeline.php(209): Illuminate\\Http\\Middleware\\ValidatePostSize->handle(Object(Illuminate\\Http\\Request), Object(Closure))
#58 /Users/elijahisrael/Desktop/Projects/chil/LARAVELBACKENDCHIL/vendor/laravel/framework/src/Illuminate/Foundation/Http/Middleware/PreventRequestsDuringMaintenance.php(110): Illuminate\\Pipeline\\Pipeline->{closure:{closure:Illuminate\\Pipeline\\Pipeline::carry():184}:185}(Object(Illuminate\\Http\\Request))
#59 /Users/elijahisrael/Desktop/Projects/chil/LARAVELBACKENDCHIL/vendor/laravel/framework/src/Illuminate/Pipeline/Pipeline.php(209): Illuminate\\Foundation\\Http\\Middleware\\PreventRequestsDuringMaintenance->handle(Object(Illuminate\\Http\\Request), Object(Closure))
#60 /Users/elijahisrael/Desktop/Projects/chil/LARAVELBACKENDCHIL/vendor/laravel/framework/src/Illuminate/Pipeline/Pipeline.php(127): Illuminate\\Pipeline\\Pipeline->{closure:{closure:Illuminate\\Pipeline\\Pipeline::carry():184}:185}(Object(Illuminate\\Http\\Request))
#61 /Users/elijahisrael/Desktop/Projects/chil/LARAVELBACKENDCHIL/vendor/laravel/framework/src/Illuminate/Foundation/Http/Kernel.php(176): Illuminate\\Pipeline\\Pipeline->then(Object(Closure))
#62 /Users/elijahisrael/Desktop/Projects/chil/LARAVELBACKENDCHIL/vendor/laravel/framework/src/Illuminate/Foundation/Http/Kernel.php(145): Illuminate\\Foundation\\Http\\Kernel->sendRequestThroughRouter(Object(Illuminate\\Http\\Request))
#63 /Users/elijahisrael/Desktop/Projects/chil/LARAVELBACKENDCHIL/public/index.php(54): Illuminate\\Foundation\\Http\\Kernel->handle(Object(Illuminate\\Http\\Request))
#64 /Users/elijahisrael/Desktop/Projects/chil/LARAVELBACKENDCHIL/server.php(21): require_once('/Users/elijahis...')
#65 {main}

[previous exception] [object] (Error(code: 0): Call to undefined function school() at /Users/elijahisrael/Desktop/Projects/chil/LARAVELBACKENDCHIL/storage/framework/views/c0667ced79c677f8fee0566ce64d6e5a.php:6)
[stacktrace]
#0 /Users/elijahisrael/Desktop/Projects/chil/LARAVELBACKENDCHIL/vendor/laravel/framework/src/Illuminate/Filesystem/Filesystem.php(123): require()
#1 /Users/elijahisrael/Desktop/Projects/chil/LARAVELBACKENDCHIL/vendor/laravel/framework/src/Illuminate/Filesystem/Filesystem.php(124): Illuminate\\Filesystem\\Filesystem::{closure:Illuminate\\Filesystem\\Filesystem::getRequire():120}()
#2 /Users/elijahisrael/Desktop/Projects/chil/LARAVELBACKENDCHIL/vendor/laravel/framework/src/Illuminate/View/Engines/PhpEngine.php(58): Illuminate\\Filesystem\\Filesystem->getRequire('/Users/elijahis...', Array)
#3 /Users/elijahisrael/Desktop/Projects/chil/LARAVELBACKENDCHIL/vendor/livewire/livewire/src/Mechanisms/ExtendBlade/ExtendedCompilerEngine.php(22): Illuminate\\View\\Engines\\PhpEngine->evaluatePath('/Users/elijahis...', Array)
#4 /Users/elijahisrael/Desktop/Projects/chil/LARAVELBACKENDCHIL/vendor/laravel/framework/src/Illuminate/View/Engines/CompilerEngine.php(75): Livewire\\Mechanisms\\ExtendBlade\\ExtendedCompilerEngine->evaluatePath('/Users/elijahis...', Array)
#5 /Users/elijahisrael/Desktop/Projects/chil/LARAVELBACKENDCHIL/vendor/livewire/livewire/src/Mechanisms/ExtendBlade/ExtendedCompilerEngine.php(10): Illuminate\\View\\Engines\\CompilerEngine->get('/Users/elijahis...', Array)
#6 /Users/elijahisrael/Desktop/Projects/chil/LARAVELBACKENDCHIL/vendor/laravel/framework/src/Illuminate/View/View.php(209): Livewire\\Mechanisms\\ExtendBlade\\ExtendedCompilerEngine->get('/Users/elijahis...', Array)
#7 /Users/elijahisrael/Desktop/Projects/chil/LARAVELBACKENDCHIL/vendor/laravel/framework/src/Illuminate/View/View.php(192): Illuminate\\View\\View->getContents()
#8 /Users/elijahisrael/Desktop/Projects/chil/LARAVELBACKENDCHIL/vendor/laravel/framework/src/Illuminate/View/View.php(161): Illuminate\\View\\View->renderContents()
#9 /Users/elijahisrael/Desktop/Projects/chil/LARAVELBACKENDCHIL/storage/framework/views/41441880c795a5212f4bb7d3ff8044e6.php(128): Illuminate\\View\\View->render()
#10 /Users/elijahisrael/Desktop/Projects/chil/LARAVELBACKENDCHIL/vendor/laravel/framework/src/Illuminate/Filesystem/Filesystem.php(123): require('/Users/elijahis...')
#11 /Users/elijahisrael/Desktop/Projects/chil/LARAVELBACKENDCHIL/vendor/laravel/framework/src/Illuminate/Filesystem/Filesystem.php(124): Illuminate\\Filesystem\\Filesystem::{closure:Illuminate\\Filesystem\\Filesystem::getRequire():120}()
#12 /Users/elijahisrael/Desktop/Projects/chil/LARAVELBACKENDCHIL/vendor/laravel/framework/src/Illuminate/View/Engines/PhpEngine.php(58): Illuminate\\Filesystem\\Filesystem->getRequire('/Users/elijahis...', Array)
#13 /Users/elijahisrael/Desktop/Projects/chil/LARAVELBACKENDCHIL/vendor/livewire/livewire/src/Mechanisms/ExtendBlade/ExtendedCompilerEngine.php(22): Illuminate\\View\\Engines\\PhpEngine->evaluatePath('/Users/elijahis...', Array)
#14 /Users/elijahisrael/Desktop/Projects/chil/LARAVELBACKENDCHIL/vendor/laravel/framework/src/Illuminate/View/Engines/CompilerEngine.php(75): Livewire\\Mechanisms\\ExtendBlade\\ExtendedCompilerEngine->evaluatePath('/Users/elijahis...', Array)
#15 /Users/elijahisrael/Desktop/Projects/chil/LARAVELBACKENDCHIL/vendor/livewire/livewire/src/Mechanisms/ExtendBlade/ExtendedCompilerEngine.php(10): Illuminate\\View\\Engines\\CompilerEngine->get('/Users/elijahis...', Array)
#16 /Users/elijahisrael/Desktop/Projects/chil/LARAVELBACKENDCHIL/vendor/laravel/framework/src/Illuminate/View/View.php(209): Livewire\\Mechanisms\\ExtendBlade\\ExtendedCompilerEngine->get('/Users/elijahis...', Array)
#17 /Users/elijahisrael/Desktop/Projects/chil/LARAVELBACKENDCHIL/vendor/laravel/framework/src/Illuminate/View/View.php(192): Illuminate\\View\\View->getContents()
#18 /Users/elijahisrael/Desktop/Projects/chil/LARAVELBACKENDCHIL/vendor/laravel/framework/src/Illuminate/View/View.php(161): Illuminate\\View\\View->renderContents()
#19 /Users/elijahisrael/Desktop/Projects/chil/LARAVELBACKENDCHIL/vendor/laravel/framework/src/Illuminate/Http/Response.php(79): Illuminate\\View\\View->render()
#20 /Users/elijahisrael/Desktop/Projects/chil/LARAVELBACKENDCHIL/vendor/laravel/framework/src/Illuminate/Http/Response.php(35): Illuminate\\Http\\Response->setContent(Object(Illuminate\\View\\View))
#21 /Users/elijahisrael/Desktop/Projects/chil/LARAVELBACKENDCHIL/vendor/laravel/framework/src/Illuminate/Routing/Router.php(920): Illuminate\\Http\\Response->__construct(Object(Illuminate\\View\\View), 200, Array)
#22 /Users/elijahisrael/Desktop/Projects/chil/LARAVELBACKENDCHIL/vendor/laravel/framework/src/Illuminate/Routing/Router.php(887): Illuminate\\Routing\\Router::toResponse(Object(Illuminate\\Http\\Request), Object(Illuminate\\View\\View))
#23 /Users/elijahisrael/Desktop/Projects/chil/LARAVELBACKENDCHIL/vendor/laravel/framework/src/Illuminate/Routing/Router.php(807): Illuminate\\Routing\\Router->prepareResponse(Object(Illuminate\\Http\\Request), Object(Illuminate\\View\\View))
#24 /Users/elijahisrael/Desktop/Projects/chil/LARAVELBACKENDCHIL/vendor/laravel/framework/src/Illuminate/Pipeline/Pipeline.php(170): Illuminate\\Routing\\Router->{closure:Illuminate\\Routing\\Router::runRouteWithinStack():807}(Object(Illuminate\\Http\\Request))
#25 /Users/elijahisrael/Desktop/Projects/chil/LARAVELBACKENDCHIL/vendor/laravel/framework/src/Illuminate/Routing/Middleware/SubstituteBindings.php(51): Illuminate\\Pipeline\\Pipeline->{closure:Illuminate\\Pipeline\\Pipeline::prepareDestination():168}(Object(Illuminate\\Http\\Request))
#26 /Users/elijahisrael/Desktop/Projects/chil/LARAVELBACKENDCHIL/vendor/laravel/framework/src/Illuminate/Pipeline/Pipeline.php(209): Illuminate\\Routing\\Middleware\\SubstituteBindings->handle(Object(Illuminate\\Http\\Request), Object(Closure))
#27 /Users/elijahisrael/Desktop/Projects/chil/LARAVELBACKENDCHIL/vendor/laravel/framework/src/Illuminate/Foundation/Http/Middleware/VerifyCsrfToken.php(88): Illuminate\\Pipeline\\Pipeline->{closure:{closure:Illuminate\\Pipeline\\Pipeline::carry():184}:185}(Object(Illuminate\\Http\\Request))
#28 /Users/elijahisrael/Desktop/Projects/chil/LARAVELBACKENDCHIL/vendor/laravel/framework/src/Illuminate/Pipeline/Pipeline.php(209): Illuminate\\Foundation\\Http\\Middleware\\VerifyCsrfToken->handle(Object(Illuminate\\Http\\Request), Object(Closure))
#29 /Users/elijahisrael/Desktop/Projects/chil/LARAVELBACKENDCHIL/vendor/laravel/framework/src/Illuminate/View/Middleware/ShareErrorsFromSession.php(49): Illuminate\\Pipeline\\Pipeline->{closure:{closure:Illuminate\\Pipeline\\Pipeline::carry():184}:185}(Object(Illuminate\\Http\\Request))
#30 /Users/elijahisrael/Desktop/Projects/chil/LARAVELBACKENDCHIL/vendor/laravel/framework/src/Illuminate/Pipeline/Pipeline.php(209): Illuminate\\View\\Middleware\\ShareErrorsFromSession->handle(Object(Illuminate\\Http\\Request), Object(Closure))
#31 /Users/elijahisrael/Desktop/Projects/chil/LARAVELBACKENDCHIL/vendor/laravel/framework/src/Illuminate/Session/Middleware/StartSession.php(121): Illuminate\\Pipeline\\Pipeline->{closure:{closure:Illuminate\\Pipeline\\Pipeline::carry():184}:185}(Object(Illuminate\\Http\\Request))
#32 /Users/elijahisrael/Desktop/Projects/chil/LARAVELBACKENDCHIL/vendor/laravel/framework/src/Illuminate/Session/Middleware/StartSession.php(64): Illuminate\\Session\\Middleware\\StartSession->handleStatefulRequest(Object(Illuminate\\Http\\Request), Object(Illuminate\\Session\\Store), Object(Closure))
#33 /Users/elijahisrael/Desktop/Projects/chil/LARAVELBACKENDCHIL/vendor/laravel/framework/src/Illuminate/Pipeline/Pipeline.php(209): Illuminate\\Session\\Middleware\\StartSession->handle(Object(Illuminate\\Http\\Request), Object(Closure))
#34 /Users/elijahisrael/Desktop/Projects/chil/LARAVELBACKENDCHIL/vendor/laravel/framework/src/Illuminate/Cookie/Middleware/AddQueuedCookiesToResponse.php(37): Illuminate\\Pipeline\\Pipeline->{closure:{closure:Illuminate\\Pipeline\\Pipeline::carry():184}:185}(Object(Illuminate\\Http\\Request))
#35 /Users/elijahisrael/Desktop/Projects/chil/LARAVELBACKENDCHIL/vendor/laravel/framework/src/Illuminate/Pipeline/Pipeline.php(209): Illuminate\\Cookie\\Middleware\\AddQueuedCookiesToResponse->handle(Object(Illuminate\\Http\\Request), Object(Closure))
#36 /Users/elijahisrael/Desktop/Projects/chil/LARAVELBACKENDCHIL/vendor/laravel/framework/src/Illuminate/Cookie/Middleware/EncryptCookies.php(75): Illuminate\\Pipeline\\Pipeline->{closure:{closure:Illuminate\\Pipeline\\Pipeline::carry():184}:185}(Object(Illuminate\\Http\\Request))
#37 /Users/elijahisrael/Desktop/Projects/chil/LARAVELBACKENDCHIL/vendor/laravel/framework/src/Illuminate/Pipeline/Pipeline.php(209): Illuminate\\Cookie\\Middleware\\EncryptCookies->handle(Object(Illuminate\\Http\\Request), Object(Closure))
#38 /Users/elijahisrael/Desktop/Projects/chil/LARAVELBACKENDCHIL/vendor/laravel/framework/src/Illuminate/Pipeline/Pipeline.php(127): Illuminate\\Pipeline\\Pipeline->{closure:{closure:Illuminate\\Pipeline\\Pipeline::carry():184}:185}(Object(Illuminate\\Http\\Request))
#39 /Users/elijahisrael/Desktop/Projects/chil/LARAVELBACKENDCHIL/vendor/laravel/framework/src/Illuminate/Routing/Router.php(807): Illuminate\\Pipeline\\Pipeline->then(Object(Closure))
#40 /Users/elijahisrael/Desktop/Projects/chil/LARAVELBACKENDCHIL/vendor/laravel/framework/src/Illuminate/Routing/Router.php(786): Illuminate\\Routing\\Router->runRouteWithinStack(Object(Illuminate\\Routing\\Route), Object(Illuminate\\Http\\Request))
#41 /Users/elijahisrael/Desktop/Projects/chil/LARAVELBACKENDCHIL/vendor/laravel/framework/src/Illuminate/Routing/Router.php(750): Illuminate\\Routing\\Router->runRoute(Object(Illuminate\\Http\\Request), Object(Illuminate\\Routing\\Route))
#42 /Users/elijahisrael/Desktop/Projects/chil/LARAVELBACKENDCHIL/vendor/laravel/framework/src/Illuminate/Routing/Router.php(739): Illuminate\\Routing\\Router->dispatchToRoute(Object(Illuminate\\Http\\Request))
#43 /Users/elijahisrael/Desktop/Projects/chil/LARAVELBACKENDCHIL/vendor/laravel/framework/src/Illuminate/Foundation/Http/Kernel.php(201): Illuminate\\Routing\\Router->dispatch(Object(Illuminate\\Http\\Request))
#44 /Users/elijahisrael/Desktop/Projects/chil/LARAVELBACKENDCHIL/vendor/laravel/framework/src/Illuminate/Pipeline/Pipeline.php(170): Illuminate\\Foundation\\Http\\Kernel->{closure:Illuminate\\Foundation\\Http\\Kernel::dispatchToRouter():198}(Object(Illuminate\\Http\\Request))
#45 /Users/elijahisrael/Desktop/Projects/chil/LARAVELBACKENDCHIL/vendor/livewire/livewire/src/Features/SupportDisablingBackButtonCache/DisableBackButtonCacheMiddleware.php(19): Illuminate\\Pipeline\\Pipeline->{closure:Illuminate\\Pipeline\\Pipeline::prepareDestination():168}(Object(Illuminate\\Http\\Request))
#46 /Users/elijahisrael/Desktop/Projects/chil/LARAVELBACKENDCHIL/vendor/laravel/framework/src/Illuminate/Pipeline/Pipeline.php(209): Livewire\\Features\\SupportDisablingBackButtonCache\\DisableBackButtonCacheMiddleware->handle(Object(Illuminate\\Http\\Request), Object(Closure))
#47 /Users/elijahisrael/Desktop/Projects/chil/LARAVELBACKENDCHIL/app/Http/Middleware/Cors.php(31): Illuminate\\Pipeline\\Pipeline->{closure:{closure:Illuminate\\Pipeline\\Pipeline::carry():184}:185}(Object(Illuminate\\Http\\Request))
#48 /Users/elijahisrael/Desktop/Projects/chil/LARAVELBACKENDCHIL/vendor/laravel/framework/src/Illuminate/Pipeline/Pipeline.php(209): App\\Http\\Middleware\\Cors->handle(Object(Illuminate\\Http\\Request), Object(Closure))
#49 /Users/elijahisrael/Desktop/Projects/chil/LARAVELBACKENDCHIL/vendor/laravel/framework/src/Illuminate/Http/Middleware/TrustProxies.php(58): Illuminate\\Pipeline\\Pipeline->{closure:{closure:Illuminate\\Pipeline\\Pipeline::carry():184}:185}(Object(Illuminate\\Http\\Request))
#50 /Users/elijahisrael/Desktop/Projects/chil/LARAVELBACKENDCHIL/vendor/laravel/framework/src/Illuminate/Pipeline/Pipeline.php(209): Illuminate\\Http\\Middleware\\TrustProxies->handle(Object(Illuminate\\Http\\Request), Object(Closure))
#51 /Users/elijahisrael/Desktop/Projects/chil/LARAVELBACKENDCHIL/vendor/laravel/framework/src/Illuminate/Foundation/Http/Middleware/TransformsRequest.php(21): Illuminate\\Pipeline\\Pipeline->{closure:{closure:Illuminate\\Pipeline\\Pipeline::carry():184}:185}(Object(Illuminate\\Http\\Request))
#52 /Users/elijahisrael/Desktop/Projects/chil/LARAVELBACKENDCHIL/vendor/laravel/framework/src/Illuminate/Foundation/Http/Middleware/ConvertEmptyStringsToNull.php(31): Illuminate\\Foundation\\Http\\Middleware\\TransformsRequest->handle(Object(Illuminate\\Http\\Request), Object(Closure))
#53 /Users/elijahisrael/Desktop/Projects/chil/LARAVELBACKENDCHIL/vendor/laravel/framework/src/Illuminate/Pipeline/Pipeline.php(209): Illuminate\\Foundation\\Http\\Middleware\\ConvertEmptyStringsToNull->handle(Object(Illuminate\\Http\\Request), Object(Closure))
#54 /Users/elijahisrael/Desktop/Projects/chil/LARAVELBACKENDCHIL/vendor/laravel/framework/src/Illuminate/Foundation/Http/Middleware/TransformsRequest.php(21): Illuminate\\Pipeline\\Pipeline->{closure:{closure:Illuminate\\Pipeline\\Pipeline::carry():184}:185}(Object(Illuminate\\Http\\Request))
#55 /Users/elijahisrael/Desktop/Projects/chil/LARAVELBACKENDCHIL/vendor/laravel/framework/src/Illuminate/Foundation/Http/Middleware/TrimStrings.php(51): Illuminate\\Foundation\\Http\\Middleware\\TransformsRequest->handle(Object(Illuminate\\Http\\Request), Object(Closure))
#56 /Users/elijahisrael/Desktop/Projects/chil/LARAVELBACKENDCHIL/vendor/laravel/framework/src/Illuminate/Pipeline/Pipeline.php(209): Illuminate\\Foundation\\Http\\Middleware\\TrimStrings->handle(Object(Illuminate\\Http\\Request), Object(Closure))
#57 /Users/elijahisrael/Desktop/Projects/chil/LARAVELBACKENDCHIL/vendor/laravel/framework/src/Illuminate/Http/Middleware/ValidatePostSize.php(27): Illuminate\\Pipeline\\Pipeline->{closure:{closure:Illuminate\\Pipeline\\Pipeline::carry():184}:185}(Object(Illuminate\\Http\\Request))
#58 /Users/elijahisrael/Desktop/Projects/chil/LARAVELBACKENDCHIL/vendor/laravel/framework/src/Illuminate/Pipeline/Pipeline.php(209): Illuminate\\Http\\Middleware\\ValidatePostSize->handle(Object(Illuminate\\Http\\Request), Object(Closure))
#59 /Users/elijahisrael/Desktop/Projects/chil/LARAVELBACKENDCHIL/vendor/laravel/framework/src/Illuminate/Foundation/Http/Middleware/PreventRequestsDuringMaintenance.php(110): Illuminate\\Pipeline\\Pipeline->{closure:{closure:Illuminate\\Pipeline\\Pipeline::carry():184}:185}(Object(Illuminate\\Http\\Request))
#60 /Users/elijahisrael/Desktop/Projects/chil/LARAVELBACKENDCHIL/vendor/laravel/framework/src/Illuminate/Pipeline/Pipeline.php(209): Illuminate\\Foundation\\Http\\Middleware\\PreventRequestsDuringMaintenance->handle(Object(Illuminate\\Http\\Request), Object(Closure))
#61 /Users/elijahisrael/Desktop/Projects/chil/LARAVELBACKENDCHIL/vendor/laravel/framework/src/Illuminate/Pipeline/Pipeline.php(127): Illuminate\\Pipeline\\Pipeline->{closure:{closure:Illuminate\\Pipeline\\Pipeline::carry():184}:185}(Object(Illuminate\\Http\\Request))
#62 /Users/elijahisrael/Desktop/Projects/chil/LARAVELBACKENDCHIL/vendor/laravel/framework/src/Illuminate/Foundation/Http/Kernel.php(176): Illuminate\\Pipeline\\Pipeline->then(Object(Closure))
#63 /Users/elijahisrael/Desktop/Projects/chil/LARAVELBACKENDCHIL/vendor/laravel/framework/src/Illuminate/Foundation/Http/Kernel.php(145): Illuminate\\Foundation\\Http\\Kernel->sendRequestThroughRouter(Object(Illuminate\\Http\\Request))
#64 /Users/elijahisrael/Desktop/Projects/chil/LARAVELBACKENDCHIL/public/index.php(54): Illuminate\\Foundation\\Http\\Kernel->handle(Object(Illuminate\\Http\\Request))
#65 /Users/elijahisrael/Desktop/Projects/chil/LARAVELBACKENDCHIL/server.php(21): require_once('/Users/elijahis...')
#66 {main}
"} 
[2025-09-30 17:22:25] local.ERROR: Missing required parameter for [Route: school.dashboard] [URI: school-dashboard/{school}] [Missing parameter: school]. (View: /Users/elijahisrael/Desktop/Projects/chil/LARAVELBACKENDCHIL/resources/views/layouts/sidebar.blade.php) (View: /Users/elijahisrael/Desktop/Projects/chil/LARAVELBACKENDCHIL/resources/views/layouts/sidebar.blade.php) (View: /Users/elijahisrael/Desktop/Projects/chil/LARAVELBACKENDCHIL/resources/views/layouts/sidebar.blade.php) {"exception":"[object] (Illuminate\\View\\ViewException(code: 0): Missing required parameter for [Route: school.dashboard] [URI: school-dashboard/{school}] [Missing parameter: school]. (View: /Users/elijahisrael/Desktop/Projects/chil/LARAVELBACKENDCHIL/resources/views/layouts/sidebar.blade.php) (View: /Users/elijahisrael/Desktop/Projects/chil/LARAVELBACKENDCHIL/resources/views/layouts/sidebar.blade.php) (View: /Users/elijahisrael/Desktop/Projects/chil/LARAVELBACKENDCHIL/resources/views/layouts/sidebar.blade.php) at /Users/elijahisrael/Desktop/Projects/chil/LARAVELBACKENDCHIL/vendor/laravel/framework/src/Illuminate/Routing/Exceptions/UrlGenerationException.php:35)
[stacktrace]
#0 /Users/elijahisrael/Desktop/Projects/chil/LARAVELBACKENDCHIL/vendor/livewire/livewire/src/Mechanisms/ExtendBlade/ExtendedCompilerEngine.php(58): Illuminate\\View\\Engines\\CompilerEngine->handleViewException(Object(Illuminate\\View\\ViewException), 0)
#1 /Users/elijahisrael/Desktop/Projects/chil/LARAVELBACKENDCHIL/vendor/laravel/framework/src/Illuminate/View/Engines/PhpEngine.php(60): Livewire\\Mechanisms\\ExtendBlade\\ExtendedCompilerEngine->handleViewException(Object(Illuminate\\View\\ViewException), 0)
#2 /Users/elijahisrael/Desktop/Projects/chil/LARAVELBACKENDCHIL/vendor/livewire/livewire/src/Mechanisms/ExtendBlade/ExtendedCompilerEngine.php(22): Illuminate\\View\\Engines\\PhpEngine->evaluatePath('/Users/elijahis...', Array)
#3 /Users/elijahisrael/Desktop/Projects/chil/LARAVELBACKENDCHIL/vendor/laravel/framework/src/Illuminate/View/Engines/CompilerEngine.php(75): Livewire\\Mechanisms\\ExtendBlade\\ExtendedCompilerEngine->evaluatePath('/Users/elijahis...', Array)
#4 /Users/elijahisrael/Desktop/Projects/chil/LARAVELBACKENDCHIL/vendor/livewire/livewire/src/Mechanisms/ExtendBlade/ExtendedCompilerEngine.php(10): Illuminate\\View\\Engines\\CompilerEngine->get('/Users/elijahis...', Array)
#5 /Users/elijahisrael/Desktop/Projects/chil/LARAVELBACKENDCHIL/vendor/laravel/framework/src/Illuminate/View/View.php(209): Livewire\\Mechanisms\\ExtendBlade\\ExtendedCompilerEngine->get('/Users/elijahis...', Array)
#6 /Users/elijahisrael/Desktop/Projects/chil/LARAVELBACKENDCHIL/vendor/laravel/framework/src/Illuminate/View/View.php(192): Illuminate\\View\\View->getContents()
#7 /Users/elijahisrael/Desktop/Projects/chil/LARAVELBACKENDCHIL/vendor/laravel/framework/src/Illuminate/View/View.php(161): Illuminate\\View\\View->renderContents()
#8 /Users/elijahisrael/Desktop/Projects/chil/LARAVELBACKENDCHIL/vendor/laravel/framework/src/Illuminate/Http/Response.php(79): Illuminate\\View\\View->render()
#9 /Users/elijahisrael/Desktop/Projects/chil/LARAVELBACKENDCHIL/vendor/laravel/framework/src/Illuminate/Http/Response.php(35): Illuminate\\Http\\Response->setContent(Object(Illuminate\\View\\View))
#10 /Users/elijahisrael/Desktop/Projects/chil/LARAVELBACKENDCHIL/vendor/laravel/framework/src/Illuminate/Routing/Router.php(920): Illuminate\\Http\\Response->__construct(Object(Illuminate\\View\\View), 200, Array)
#11 /Users/elijahisrael/Desktop/Projects/chil/LARAVELBACKENDCHIL/vendor/laravel/framework/src/Illuminate/Routing/Router.php(887): Illuminate\\Routing\\Router::toResponse(Object(Illuminate\\Http\\Request), Object(Illuminate\\View\\View))
#12 /Users/elijahisrael/Desktop/Projects/chil/LARAVELBACKENDCHIL/vendor/laravel/framework/src/Illuminate/Routing/Router.php(807): Illuminate\\Routing\\Router->prepareResponse(Object(Illuminate\\Http\\Request), Object(Illuminate\\View\\View))
#13 /Users/elijahisrael/Desktop/Projects/chil/LARAVELBACKENDCHIL/vendor/laravel/framework/src/Illuminate/Pipeline/Pipeline.php(170): Illuminate\\Routing\\Router->{closure:Illuminate\\Routing\\Router::runRouteWithinStack():807}(Object(Illuminate\\Http\\Request))
#14 /Users/elijahisrael/Desktop/Projects/chil/LARAVELBACKENDCHIL/vendor/laravel/framework/src/Illuminate/Routing/Middleware/SubstituteBindings.php(51): Illuminate\\Pipeline\\Pipeline->{closure:Illuminate\\Pipeline\\Pipeline::prepareDestination():168}(Object(Illuminate\\Http\\Request))
#15 /Users/elijahisrael/Desktop/Projects/chil/LARAVELBACKENDCHIL/vendor/laravel/framework/src/Illuminate/Pipeline/Pipeline.php(209): Illuminate\\Routing\\Middleware\\SubstituteBindings->handle(Object(Illuminate\\Http\\Request), Object(Closure))
#16 /Users/elijahisrael/Desktop/Projects/chil/LARAVELBACKENDCHIL/vendor/laravel/framework/src/Illuminate/Foundation/Http/Middleware/VerifyCsrfToken.php(88): Illuminate\\Pipeline\\Pipeline->{closure:{closure:Illuminate\\Pipeline\\Pipeline::carry():184}:185}(Object(Illuminate\\Http\\Request))
#17 /Users/elijahisrael/Desktop/Projects/chil/LARAVELBACKENDCHIL/vendor/laravel/framework/src/Illuminate/Pipeline/Pipeline.php(209): Illuminate\\Foundation\\Http\\Middleware\\VerifyCsrfToken->handle(Object(Illuminate\\Http\\Request), Object(Closure))
#18 /Users/elijahisrael/Desktop/Projects/chil/LARAVELBACKENDCHIL/vendor/laravel/framework/src/Illuminate/View/Middleware/ShareErrorsFromSession.php(49): Illuminate\\Pipeline\\Pipeline->{closure:{closure:Illuminate\\Pipeline\\Pipeline::carry():184}:185}(Object(Illuminate\\Http\\Request))
#19 /Users/elijahisrael/Desktop/Projects/chil/LARAVELBACKENDCHIL/vendor/laravel/framework/src/Illuminate/Pipeline/Pipeline.php(209): Illuminate\\View\\Middleware\\ShareErrorsFromSession->handle(Object(Illuminate\\Http\\Request), Object(Closure))
#20 /Users/elijahisrael/Desktop/Projects/chil/LARAVELBACKENDCHIL/vendor/laravel/framework/src/Illuminate/Session/Middleware/StartSession.php(121): Illuminate\\Pipeline\\Pipeline->{closure:{closure:Illuminate\\Pipeline\\Pipeline::carry():184}:185}(Object(Illuminate\\Http\\Request))
#21 /Users/elijahisrael/Desktop/Projects/chil/LARAVELBACKENDCHIL/vendor/laravel/framework/src/Illuminate/Session/Middleware/StartSession.php(64): Illuminate\\Session\\Middleware\\StartSession->handleStatefulRequest(Object(Illuminate\\Http\\Request), Object(Illuminate\\Session\\Store), Object(Closure))
#22 /Users/elijahisrael/Desktop/Projects/chil/LARAVELBACKENDCHIL/vendor/laravel/framework/src/Illuminate/Pipeline/Pipeline.php(209): Illuminate\\Session\\Middleware\\StartSession->handle(Object(Illuminate\\Http\\Request), Object(Closure))
#23 /Users/elijahisrael/Desktop/Projects/chil/LARAVELBACKENDCHIL/vendor/laravel/framework/src/Illuminate/Cookie/Middleware/AddQueuedCookiesToResponse.php(37): Illuminate\\Pipeline\\Pipeline->{closure:{closure:Illuminate\\Pipeline\\Pipeline::carry():184}:185}(Object(Illuminate\\Http\\Request))
#24 /Users/elijahisrael/Desktop/Projects/chil/LARAVELBACKENDCHIL/vendor/laravel/framework/src/Illuminate/Pipeline/Pipeline.php(209): Illuminate\\Cookie\\Middleware\\AddQueuedCookiesToResponse->handle(Object(Illuminate\\Http\\Request), Object(Closure))
#25 /Users/elijahisrael/Desktop/Projects/chil/LARAVELBACKENDCHIL/vendor/laravel/framework/src/Illuminate/Cookie/Middleware/EncryptCookies.php(75): Illuminate\\Pipeline\\Pipeline->{closure:{closure:Illuminate\\Pipeline\\Pipeline::carry():184}:185}(Object(Illuminate\\Http\\Request))
#26 /Users/elijahisrael/Desktop/Projects/chil/LARAVELBACKENDCHIL/vendor/laravel/framework/src/Illuminate/Pipeline/Pipeline.php(209): Illuminate\\Cookie\\Middleware\\EncryptCookies->handle(Object(Illuminate\\Http\\Request), Object(Closure))
#27 /Users/elijahisrael/Desktop/Projects/chil/LARAVELBACKENDCHIL/vendor/laravel/framework/src/Illuminate/Pipeline/Pipeline.php(127): Illuminate\\Pipeline\\Pipeline->{closure:{closure:Illuminate\\Pipeline\\Pipeline::carry():184}:185}(Object(Illuminate\\Http\\Request))
#28 /Users/elijahisrael/Desktop/Projects/chil/LARAVELBACKENDCHIL/vendor/laravel/framework/src/Illuminate/Routing/Router.php(807): Illuminate\\Pipeline\\Pipeline->then(Object(Closure))
#29 /Users/elijahisrael/Desktop/Projects/chil/LARAVELBACKENDCHIL/vendor/laravel/framework/src/Illuminate/Routing/Router.php(786): Illuminate\\Routing\\Router->runRouteWithinStack(Object(Illuminate\\Routing\\Route), Object(Illuminate\\Http\\Request))
#30 /Users/elijahisrael/Desktop/Projects/chil/LARAVELBACKENDCHIL/vendor/laravel/framework/src/Illuminate/Routing/Router.php(750): Illuminate\\Routing\\Router->runRoute(Object(Illuminate\\Http\\Request), Object(Illuminate\\Routing\\Route))
#31 /Users/elijahisrael/Desktop/Projects/chil/LARAVELBACKENDCHIL/vendor/laravel/framework/src/Illuminate/Routing/Router.php(739): Illuminate\\Routing\\Router->dispatchToRoute(Object(Illuminate\\Http\\Request))
#32 /Users/elijahisrael/Desktop/Projects/chil/LARAVELBACKENDCHIL/vendor/laravel/framework/src/Illuminate/Foundation/Http/Kernel.php(201): Illuminate\\Routing\\Router->dispatch(Object(Illuminate\\Http\\Request))
#33 /Users/elijahisrael/Desktop/Projects/chil/LARAVELBACKENDCHIL/vendor/laravel/framework/src/Illuminate/Pipeline/Pipeline.php(170): Illuminate\\Foundation\\Http\\Kernel->{closure:Illuminate\\Foundation\\Http\\Kernel::dispatchToRouter():198}(Object(Illuminate\\Http\\Request))
#34 /Users/elijahisrael/Desktop/Projects/chil/LARAVELBACKENDCHIL/vendor/livewire/livewire/src/Features/SupportDisablingBackButtonCache/DisableBackButtonCacheMiddleware.php(19): Illuminate\\Pipeline\\Pipeline->{closure:Illuminate\\Pipeline\\Pipeline::prepareDestination():168}(Object(Illuminate\\Http\\Request))
#35 /Users/elijahisrael/Desktop/Projects/chil/LARAVELBACKENDCHIL/vendor/laravel/framework/src/Illuminate/Pipeline/Pipeline.php(209): Livewire\\Features\\SupportDisablingBackButtonCache\\DisableBackButtonCacheMiddleware->handle(Object(Illuminate\\Http\\Request), Object(Closure))
#36 /Users/elijahisrael/Desktop/Projects/chil/LARAVELBACKENDCHIL/app/Http/Middleware/Cors.php(31): Illuminate\\Pipeline\\Pipeline->{closure:{closure:Illuminate\\Pipeline\\Pipeline::carry():184}:185}(Object(Illuminate\\Http\\Request))
#37 /Users/elijahisrael/Desktop/Projects/chil/LARAVELBACKENDCHIL/vendor/laravel/framework/src/Illuminate/Pipeline/Pipeline.php(209): App\\Http\\Middleware\\Cors->handle(Object(Illuminate\\Http\\Request), Object(Closure))
#38 /Users/elijahisrael/Desktop/Projects/chil/LARAVELBACKENDCHIL/vendor/laravel/framework/src/Illuminate/Http/Middleware/TrustProxies.php(58): Illuminate\\Pipeline\\Pipeline->{closure:{closure:Illuminate\\Pipeline\\Pipeline::carry():184}:185}(Object(Illuminate\\Http\\Request))
#39 /Users/elijahisrael/Desktop/Projects/chil/LARAVELBACKENDCHIL/vendor/laravel/framework/src/Illuminate/Pipeline/Pipeline.php(209): Illuminate\\Http\\Middleware\\TrustProxies->handle(Object(Illuminate\\Http\\Request), Object(Closure))
#40 /Users/elijahisrael/Desktop/Projects/chil/LARAVELBACKENDCHIL/vendor/laravel/framework/src/Illuminate/Foundation/Http/Middleware/TransformsRequest.php(21): Illuminate\\Pipeline\\Pipeline->{closure:{closure:Illuminate\\Pipeline\\Pipeline::carry():184}:185}(Object(Illuminate\\Http\\Request))
#41 /Users/elijahisrael/Desktop/Projects/chil/LARAVELBACKENDCHIL/vendor/laravel/framework/src/Illuminate/Foundation/Http/Middleware/ConvertEmptyStringsToNull.php(31): Illuminate\\Foundation\\Http\\Middleware\\TransformsRequest->handle(Object(Illuminate\\Http\\Request), Object(Closure))
#42 /Users/elijahisrael/Desktop/Projects/chil/LARAVELBACKENDCHIL/vendor/laravel/framework/src/Illuminate/Pipeline/Pipeline.php(209): Illuminate\\Foundation\\Http\\Middleware\\ConvertEmptyStringsToNull->handle(Object(Illuminate\\Http\\Request), Object(Closure))
#43 /Users/elijahisrael/Desktop/Projects/chil/LARAVELBACKENDCHIL/vendor/laravel/framework/src/Illuminate/Foundation/Http/Middleware/TransformsRequest.php(21): Illuminate\\Pipeline\\Pipeline->{closure:{closure:Illuminate\\Pipeline\\Pipeline::carry():184}:185}(Object(Illuminate\\Http\\Request))
#44 /Users/elijahisrael/Desktop/Projects/chil/LARAVELBACKENDCHIL/vendor/laravel/framework/src/Illuminate/Foundation/Http/Middleware/TrimStrings.php(51): Illuminate\\Foundation\\Http\\Middleware\\TransformsRequest->handle(Object(Illuminate\\Http\\Request), Object(Closure))
#45 /Users/elijahisrael/Desktop/Projects/chil/LARAVELBACKENDCHIL/vendor/laravel/framework/src/Illuminate/Pipeline/Pipeline.php(209): Illuminate\\Foundation\\Http\\Middleware\\TrimStrings->handle(Object(Illuminate\\Http\\Request), Object(Closure))
#46 /Users/elijahisrael/Desktop/Projects/chil/LARAVELBACKENDCHIL/vendor/laravel/framework/src/Illuminate/Http/Middleware/ValidatePostSize.php(27): Illuminate\\Pipeline\\Pipeline->{closure:{closure:Illuminate\\Pipeline\\Pipeline::carry():184}:185}(Object(Illuminate\\Http\\Request))
#47 /Users/elijahisrael/Desktop/Projects/chil/LARAVELBACKENDCHIL/vendor/laravel/framework/src/Illuminate/Pipeline/Pipeline.php(209): Illuminate\\Http\\Middleware\\ValidatePostSize->handle(Object(Illuminate\\Http\\Request), Object(Closure))
#48 /Users/elijahisrael/Desktop/Projects/chil/LARAVELBACKENDCHIL/vendor/laravel/framework/src/Illuminate/Foundation/Http/Middleware/PreventRequestsDuringMaintenance.php(110): Illuminate\\Pipeline\\Pipeline->{closure:{closure:Illuminate\\Pipeline\\Pipeline::carry():184}:185}(Object(Illuminate\\Http\\Request))
#49 /Users/elijahisrael/Desktop/Projects/chil/LARAVELBACKENDCHIL/vendor/laravel/framework/src/Illuminate/Pipeline/Pipeline.php(209): Illuminate\\Foundation\\Http\\Middleware\\PreventRequestsDuringMaintenance->handle(Object(Illuminate\\Http\\Request), Object(Closure))
#50 /Users/elijahisrael/Desktop/Projects/chil/LARAVELBACKENDCHIL/vendor/laravel/framework/src/Illuminate/Pipeline/Pipeline.php(127): Illuminate\\Pipeline\\Pipeline->{closure:{closure:Illuminate\\Pipeline\\Pipeline::carry():184}:185}(Object(Illuminate\\Http\\Request))
#51 /Users/elijahisrael/Desktop/Projects/chil/LARAVELBACKENDCHIL/vendor/laravel/framework/src/Illuminate/Foundation/Http/Kernel.php(176): Illuminate\\Pipeline\\Pipeline->then(Object(Closure))
#52 /Users/elijahisrael/Desktop/Projects/chil/LARAVELBACKENDCHIL/vendor/laravel/framework/src/Illuminate/Foundation/Http/Kernel.php(145): Illuminate\\Foundation\\Http\\Kernel->sendRequestThroughRouter(Object(Illuminate\\Http\\Request))
#53 /Users/elijahisrael/Desktop/Projects/chil/LARAVELBACKENDCHIL/public/index.php(54): Illuminate\\Foundation\\Http\\Kernel->handle(Object(Illuminate\\Http\\Request))
#54 /Users/elijahisrael/Desktop/Projects/chil/LARAVELBACKENDCHIL/server.php(21): require_once('/Users/elijahis...')
#55 {main}

[previous exception] [object] (Illuminate\\View\\ViewException(code: 0): Missing required parameter for [Route: school.dashboard] [URI: school-dashboard/{school}] [Missing parameter: school]. (View: /Users/elijahisrael/Desktop/Projects/chil/LARAVELBACKENDCHIL/resources/views/layouts/sidebar.blade.php) (View: /Users/elijahisrael/Desktop/Projects/chil/LARAVELBACKENDCHIL/resources/views/layouts/sidebar.blade.php) at /Users/elijahisrael/Desktop/Projects/chil/LARAVELBACKENDCHIL/vendor/laravel/framework/src/Illuminate/Routing/Exceptions/UrlGenerationException.php:35)
[stacktrace]
#0 /Users/elijahisrael/Desktop/Projects/chil/LARAVELBACKENDCHIL/vendor/livewire/livewire/src/Mechanisms/ExtendBlade/ExtendedCompilerEngine.php(58): Illuminate\\View\\Engines\\CompilerEngine->handleViewException(Object(Illuminate\\View\\ViewException), 1)
#1 /Users/elijahisrael/Desktop/Projects/chil/LARAVELBACKENDCHIL/vendor/laravel/framework/src/Illuminate/View/Engines/PhpEngine.php(60): Livewire\\Mechanisms\\ExtendBlade\\ExtendedCompilerEngine->handleViewException(Object(Illuminate\\View\\ViewException), 1)
#2 /Users/elijahisrael/Desktop/Projects/chil/LARAVELBACKENDCHIL/vendor/livewire/livewire/src/Mechanisms/ExtendBlade/ExtendedCompilerEngine.php(22): Illuminate\\View\\Engines\\PhpEngine->evaluatePath('/Users/elijahis...', Array)
#3 /Users/elijahisrael/Desktop/Projects/chil/LARAVELBACKENDCHIL/vendor/laravel/framework/src/Illuminate/View/Engines/CompilerEngine.php(75): Livewire\\Mechanisms\\ExtendBlade\\ExtendedCompilerEngine->evaluatePath('/Users/elijahis...', Array)
#4 /Users/elijahisrael/Desktop/Projects/chil/LARAVELBACKENDCHIL/vendor/livewire/livewire/src/Mechanisms/ExtendBlade/ExtendedCompilerEngine.php(10): Illuminate\\View\\Engines\\CompilerEngine->get('/Users/elijahis...', Array)
#5 /Users/elijahisrael/Desktop/Projects/chil/LARAVELBACKENDCHIL/vendor/laravel/framework/src/Illuminate/View/View.php(209): Livewire\\Mechanisms\\ExtendBlade\\ExtendedCompilerEngine->get('/Users/elijahis...', Array)
#6 /Users/elijahisrael/Desktop/Projects/chil/LARAVELBACKENDCHIL/vendor/laravel/framework/src/Illuminate/View/View.php(192): Illuminate\\View\\View->getContents()
#7 /Users/elijahisrael/Desktop/Projects/chil/LARAVELBACKENDCHIL/vendor/laravel/framework/src/Illuminate/View/View.php(161): Illuminate\\View\\View->renderContents()
#8 /Users/elijahisrael/Desktop/Projects/chil/LARAVELBACKENDCHIL/storage/framework/views/af8084d38e20387921086bc9b17c9775.php(79): Illuminate\\View\\View->render()
#9 /Users/elijahisrael/Desktop/Projects/chil/LARAVELBACKENDCHIL/vendor/laravel/framework/src/Illuminate/Filesystem/Filesystem.php(123): require('/Users/elijahis...')
#10 /Users/elijahisrael/Desktop/Projects/chil/LARAVELBACKENDCHIL/vendor/laravel/framework/src/Illuminate/Filesystem/Filesystem.php(124): Illuminate\\Filesystem\\Filesystem::{closure:Illuminate\\Filesystem\\Filesystem::getRequire():120}()
#11 /Users/elijahisrael/Desktop/Projects/chil/LARAVELBACKENDCHIL/vendor/laravel/framework/src/Illuminate/View/Engines/PhpEngine.php(58): Illuminate\\Filesystem\\Filesystem->getRequire('/Users/elijahis...', Array)
#12 /Users/elijahisrael/Desktop/Projects/chil/LARAVELBACKENDCHIL/vendor/livewire/livewire/src/Mechanisms/ExtendBlade/ExtendedCompilerEngine.php(22): Illuminate\\View\\Engines\\PhpEngine->evaluatePath('/Users/elijahis...', Array)
#13 /Users/elijahisrael/Desktop/Projects/chil/LARAVELBACKENDCHIL/vendor/laravel/framework/src/Illuminate/View/Engines/CompilerEngine.php(75): Livewire\\Mechanisms\\ExtendBlade\\ExtendedCompilerEngine->evaluatePath('/Users/elijahis...', Array)
#14 /Users/elijahisrael/Desktop/Projects/chil/LARAVELBACKENDCHIL/vendor/livewire/livewire/src/Mechanisms/ExtendBlade/ExtendedCompilerEngine.php(10): Illuminate\\View\\Engines\\CompilerEngine->get('/Users/elijahis...', Array)
#15 /Users/elijahisrael/Desktop/Projects/chil/LARAVELBACKENDCHIL/vendor/laravel/framework/src/Illuminate/View/View.php(209): Livewire\\Mechanisms\\ExtendBlade\\ExtendedCompilerEngine->get('/Users/elijahis...', Array)
#16 /Users/elijahisrael/Desktop/Projects/chil/LARAVELBACKENDCHIL/vendor/laravel/framework/src/Illuminate/View/View.php(192): Illuminate\\View\\View->getContents()
#17 /Users/elijahisrael/Desktop/Projects/chil/LARAVELBACKENDCHIL/vendor/laravel/framework/src/Illuminate/View/View.php(161): Illuminate\\View\\View->renderContents()
#18 /Users/elijahisrael/Desktop/Projects/chil/LARAVELBACKENDCHIL/vendor/laravel/framework/src/Illuminate/Http/Response.php(79): Illuminate\\View\\View->render()
#19 /Users/elijahisrael/Desktop/Projects/chil/LARAVELBACKENDCHIL/vendor/laravel/framework/src/Illuminate/Http/Response.php(35): Illuminate\\Http\\Response->setContent(Object(Illuminate\\View\\View))
#20 /Users/elijahisrael/Desktop/Projects/chil/LARAVELBACKENDCHIL/vendor/laravel/framework/src/Illuminate/Routing/Router.php(920): Illuminate\\Http\\Response->__construct(Object(Illuminate\\View\\View), 200, Array)
#21 /Users/elijahisrael/Desktop/Projects/chil/LARAVELBACKENDCHIL/vendor/laravel/framework/src/Illuminate/Routing/Router.php(887): Illuminate\\Routing\\Router::toResponse(Object(Illuminate\\Http\\Request), Object(Illuminate\\View\\View))
#22 /Users/elijahisrael/Desktop/Projects/chil/LARAVELBACKENDCHIL/vendor/laravel/framework/src/Illuminate/Routing/Router.php(807): Illuminate\\Routing\\Router->prepareResponse(Object(Illuminate\\Http\\Request), Object(Illuminate\\View\\View))
#23 /Users/elijahisrael/Desktop/Projects/chil/LARAVELBACKENDCHIL/vendor/laravel/framework/src/Illuminate/Pipeline/Pipeline.php(170): Illuminate\\Routing\\Router->{closure:Illuminate\\Routing\\Router::runRouteWithinStack():807}(Object(Illuminate\\Http\\Request))
#24 /Users/elijahisrael/Desktop/Projects/chil/LARAVELBACKENDCHIL/vendor/laravel/framework/src/Illuminate/Routing/Middleware/SubstituteBindings.php(51): Illuminate\\Pipeline\\Pipeline->{closure:Illuminate\\Pipeline\\Pipeline::prepareDestination():168}(Object(Illuminate\\Http\\Request))
#25 /Users/elijahisrael/Desktop/Projects/chil/LARAVELBACKENDCHIL/vendor/laravel/framework/src/Illuminate/Pipeline/Pipeline.php(209): Illuminate\\Routing\\Middleware\\SubstituteBindings->handle(Object(Illuminate\\Http\\Request), Object(Closure))
#26 /Users/elijahisrael/Desktop/Projects/chil/LARAVELBACKENDCHIL/vendor/laravel/framework/src/Illuminate/Foundation/Http/Middleware/VerifyCsrfToken.php(88): Illuminate\\Pipeline\\Pipeline->{closure:{closure:Illuminate\\Pipeline\\Pipeline::carry():184}:185}(Object(Illuminate\\Http\\Request))
#27 /Users/elijahisrael/Desktop/Projects/chil/LARAVELBACKENDCHIL/vendor/laravel/framework/src/Illuminate/Pipeline/Pipeline.php(209): Illuminate\\Foundation\\Http\\Middleware\\VerifyCsrfToken->handle(Object(Illuminate\\Http\\Request), Object(Closure))
#28 /Users/elijahisrael/Desktop/Projects/chil/LARAVELBACKENDCHIL/vendor/laravel/framework/src/Illuminate/View/Middleware/ShareErrorsFromSession.php(49): Illuminate\\Pipeline\\Pipeline->{closure:{closure:Illuminate\\Pipeline\\Pipeline::carry():184}:185}(Object(Illuminate\\Http\\Request))
#29 /Users/elijahisrael/Desktop/Projects/chil/LARAVELBACKENDCHIL/vendor/laravel/framework/src/Illuminate/Pipeline/Pipeline.php(209): Illuminate\\View\\Middleware\\ShareErrorsFromSession->handle(Object(Illuminate\\Http\\Request), Object(Closure))
#30 /Users/elijahisrael/Desktop/Projects/chil/LARAVELBACKENDCHIL/vendor/laravel/framework/src/Illuminate/Session/Middleware/StartSession.php(121): Illuminate\\Pipeline\\Pipeline->{closure:{closure:Illuminate\\Pipeline\\Pipeline::carry():184}:185}(Object(Illuminate\\Http\\Request))
#31 /Users/elijahisrael/Desktop/Projects/chil/LARAVELBACKENDCHIL/vendor/laravel/framework/src/Illuminate/Session/Middleware/StartSession.php(64): Illuminate\\Session\\Middleware\\StartSession->handleStatefulRequest(Object(Illuminate\\Http\\Request), Object(Illuminate\\Session\\Store), Object(Closure))
#32 /Users/elijahisrael/Desktop/Projects/chil/LARAVELBACKENDCHIL/vendor/laravel/framework/src/Illuminate/Pipeline/Pipeline.php(209): Illuminate\\Session\\Middleware\\StartSession->handle(Object(Illuminate\\Http\\Request), Object(Closure))
#33 /Users/elijahisrael/Desktop/Projects/chil/LARAVELBACKENDCHIL/vendor/laravel/framework/src/Illuminate/Cookie/Middleware/AddQueuedCookiesToResponse.php(37): Illuminate\\Pipeline\\Pipeline->{closure:{closure:Illuminate\\Pipeline\\Pipeline::carry():184}:185}(Object(Illuminate\\Http\\Request))
#34 /Users/elijahisrael/Desktop/Projects/chil/LARAVELBACKENDCHIL/vendor/laravel/framework/src/Illuminate/Pipeline/Pipeline.php(209): Illuminate\\Cookie\\Middleware\\AddQueuedCookiesToResponse->handle(Object(Illuminate\\Http\\Request), Object(Closure))
#35 /Users/elijahisrael/Desktop/Projects/chil/LARAVELBACKENDCHIL/vendor/laravel/framework/src/Illuminate/Cookie/Middleware/EncryptCookies.php(75): Illuminate\\Pipeline\\Pipeline->{closure:{closure:Illuminate\\Pipeline\\Pipeline::carry():184}:185}(Object(Illuminate\\Http\\Request))
#36 /Users/elijahisrael/Desktop/Projects/chil/LARAVELBACKENDCHIL/vendor/laravel/framework/src/Illuminate/Pipeline/Pipeline.php(209): Illuminate\\Cookie\\Middleware\\EncryptCookies->handle(Object(Illuminate\\Http\\Request), Object(Closure))
#37 /Users/elijahisrael/Desktop/Projects/chil/LARAVELBACKENDCHIL/vendor/laravel/framework/src/Illuminate/Pipeline/Pipeline.php(127): Illuminate\\Pipeline\\Pipeline->{closure:{closure:Illuminate\\Pipeline\\Pipeline::carry():184}:185}(Object(Illuminate\\Http\\Request))
#38 /Users/elijahisrael/Desktop/Projects/chil/LARAVELBACKENDCHIL/vendor/laravel/framework/src/Illuminate/Routing/Router.php(807): Illuminate\\Pipeline\\Pipeline->then(Object(Closure))
#39 /Users/elijahisrael/Desktop/Projects/chil/LARAVELBACKENDCHIL/vendor/laravel/framework/src/Illuminate/Routing/Router.php(786): Illuminate\\Routing\\Router->runRouteWithinStack(Object(Illuminate\\Routing\\Route), Object(Illuminate\\Http\\Request))
#40 /Users/elijahisrael/Desktop/Projects/chil/LARAVELBACKENDCHIL/vendor/laravel/framework/src/Illuminate/Routing/Router.php(750): Illuminate\\Routing\\Router->runRoute(Object(Illuminate\\Http\\Request), Object(Illuminate\\Routing\\Route))
#41 /Users/elijahisrael/Desktop/Projects/chil/LARAVELBACKENDCHIL/vendor/laravel/framework/src/Illuminate/Routing/Router.php(739): Illuminate\\Routing\\Router->dispatchToRoute(Object(Illuminate\\Http\\Request))
#42 /Users/elijahisrael/Desktop/Projects/chil/LARAVELBACKENDCHIL/vendor/laravel/framework/src/Illuminate/Foundation/Http/Kernel.php(201): Illuminate\\Routing\\Router->dispatch(Object(Illuminate\\Http\\Request))
#43 /Users/elijahisrael/Desktop/Projects/chil/LARAVELBACKENDCHIL/vendor/laravel/framework/src/Illuminate/Pipeline/Pipeline.php(170): Illuminate\\Foundation\\Http\\Kernel->{closure:Illuminate\\Foundation\\Http\\Kernel::dispatchToRouter():198}(Object(Illuminate\\Http\\Request))
#44 /Users/elijahisrael/Desktop/Projects/chil/LARAVELBACKENDCHIL/vendor/livewire/livewire/src/Features/SupportDisablingBackButtonCache/DisableBackButtonCacheMiddleware.php(19): Illuminate\\Pipeline\\Pipeline->{closure:Illuminate\\Pipeline\\Pipeline::prepareDestination():168}(Object(Illuminate\\Http\\Request))
#45 /Users/elijahisrael/Desktop/Projects/chil/LARAVELBACKENDCHIL/vendor/laravel/framework/src/Illuminate/Pipeline/Pipeline.php(209): Livewire\\Features\\SupportDisablingBackButtonCache\\DisableBackButtonCacheMiddleware->handle(Object(Illuminate\\Http\\Request), Object(Closure))
#46 /Users/elijahisrael/Desktop/Projects/chil/LARAVELBACKENDCHIL/app/Http/Middleware/Cors.php(31): Illuminate\\Pipeline\\Pipeline->{closure:{closure:Illuminate\\Pipeline\\Pipeline::carry():184}:185}(Object(Illuminate\\Http\\Request))
#47 /Users/elijahisrael/Desktop/Projects/chil/LARAVELBACKENDCHIL/vendor/laravel/framework/src/Illuminate/Pipeline/Pipeline.php(209): App\\Http\\Middleware\\Cors->handle(Object(Illuminate\\Http\\Request), Object(Closure))
#48 /Users/elijahisrael/Desktop/Projects/chil/LARAVELBACKENDCHIL/vendor/laravel/framework/src/Illuminate/Http/Middleware/TrustProxies.php(58): Illuminate\\Pipeline\\Pipeline->{closure:{closure:Illuminate\\Pipeline\\Pipeline::carry():184}:185}(Object(Illuminate\\Http\\Request))
#49 /Users/elijahisrael/Desktop/Projects/chil/LARAVELBACKENDCHIL/vendor/laravel/framework/src/Illuminate/Pipeline/Pipeline.php(209): Illuminate\\Http\\Middleware\\TrustProxies->handle(Object(Illuminate\\Http\\Request), Object(Closure))
#50 /Users/elijahisrael/Desktop/Projects/chil/LARAVELBACKENDCHIL/vendor/laravel/framework/src/Illuminate/Foundation/Http/Middleware/TransformsRequest.php(21): Illuminate\\Pipeline\\Pipeline->{closure:{closure:Illuminate\\Pipeline\\Pipeline::carry():184}:185}(Object(Illuminate\\Http\\Request))
#51 /Users/elijahisrael/Desktop/Projects/chil/LARAVELBACKENDCHIL/vendor/laravel/framework/src/Illuminate/Foundation/Http/Middleware/ConvertEmptyStringsToNull.php(31): Illuminate\\Foundation\\Http\\Middleware\\TransformsRequest->handle(Object(Illuminate\\Http\\Request), Object(Closure))
#52 /Users/elijahisrael/Desktop/Projects/chil/LARAVELBACKENDCHIL/vendor/laravel/framework/src/Illuminate/Pipeline/Pipeline.php(209): Illuminate\\Foundation\\Http\\Middleware\\ConvertEmptyStringsToNull->handle(Object(Illuminate\\Http\\Request), Object(Closure))
#53 /Users/elijahisrael/Desktop/Projects/chil/LARAVELBACKENDCHIL/vendor/laravel/framework/src/Illuminate/Foundation/Http/Middleware/TransformsRequest.php(21): Illuminate\\Pipeline\\Pipeline->{closure:{closure:Illuminate\\Pipeline\\Pipeline::carry():184}:185}(Object(Illuminate\\Http\\Request))
#54 /Users/elijahisrael/Desktop/Projects/chil/LARAVELBACKENDCHIL/vendor/laravel/framework/src/Illuminate/Foundation/Http/Middleware/TrimStrings.php(51): Illuminate\\Foundation\\Http\\Middleware\\TransformsRequest->handle(Object(Illuminate\\Http\\Request), Object(Closure))
#55 /Users/elijahisrael/Desktop/Projects/chil/LARAVELBACKENDCHIL/vendor/laravel/framework/src/Illuminate/Pipeline/Pipeline.php(209): Illuminate\\Foundation\\Http\\Middleware\\TrimStrings->handle(Object(Illuminate\\Http\\Request), Object(Closure))
#56 /Users/elijahisrael/Desktop/Projects/chil/LARAVELBACKENDCHIL/vendor/laravel/framework/src/Illuminate/Http/Middleware/ValidatePostSize.php(27): Illuminate\\Pipeline\\Pipeline->{closure:{closure:Illuminate\\Pipeline\\Pipeline::carry():184}:185}(Object(Illuminate\\Http\\Request))
#57 /Users/elijahisrael/Desktop/Projects/chil/LARAVELBACKENDCHIL/vendor/laravel/framework/src/Illuminate/Pipeline/Pipeline.php(209): Illuminate\\Http\\Middleware\\ValidatePostSize->handle(Object(Illuminate\\Http\\Request), Object(Closure))
#58 /Users/elijahisrael/Desktop/Projects/chil/LARAVELBACKENDCHIL/vendor/laravel/framework/src/Illuminate/Foundation/Http/Middleware/PreventRequestsDuringMaintenance.php(110): Illuminate\\Pipeline\\Pipeline->{closure:{closure:Illuminate\\Pipeline\\Pipeline::carry():184}:185}(Object(Illuminate\\Http\\Request))
#59 /Users/elijahisrael/Desktop/Projects/chil/LARAVELBACKENDCHIL/vendor/laravel/framework/src/Illuminate/Pipeline/Pipeline.php(209): Illuminate\\Foundation\\Http\\Middleware\\PreventRequestsDuringMaintenance->handle(Object(Illuminate\\Http\\Request), Object(Closure))
#60 /Users/elijahisrael/Desktop/Projects/chil/LARAVELBACKENDCHIL/vendor/laravel/framework/src/Illuminate/Pipeline/Pipeline.php(127): Illuminate\\Pipeline\\Pipeline->{closure:{closure:Illuminate\\Pipeline\\Pipeline::carry():184}:185}(Object(Illuminate\\Http\\Request))
#61 /Users/elijahisrael/Desktop/Projects/chil/LARAVELBACKENDCHIL/vendor/laravel/framework/src/Illuminate/Foundation/Http/Kernel.php(176): Illuminate\\Pipeline\\Pipeline->then(Object(Closure))
#62 /Users/elijahisrael/Desktop/Projects/chil/LARAVELBACKENDCHIL/vendor/laravel/framework/src/Illuminate/Foundation/Http/Kernel.php(145): Illuminate\\Foundation\\Http\\Kernel->sendRequestThroughRouter(Object(Illuminate\\Http\\Request))
#63 /Users/elijahisrael/Desktop/Projects/chil/LARAVELBACKENDCHIL/public/index.php(54): Illuminate\\Foundation\\Http\\Kernel->handle(Object(Illuminate\\Http\\Request))
#64 /Users/elijahisrael/Desktop/Projects/chil/LARAVELBACKENDCHIL/server.php(21): require_once('/Users/elijahis...')
#65 {main}

[previous exception] [object] (Illuminate\\View\\ViewException(code: 0): Missing required parameter for [Route: school.dashboard] [URI: school-dashboard/{school}] [Missing parameter: school]. (View: /Users/elijahisrael/Desktop/Projects/chil/LARAVELBACKENDCHIL/resources/views/layouts/sidebar.blade.php) at /Users/elijahisrael/Desktop/Projects/chil/LARAVELBACKENDCHIL/vendor/laravel/framework/src/Illuminate/Routing/Exceptions/UrlGenerationException.php:35)
[stacktrace]
#0 /Users/elijahisrael/Desktop/Projects/chil/LARAVELBACKENDCHIL/vendor/livewire/livewire/src/Mechanisms/ExtendBlade/ExtendedCompilerEngine.php(58): Illuminate\\View\\Engines\\CompilerEngine->handleViewException(Object(Illuminate\\Routing\\Exceptions\\UrlGenerationException), 2)
#1 /Users/elijahisrael/Desktop/Projects/chil/LARAVELBACKENDCHIL/vendor/laravel/framework/src/Illuminate/View/Engines/PhpEngine.php(60): Livewire\\Mechanisms\\ExtendBlade\\ExtendedCompilerEngine->handleViewException(Object(Illuminate\\Routing\\Exceptions\\UrlGenerationException), 2)
#2 /Users/elijahisrael/Desktop/Projects/chil/LARAVELBACKENDCHIL/vendor/livewire/livewire/src/Mechanisms/ExtendBlade/ExtendedCompilerEngine.php(22): Illuminate\\View\\Engines\\PhpEngine->evaluatePath('/Users/elijahis...', Array)
#3 /Users/elijahisrael/Desktop/Projects/chil/LARAVELBACKENDCHIL/vendor/laravel/framework/src/Illuminate/View/Engines/CompilerEngine.php(75): Livewire\\Mechanisms\\ExtendBlade\\ExtendedCompilerEngine->evaluatePath('/Users/elijahis...', Array)
#4 /Users/elijahisrael/Desktop/Projects/chil/LARAVELBACKENDCHIL/vendor/livewire/livewire/src/Mechanisms/ExtendBlade/ExtendedCompilerEngine.php(10): Illuminate\\View\\Engines\\CompilerEngine->get('/Users/elijahis...', Array)
#5 /Users/elijahisrael/Desktop/Projects/chil/LARAVELBACKENDCHIL/vendor/laravel/framework/src/Illuminate/View/View.php(209): Livewire\\Mechanisms\\ExtendBlade\\ExtendedCompilerEngine->get('/Users/elijahis...', Array)
#6 /Users/elijahisrael/Desktop/Projects/chil/LARAVELBACKENDCHIL/vendor/laravel/framework/src/Illuminate/View/View.php(192): Illuminate\\View\\View->getContents()
#7 /Users/elijahisrael/Desktop/Projects/chil/LARAVELBACKENDCHIL/vendor/laravel/framework/src/Illuminate/View/View.php(161): Illuminate\\View\\View->renderContents()
#8 /Users/elijahisrael/Desktop/Projects/chil/LARAVELBACKENDCHIL/storage/framework/views/8543c75aea23cb66ed4e20af308d23ec.php(126): Illuminate\\View\\View->render()
#9 /Users/elijahisrael/Desktop/Projects/chil/LARAVELBACKENDCHIL/vendor/laravel/framework/src/Illuminate/Filesystem/Filesystem.php(123): require('/Users/elijahis...')
#10 /Users/elijahisrael/Desktop/Projects/chil/LARAVELBACKENDCHIL/vendor/laravel/framework/src/Illuminate/Filesystem/Filesystem.php(124): Illuminate\\Filesystem\\Filesystem::{closure:Illuminate\\Filesystem\\Filesystem::getRequire():120}()
#11 /Users/elijahisrael/Desktop/Projects/chil/LARAVELBACKENDCHIL/vendor/laravel/framework/src/Illuminate/View/Engines/PhpEngine.php(58): Illuminate\\Filesystem\\Filesystem->getRequire('/Users/elijahis...', Array)
#12 /Users/elijahisrael/Desktop/Projects/chil/LARAVELBACKENDCHIL/vendor/livewire/livewire/src/Mechanisms/ExtendBlade/ExtendedCompilerEngine.php(22): Illuminate\\View\\Engines\\PhpEngine->evaluatePath('/Users/elijahis...', Array)
#13 /Users/elijahisrael/Desktop/Projects/chil/LARAVELBACKENDCHIL/vendor/laravel/framework/src/Illuminate/View/Engines/CompilerEngine.php(75): Livewire\\Mechanisms\\ExtendBlade\\ExtendedCompilerEngine->evaluatePath('/Users/elijahis...', Array)
#14 /Users/elijahisrael/Desktop/Projects/chil/LARAVELBACKENDCHIL/vendor/livewire/livewire/src/Mechanisms/ExtendBlade/ExtendedCompilerEngine.php(10): Illuminate\\View\\Engines\\CompilerEngine->get('/Users/elijahis...', Array)
#15 /Users/elijahisrael/Desktop/Projects/chil/LARAVELBACKENDCHIL/vendor/laravel/framework/src/Illuminate/View/View.php(209): Livewire\\Mechanisms\\ExtendBlade\\ExtendedCompilerEngine->get('/Users/elijahis...', Array)
#16 /Users/elijahisrael/Desktop/Projects/chil/LARAVELBACKENDCHIL/vendor/laravel/framework/src/Illuminate/View/View.php(192): Illuminate\\View\\View->getContents()
#17 /Users/elijahisrael/Desktop/Projects/chil/LARAVELBACKENDCHIL/vendor/laravel/framework/src/Illuminate/View/View.php(161): Illuminate\\View\\View->renderContents()
#18 /Users/elijahisrael/Desktop/Projects/chil/LARAVELBACKENDCHIL/storage/framework/views/af8084d38e20387921086bc9b17c9775.php(79): Illuminate\\View\\View->render()
#19 /Users/elijahisrael/Desktop/Projects/chil/LARAVELBACKENDCHIL/vendor/laravel/framework/src/Illuminate/Filesystem/Filesystem.php(123): require('/Users/elijahis...')
#20 /Users/elijahisrael/Desktop/Projects/chil/LARAVELBACKENDCHIL/vendor/laravel/framework/src/Illuminate/Filesystem/Filesystem.php(124): Illuminate\\Filesystem\\Filesystem::{closure:Illuminate\\Filesystem\\Filesystem::getRequire():120}()
#21 /Users/elijahisrael/Desktop/Projects/chil/LARAVELBACKENDCHIL/vendor/laravel/framework/src/Illuminate/View/Engines/PhpEngine.php(58): Illuminate\\Filesystem\\Filesystem->getRequire('/Users/elijahis...', Array)
#22 /Users/elijahisrael/Desktop/Projects/chil/LARAVELBACKENDCHIL/vendor/livewire/livewire/src/Mechanisms/ExtendBlade/ExtendedCompilerEngine.php(22): Illuminate\\View\\Engines\\PhpEngine->evaluatePath('/Users/elijahis...', Array)
#23 /Users/elijahisrael/Desktop/Projects/chil/LARAVELBACKENDCHIL/vendor/laravel/framework/src/Illuminate/View/Engines/CompilerEngine.php(75): Livewire\\Mechanisms\\ExtendBlade\\ExtendedCompilerEngine->evaluatePath('/Users/elijahis...', Array)
#24 /Users/elijahisrael/Desktop/Projects/chil/LARAVELBACKENDCHIL/vendor/livewire/livewire/src/Mechanisms/ExtendBlade/ExtendedCompilerEngine.php(10): Illuminate\\View\\Engines\\CompilerEngine->get('/Users/elijahis...', Array)
#25 /Users/elijahisrael/Desktop/Projects/chil/LARAVELBACKENDCHIL/vendor/laravel/framework/src/Illuminate/View/View.php(209): Livewire\\Mechanisms\\ExtendBlade\\ExtendedCompilerEngine->get('/Users/elijahis...', Array)
#26 /Users/elijahisrael/Desktop/Projects/chil/LARAVELBACKENDCHIL/vendor/laravel/framework/src/Illuminate/View/View.php(192): Illuminate\\View\\View->getContents()
#27 /Users/elijahisrael/Desktop/Projects/chil/LARAVELBACKENDCHIL/vendor/laravel/framework/src/Illuminate/View/View.php(161): Illuminate\\View\\View->renderContents()
#28 /Users/elijahisrael/Desktop/Projects/chil/LARAVELBACKENDCHIL/vendor/laravel/framework/src/Illuminate/Http/Response.php(79): Illuminate\\View\\View->render()
#29 /Users/elijahisrael/Desktop/Projects/chil/LARAVELBACKENDCHIL/vendor/laravel/framework/src/Illuminate/Http/Response.php(35): Illuminate\\Http\\Response->setContent(Object(Illuminate\\View\\View))
#30 /Users/elijahisrael/Desktop/Projects/chil/LARAVELBACKENDCHIL/vendor/laravel/framework/src/Illuminate/Routing/Router.php(920): Illuminate\\Http\\Response->__construct(Object(Illuminate\\View\\View), 200, Array)
#31 /Users/elijahisrael/Desktop/Projects/chil/LARAVELBACKENDCHIL/vendor/laravel/framework/src/Illuminate/Routing/Router.php(887): Illuminate\\Routing\\Router::toResponse(Object(Illuminate\\Http\\Request), Object(Illuminate\\View\\View))
#32 /Users/elijahisrael/Desktop/Projects/chil/LARAVELBACKENDCHIL/vendor/laravel/framework/src/Illuminate/Routing/Router.php(807): Illuminate\\Routing\\Router->prepareResponse(Object(Illuminate\\Http\\Request), Object(Illuminate\\View\\View))
#33 /Users/elijahisrael/Desktop/Projects/chil/LARAVELBACKENDCHIL/vendor/laravel/framework/src/Illuminate/Pipeline/Pipeline.php(170): Illuminate\\Routing\\Router->{closure:Illuminate\\Routing\\Router::runRouteWithinStack():807}(Object(Illuminate\\Http\\Request))
#34 /Users/elijahisrael/Desktop/Projects/chil/LARAVELBACKENDCHIL/vendor/laravel/framework/src/Illuminate/Routing/Middleware/SubstituteBindings.php(51): Illuminate\\Pipeline\\Pipeline->{closure:Illuminate\\Pipeline\\Pipeline::prepareDestination():168}(Object(Illuminate\\Http\\Request))
#35 /Users/elijahisrael/Desktop/Projects/chil/LARAVELBACKENDCHIL/vendor/laravel/framework/src/Illuminate/Pipeline/Pipeline.php(209): Illuminate\\Routing\\Middleware\\SubstituteBindings->handle(Object(Illuminate\\Http\\Request), Object(Closure))
#36 /Users/elijahisrael/Desktop/Projects/chil/LARAVELBACKENDCHIL/vendor/laravel/framework/src/Illuminate/Foundation/Http/Middleware/VerifyCsrfToken.php(88): Illuminate\\Pipeline\\Pipeline->{closure:{closure:Illuminate\\Pipeline\\Pipeline::carry():184}:185}(Object(Illuminate\\Http\\Request))
#37 /Users/elijahisrael/Desktop/Projects/chil/LARAVELBACKENDCHIL/vendor/laravel/framework/src/Illuminate/Pipeline/Pipeline.php(209): Illuminate\\Foundation\\Http\\Middleware\\VerifyCsrfToken->handle(Object(Illuminate\\Http\\Request), Object(Closure))
#38 /Users/elijahisrael/Desktop/Projects/chil/LARAVELBACKENDCHIL/vendor/laravel/framework/src/Illuminate/View/Middleware/ShareErrorsFromSession.php(49): Illuminate\\Pipeline\\Pipeline->{closure:{closure:Illuminate\\Pipeline\\Pipeline::carry():184}:185}(Object(Illuminate\\Http\\Request))
#39 /Users/elijahisrael/Desktop/Projects/chil/LARAVELBACKENDCHIL/vendor/laravel/framework/src/Illuminate/Pipeline/Pipeline.php(209): Illuminate\\View\\Middleware\\ShareErrorsFromSession->handle(Object(Illuminate\\Http\\Request), Object(Closure))
#40 /Users/elijahisrael/Desktop/Projects/chil/LARAVELBACKENDCHIL/vendor/laravel/framework/src/Illuminate/Session/Middleware/StartSession.php(121): Illuminate\\Pipeline\\Pipeline->{closure:{closure:Illuminate\\Pipeline\\Pipeline::carry():184}:185}(Object(Illuminate\\Http\\Request))
#41 /Users/elijahisrael/Desktop/Projects/chil/LARAVELBACKENDCHIL/vendor/laravel/framework/src/Illuminate/Session/Middleware/StartSession.php(64): Illuminate\\Session\\Middleware\\StartSession->handleStatefulRequest(Object(Illuminate\\Http\\Request), Object(Illuminate\\Session\\Store), Object(Closure))
#42 /Users/elijahisrael/Desktop/Projects/chil/LARAVELBACKENDCHIL/vendor/laravel/framework/src/Illuminate/Pipeline/Pipeline.php(209): Illuminate\\Session\\Middleware\\StartSession->handle(Object(Illuminate\\Http\\Request), Object(Closure))
#43 /Users/elijahisrael/Desktop/Projects/chil/LARAVELBACKENDCHIL/vendor/laravel/framework/src/Illuminate/Cookie/Middleware/AddQueuedCookiesToResponse.php(37): Illuminate\\Pipeline\\Pipeline->{closure:{closure:Illuminate\\Pipeline\\Pipeline::carry():184}:185}(Object(Illuminate\\Http\\Request))
#44 /Users/elijahisrael/Desktop/Projects/chil/LARAVELBACKENDCHIL/vendor/laravel/framework/src/Illuminate/Pipeline/Pipeline.php(209): Illuminate\\Cookie\\Middleware\\AddQueuedCookiesToResponse->handle(Object(Illuminate\\Http\\Request), Object(Closure))
#45 /Users/elijahisrael/Desktop/Projects/chil/LARAVELBACKENDCHIL/vendor/laravel/framework/src/Illuminate/Cookie/Middleware/EncryptCookies.php(75): Illuminate\\Pipeline\\Pipeline->{closure:{closure:Illuminate\\Pipeline\\Pipeline::carry():184}:185}(Object(Illuminate\\Http\\Request))
#46 /Users/elijahisrael/Desktop/Projects/chil/LARAVELBACKENDCHIL/vendor/laravel/framework/src/Illuminate/Pipeline/Pipeline.php(209): Illuminate\\Cookie\\Middleware\\EncryptCookies->handle(Object(Illuminate\\Http\\Request), Object(Closure))
#47 /Users/elijahisrael/Desktop/Projects/chil/LARAVELBACKENDCHIL/vendor/laravel/framework/src/Illuminate/Pipeline/Pipeline.php(127): Illuminate\\Pipeline\\Pipeline->{closure:{closure:Illuminate\\Pipeline\\Pipeline::carry():184}:185}(Object(Illuminate\\Http\\Request))
#48 /Users/elijahisrael/Desktop/Projects/chil/LARAVELBACKENDCHIL/vendor/laravel/framework/src/Illuminate/Routing/Router.php(807): Illuminate\\Pipeline\\Pipeline->then(Object(Closure))
#49 /Users/elijahisrael/Desktop/Projects/chil/LARAVELBACKENDCHIL/vendor/laravel/framework/src/Illuminate/Routing/Router.php(786): Illuminate\\Routing\\Router->runRouteWithinStack(Object(Illuminate\\Routing\\Route), Object(Illuminate\\Http\\Request))
#50 /Users/elijahisrael/Desktop/Projects/chil/LARAVELBACKENDCHIL/vendor/laravel/framework/src/Illuminate/Routing/Router.php(750): Illuminate\\Routing\\Router->runRoute(Object(Illuminate\\Http\\Request), Object(Illuminate\\Routing\\Route))
#51 /Users/elijahisrael/Desktop/Projects/chil/LARAVELBACKENDCHIL/vendor/laravel/framework/src/Illuminate/Routing/Router.php(739): Illuminate\\Routing\\Router->dispatchToRoute(Object(Illuminate\\Http\\Request))
#52 /Users/elijahisrael/Desktop/Projects/chil/LARAVELBACKENDCHIL/vendor/laravel/framework/src/Illuminate/Foundation/Http/Kernel.php(201): Illuminate\\Routing\\Router->dispatch(Object(Illuminate\\Http\\Request))
#53 /Users/elijahisrael/Desktop/Projects/chil/LARAVELBACKENDCHIL/vendor/laravel/framework/src/Illuminate/Pipeline/Pipeline.php(170): Illuminate\\Foundation\\Http\\Kernel->{closure:Illuminate\\Foundation\\Http\\Kernel::dispatchToRouter():198}(Object(Illuminate\\Http\\Request))
#54 /Users/elijahisrael/Desktop/Projects/chil/LARAVELBACKENDCHIL/vendor/livewire/livewire/src/Features/SupportDisablingBackButtonCache/DisableBackButtonCacheMiddleware.php(19): Illuminate\\Pipeline\\Pipeline->{closure:Illuminate\\Pipeline\\Pipeline::prepareDestination():168}(Object(Illuminate\\Http\\Request))
#55 /Users/elijahisrael/Desktop/Projects/chil/LARAVELBACKENDCHIL/vendor/laravel/framework/src/Illuminate/Pipeline/Pipeline.php(209): Livewire\\Features\\SupportDisablingBackButtonCache\\DisableBackButtonCacheMiddleware->handle(Object(Illuminate\\Http\\Request), Object(Closure))
#56 /Users/elijahisrael/Desktop/Projects/chil/LARAVELBACKENDCHIL/app/Http/Middleware/Cors.php(31): Illuminate\\Pipeline\\Pipeline->{closure:{closure:Illuminate\\Pipeline\\Pipeline::carry():184}:185}(Object(Illuminate\\Http\\Request))
#57 /Users/elijahisrael/Desktop/Projects/chil/LARAVELBACKENDCHIL/vendor/laravel/framework/src/Illuminate/Pipeline/Pipeline.php(209): App\\Http\\Middleware\\Cors->handle(Object(Illuminate\\Http\\Request), Object(Closure))
#58 /Users/elijahisrael/Desktop/Projects/chil/LARAVELBACKENDCHIL/vendor/laravel/framework/src/Illuminate/Http/Middleware/TrustProxies.php(58): Illuminate\\Pipeline\\Pipeline->{closure:{closure:Illuminate\\Pipeline\\Pipeline::carry():184}:185}(Object(Illuminate\\Http\\Request))
#59 /Users/elijahisrael/Desktop/Projects/chil/LARAVELBACKENDCHIL/vendor/laravel/framework/src/Illuminate/Pipeline/Pipeline.php(209): Illuminate\\Http\\Middleware\\TrustProxies->handle(Object(Illuminate\\Http\\Request), Object(Closure))
#60 /Users/elijahisrael/Desktop/Projects/chil/LARAVELBACKENDCHIL/vendor/laravel/framework/src/Illuminate/Foundation/Http/Middleware/TransformsRequest.php(21): Illuminate\\Pipeline\\Pipeline->{closure:{closure:Illuminate\\Pipeline\\Pipeline::carry():184}:185}(Object(Illuminate\\Http\\Request))
#61 /Users/elijahisrael/Desktop/Projects/chil/LARAVELBACKENDCHIL/vendor/laravel/framework/src/Illuminate/Foundation/Http/Middleware/ConvertEmptyStringsToNull.php(31): Illuminate\\Foundation\\Http\\Middleware\\TransformsRequest->handle(Object(Illuminate\\Http\\Request), Object(Closure))
#62 /Users/elijahisrael/Desktop/Projects/chil/LARAVELBACKENDCHIL/vendor/laravel/framework/src/Illuminate/Pipeline/Pipeline.php(209): Illuminate\\Foundation\\Http\\Middleware\\ConvertEmptyStringsToNull->handle(Object(Illuminate\\Http\\Request), Object(Closure))
#63 /Users/elijahisrael/Desktop/Projects/chil/LARAVELBACKENDCHIL/vendor/laravel/framework/src/Illuminate/Foundation/Http/Middleware/TransformsRequest.php(21): Illuminate\\Pipeline\\Pipeline->{closure:{closure:Illuminate\\Pipeline\\Pipeline::carry():184}:185}(Object(Illuminate\\Http\\Request))
#64 /Users/elijahisrael/Desktop/Projects/chil/LARAVELBACKENDCHIL/vendor/laravel/framework/src/Illuminate/Foundation/Http/Middleware/TrimStrings.php(51): Illuminate\\Foundation\\Http\\Middleware\\TransformsRequest->handle(Object(Illuminate\\Http\\Request), Object(Closure))
#65 /Users/elijahisrael/Desktop/Projects/chil/LARAVELBACKENDCHIL/vendor/laravel/framework/src/Illuminate/Pipeline/Pipeline.php(209): Illuminate\\Foundation\\Http\\Middleware\\TrimStrings->handle(Object(Illuminate\\Http\\Request), Object(Closure))
#66 /Users/elijahisrael/Desktop/Projects/chil/LARAVELBACKENDCHIL/vendor/laravel/framework/src/Illuminate/Http/Middleware/ValidatePostSize.php(27): Illuminate\\Pipeline\\Pipeline->{closure:{closure:Illuminate\\Pipeline\\Pipeline::carry():184}:185}(Object(Illuminate\\Http\\Request))
#67 /Users/elijahisrael/Desktop/Projects/chil/LARAVELBACKENDCHIL/vendor/laravel/framework/src/Illuminate/Pipeline/Pipeline.php(209): Illuminate\\Http\\Middleware\\ValidatePostSize->handle(Object(Illuminate\\Http\\Request), Object(Closure))
#68 /Users/elijahisrael/Desktop/Projects/chil/LARAVELBACKENDCHIL/vendor/laravel/framework/src/Illuminate/Foundation/Http/Middleware/PreventRequestsDuringMaintenance.php(110): Illuminate\\Pipeline\\Pipeline->{closure:{closure:Illuminate\\Pipeline\\Pipeline::carry():184}:185}(Object(Illuminate\\Http\\Request))
#69 /Users/elijahisrael/Desktop/Projects/chil/LARAVELBACKENDCHIL/vendor/laravel/framework/src/Illuminate/Pipeline/Pipeline.php(209): Illuminate\\Foundation\\Http\\Middleware\\PreventRequestsDuringMaintenance->handle(Object(Illuminate\\Http\\Request), Object(Closure))
#70 /Users/elijahisrael/Desktop/Projects/chil/LARAVELBACKENDCHIL/vendor/laravel/framework/src/Illuminate/Pipeline/Pipeline.php(127): Illuminate\\Pipeline\\Pipeline->{closure:{closure:Illuminate\\Pipeline\\Pipeline::carry():184}:185}(Object(Illuminate\\Http\\Request))
#71 /Users/elijahisrael/Desktop/Projects/chil/LARAVELBACKENDCHIL/vendor/laravel/framework/src/Illuminate/Foundation/Http/Kernel.php(176): Illuminate\\Pipeline\\Pipeline->then(Object(Closure))
#72 /Users/elijahisrael/Desktop/Projects/chil/LARAVELBACKENDCHIL/vendor/laravel/framework/src/Illuminate/Foundation/Http/Kernel.php(145): Illuminate\\Foundation\\Http\\Kernel->sendRequestThroughRouter(Object(Illuminate\\Http\\Request))
#73 /Users/elijahisrael/Desktop/Projects/chil/LARAVELBACKENDCHIL/public/index.php(54): Illuminate\\Foundation\\Http\\Kernel->handle(Object(Illuminate\\Http\\Request))
#74 /Users/elijahisrael/Desktop/Projects/chil/LARAVELBACKENDCHIL/server.php(21): require_once('/Users/elijahis...')
#75 {main}

[previous exception] [object] (Illuminate\\Routing\\Exceptions\\UrlGenerationException(code: 0): Missing required parameter for [Route: school.dashboard] [URI: school-dashboard/{school}] [Missing parameter: school]. at /Users/elijahisrael/Desktop/Projects/chil/LARAVELBACKENDCHIL/vendor/laravel/framework/src/Illuminate/Routing/Exceptions/UrlGenerationException.php:35)
[stacktrace]
#0 /Users/elijahisrael/Desktop/Projects/chil/LARAVELBACKENDCHIL/vendor/laravel/framework/src/Illuminate/Routing/RouteUrlGenerator.php(90): Illuminate\\Routing\\Exceptions\\UrlGenerationException::forMissingParameters(Object(Illuminate\\Routing\\Route), Array)
#1 /Users/elijahisrael/Desktop/Projects/chil/LARAVELBACKENDCHIL/vendor/laravel/framework/src/Illuminate/Routing/UrlGenerator.php(544): Illuminate\\Routing\\RouteUrlGenerator->to(Object(Illuminate\\Routing\\Route), Array, true)
#2 /Users/elijahisrael/Desktop/Projects/chil/LARAVELBACKENDCHIL/vendor/laravel/framework/src/Illuminate/Routing/UrlGenerator.php(509): Illuminate\\Routing\\UrlGenerator->toRoute(Object(Illuminate\\Routing\\Route), Array, true)
#3 /Users/elijahisrael/Desktop/Projects/chil/LARAVELBACKENDCHIL/vendor/laravel/framework/src/Illuminate/Foundation/helpers.php(853): Illuminate\\Routing\\UrlGenerator->route('school.dashboar...', Array, true)
#4 /Users/elijahisrael/Desktop/Projects/chil/LARAVELBACKENDCHIL/storage/framework/views/c0667ced79c677f8fee0566ce64d6e5a.php(4): route('school.dashboar...')
#5 /Users/elijahisrael/Desktop/Projects/chil/LARAVELBACKENDCHIL/vendor/laravel/framework/src/Illuminate/Filesystem/Filesystem.php(123): require('/Users/elijahis...')
#6 /Users/elijahisrael/Desktop/Projects/chil/LARAVELBACKENDCHIL/vendor/laravel/framework/src/Illuminate/Filesystem/Filesystem.php(124): Illuminate\\Filesystem\\Filesystem::{closure:Illuminate\\Filesystem\\Filesystem::getRequire():120}()
#7 /Users/elijahisrael/Desktop/Projects/chil/LARAVELBACKENDCHIL/vendor/laravel/framework/src/Illuminate/View/Engines/PhpEngine.php(58): Illuminate\\Filesystem\\Filesystem->getRequire('/Users/elijahis...', Array)
#8 /Users/elijahisrael/Desktop/Projects/chil/LARAVELBACKENDCHIL/vendor/livewire/livewire/src/Mechanisms/ExtendBlade/ExtendedCompilerEngine.php(22): Illuminate\\View\\Engines\\PhpEngine->evaluatePath('/Users/elijahis...', Array)
#9 /Users/elijahisrael/Desktop/Projects/chil/LARAVELBACKENDCHIL/vendor/laravel/framework/src/Illuminate/View/Engines/CompilerEngine.php(75): Livewire\\Mechanisms\\ExtendBlade\\ExtendedCompilerEngine->evaluatePath('/Users/elijahis...', Array)
#10 /Users/elijahisrael/Desktop/Projects/chil/LARAVELBACKENDCHIL/vendor/livewire/livewire/src/Mechanisms/ExtendBlade/ExtendedCompilerEngine.php(10): Illuminate\\View\\Engines\\CompilerEngine->get('/Users/elijahis...', Array)
#11 /Users/elijahisrael/Desktop/Projects/chil/LARAVELBACKENDCHIL/vendor/laravel/framework/src/Illuminate/View/View.php(209): Livewire\\Mechanisms\\ExtendBlade\\ExtendedCompilerEngine->get('/Users/elijahis...', Array)
#12 /Users/elijahisrael/Desktop/Projects/chil/LARAVELBACKENDCHIL/vendor/laravel/framework/src/Illuminate/View/View.php(192): Illuminate\\View\\View->getContents()
#13 /Users/elijahisrael/Desktop/Projects/chil/LARAVELBACKENDCHIL/vendor/laravel/framework/src/Illuminate/View/View.php(161): Illuminate\\View\\View->renderContents()
#14 /Users/elijahisrael/Desktop/Projects/chil/LARAVELBACKENDCHIL/storage/framework/views/8543c75aea23cb66ed4e20af308d23ec.php(126): Illuminate\\View\\View->render()
#15 /Users/elijahisrael/Desktop/Projects/chil/LARAVELBACKENDCHIL/vendor/laravel/framework/src/Illuminate/Filesystem/Filesystem.php(123): require('/Users/elijahis...')
#16 /Users/elijahisrael/Desktop/Projects/chil/LARAVELBACKENDCHIL/vendor/laravel/framework/src/Illuminate/Filesystem/Filesystem.php(124): Illuminate\\Filesystem\\Filesystem::{closure:Illuminate\\Filesystem\\Filesystem::getRequire():120}()
#17 /Users/elijahisrael/Desktop/Projects/chil/LARAVELBACKENDCHIL/vendor/laravel/framework/src/Illuminate/View/Engines/PhpEngine.php(58): Illuminate\\Filesystem\\Filesystem->getRequire('/Users/elijahis...', Array)
#18 /Users/elijahisrael/Desktop/Projects/chil/LARAVELBACKENDCHIL/vendor/livewire/livewire/src/Mechanisms/ExtendBlade/ExtendedCompilerEngine.php(22): Illuminate\\View\\Engines\\PhpEngine->evaluatePath('/Users/elijahis...', Array)
#19 /Users/elijahisrael/Desktop/Projects/chil/LARAVELBACKENDCHIL/vendor/laravel/framework/src/Illuminate/View/Engines/CompilerEngine.php(75): Livewire\\Mechanisms\\ExtendBlade\\ExtendedCompilerEngine->evaluatePath('/Users/elijahis...', Array)
#20 /Users/elijahisrael/Desktop/Projects/chil/LARAVELBACKENDCHIL/vendor/livewire/livewire/src/Mechanisms/ExtendBlade/ExtendedCompilerEngine.php(10): Illuminate\\View\\Engines\\CompilerEngine->get('/Users/elijahis...', Array)
#21 /Users/elijahisrael/Desktop/Projects/chil/LARAVELBACKENDCHIL/vendor/laravel/framework/src/Illuminate/View/View.php(209): Livewire\\Mechanisms\\ExtendBlade\\ExtendedCompilerEngine->get('/Users/elijahis...', Array)
#22 /Users/elijahisrael/Desktop/Projects/chil/LARAVELBACKENDCHIL/vendor/laravel/framework/src/Illuminate/View/View.php(192): Illuminate\\View\\View->getContents()
#23 /Users/elijahisrael/Desktop/Projects/chil/LARAVELBACKENDCHIL/vendor/laravel/framework/src/Illuminate/View/View.php(161): Illuminate\\View\\View->renderContents()
#24 /Users/elijahisrael/Desktop/Projects/chil/LARAVELBACKENDCHIL/storage/framework/views/af8084d38e20387921086bc9b17c9775.php(79): Illuminate\\View\\View->render()
#25 /Users/elijahisrael/Desktop/Projects/chil/LARAVELBACKENDCHIL/vendor/laravel/framework/src/Illuminate/Filesystem/Filesystem.php(123): require('/Users/elijahis...')
#26 /Users/elijahisrael/Desktop/Projects/chil/LARAVELBACKENDCHIL/vendor/laravel/framework/src/Illuminate/Filesystem/Filesystem.php(124): Illuminate\\Filesystem\\Filesystem::{closure:Illuminate\\Filesystem\\Filesystem::getRequire():120}()
#27 /Users/elijahisrael/Desktop/Projects/chil/LARAVELBACKENDCHIL/vendor/laravel/framework/src/Illuminate/View/Engines/PhpEngine.php(58): Illuminate\\Filesystem\\Filesystem->getRequire('/Users/elijahis...', Array)
#28 /Users/elijahisrael/Desktop/Projects/chil/LARAVELBACKENDCHIL/vendor/livewire/livewire/src/Mechanisms/ExtendBlade/ExtendedCompilerEngine.php(22): Illuminate\\View\\Engines\\PhpEngine->evaluatePath('/Users/elijahis...', Array)
#29 /Users/elijahisrael/Desktop/Projects/chil/LARAVELBACKENDCHIL/vendor/laravel/framework/src/Illuminate/View/Engines/CompilerEngine.php(75): Livewire\\Mechanisms\\ExtendBlade\\ExtendedCompilerEngine->evaluatePath('/Users/elijahis...', Array)
#30 /Users/elijahisrael/Desktop/Projects/chil/LARAVELBACKENDCHIL/vendor/livewire/livewire/src/Mechanisms/ExtendBlade/ExtendedCompilerEngine.php(10): Illuminate\\View\\Engines\\CompilerEngine->get('/Users/elijahis...', Array)
#31 /Users/elijahisrael/Desktop/Projects/chil/LARAVELBACKENDCHIL/vendor/laravel/framework/src/Illuminate/View/View.php(209): Livewire\\Mechanisms\\ExtendBlade\\ExtendedCompilerEngine->get('/Users/elijahis...', Array)
#32 /Users/elijahisrael/Desktop/Projects/chil/LARAVELBACKENDCHIL/vendor/laravel/framework/src/Illuminate/View/View.php(192): Illuminate\\View\\View->getContents()
#33 /Users/elijahisrael/Desktop/Projects/chil/LARAVELBACKENDCHIL/vendor/laravel/framework/src/Illuminate/View/View.php(161): Illuminate\\View\\View->renderContents()
#34 /Users/elijahisrael/Desktop/Projects/chil/LARAVELBACKENDCHIL/vendor/laravel/framework/src/Illuminate/Http/Response.php(79): Illuminate\\View\\View->render()
#35 /Users/elijahisrael/Desktop/Projects/chil/LARAVELBACKENDCHIL/vendor/laravel/framework/src/Illuminate/Http/Response.php(35): Illuminate\\Http\\Response->setContent(Object(Illuminate\\View\\View))
#36 /Users/elijahisrael/Desktop/Projects/chil/LARAVELBACKENDCHIL/vendor/laravel/framework/src/Illuminate/Routing/Router.php(920): Illuminate\\Http\\Response->__construct(Object(Illuminate\\View\\View), 200, Array)
#37 /Users/elijahisrael/Desktop/Projects/chil/LARAVELBACKENDCHIL/vendor/laravel/framework/src/Illuminate/Routing/Router.php(887): Illuminate\\Routing\\Router::toResponse(Object(Illuminate\\Http\\Request), Object(Illuminate\\View\\View))
#38 /Users/elijahisrael/Desktop/Projects/chil/LARAVELBACKENDCHIL/vendor/laravel/framework/src/Illuminate/Routing/Router.php(807): Illuminate\\Routing\\Router->prepareResponse(Object(Illuminate\\Http\\Request), Object(Illuminate\\View\\View))
#39 /Users/elijahisrael/Desktop/Projects/chil/LARAVELBACKENDCHIL/vendor/laravel/framework/src/Illuminate/Pipeline/Pipeline.php(170): Illuminate\\Routing\\Router->{closure:Illuminate\\Routing\\Router::runRouteWithinStack():807}(Object(Illuminate\\Http\\Request))
#40 /Users/elijahisrael/Desktop/Projects/chil/LARAVELBACKENDCHIL/vendor/laravel/framework/src/Illuminate/Routing/Middleware/SubstituteBindings.php(51): Illuminate\\Pipeline\\Pipeline->{closure:Illuminate\\Pipeline\\Pipeline::prepareDestination():168}(Object(Illuminate\\Http\\Request))
#41 /Users/elijahisrael/Desktop/Projects/chil/LARAVELBACKENDCHIL/vendor/laravel/framework/src/Illuminate/Pipeline/Pipeline.php(209): Illuminate\\Routing\\Middleware\\SubstituteBindings->handle(Object(Illuminate\\Http\\Request), Object(Closure))
#42 /Users/elijahisrael/Desktop/Projects/chil/LARAVELBACKENDCHIL/vendor/laravel/framework/src/Illuminate/Foundation/Http/Middleware/VerifyCsrfToken.php(88): Illuminate\\Pipeline\\Pipeline->{closure:{closure:Illuminate\\Pipeline\\Pipeline::carry():184}:185}(Object(Illuminate\\Http\\Request))
#43 /Users/elijahisrael/Desktop/Projects/chil/LARAVELBACKENDCHIL/vendor/laravel/framework/src/Illuminate/Pipeline/Pipeline.php(209): Illuminate\\Foundation\\Http\\Middleware\\VerifyCsrfToken->handle(Object(Illuminate\\Http\\Request), Object(Closure))
#44 /Users/elijahisrael/Desktop/Projects/chil/LARAVELBACKENDCHIL/vendor/laravel/framework/src/Illuminate/View/Middleware/ShareErrorsFromSession.php(49): Illuminate\\Pipeline\\Pipeline->{closure:{closure:Illuminate\\Pipeline\\Pipeline::carry():184}:185}(Object(Illuminate\\Http\\Request))
#45 /Users/elijahisrael/Desktop/Projects/chil/LARAVELBACKENDCHIL/vendor/laravel/framework/src/Illuminate/Pipeline/Pipeline.php(209): Illuminate\\View\\Middleware\\ShareErrorsFromSession->handle(Object(Illuminate\\Http\\Request), Object(Closure))
#46 /Users/elijahisrael/Desktop/Projects/chil/LARAVELBACKENDCHIL/vendor/laravel/framework/src/Illuminate/Session/Middleware/StartSession.php(121): Illuminate\\Pipeline\\Pipeline->{closure:{closure:Illuminate\\Pipeline\\Pipeline::carry():184}:185}(Object(Illuminate\\Http\\Request))
#47 /Users/elijahisrael/Desktop/Projects/chil/LARAVELBACKENDCHIL/vendor/laravel/framework/src/Illuminate/Session/Middleware/StartSession.php(64): Illuminate\\Session\\Middleware\\StartSession->handleStatefulRequest(Object(Illuminate\\Http\\Request), Object(Illuminate\\Session\\Store), Object(Closure))
#48 /Users/elijahisrael/Desktop/Projects/chil/LARAVELBACKENDCHIL/vendor/laravel/framework/src/Illuminate/Pipeline/Pipeline.php(209): Illuminate\\Session\\Middleware\\StartSession->handle(Object(Illuminate\\Http\\Request), Object(Closure))
#49 /Users/elijahisrael/Desktop/Projects/chil/LARAVELBACKENDCHIL/vendor/laravel/framework/src/Illuminate/Cookie/Middleware/AddQueuedCookiesToResponse.php(37): Illuminate\\Pipeline\\Pipeline->{closure:{closure:Illuminate\\Pipeline\\Pipeline::carry():184}:185}(Object(Illuminate\\Http\\Request))
#50 /Users/elijahisrael/Desktop/Projects/chil/LARAVELBACKENDCHIL/vendor/laravel/framework/src/Illuminate/Pipeline/Pipeline.php(209): Illuminate\\Cookie\\Middleware\\AddQueuedCookiesToResponse->handle(Object(Illuminate\\Http\\Request), Object(Closure))
#51 /Users/elijahisrael/Desktop/Projects/chil/LARAVELBACKENDCHIL/vendor/laravel/framework/src/Illuminate/Cookie/Middleware/EncryptCookies.php(75): Illuminate\\Pipeline\\Pipeline->{closure:{closure:Illuminate\\Pipeline\\Pipeline::carry():184}:185}(Object(Illuminate\\Http\\Request))
#52 /Users/elijahisrael/Desktop/Projects/chil/LARAVELBACKENDCHIL/vendor/laravel/framework/src/Illuminate/Pipeline/Pipeline.php(209): Illuminate\\Cookie\\Middleware\\EncryptCookies->handle(Object(Illuminate\\Http\\Request), Object(Closure))
#53 /Users/elijahisrael/Desktop/Projects/chil/LARAVELBACKENDCHIL/vendor/laravel/framework/src/Illuminate/Pipeline/Pipeline.php(127): Illuminate\\Pipeline\\Pipeline->{closure:{closure:Illuminate\\Pipeline\\Pipeline::carry():184}:185}(Object(Illuminate\\Http\\Request))
#54 /Users/elijahisrael/Desktop/Projects/chil/LARAVELBACKENDCHIL/vendor/laravel/framework/src/Illuminate/Routing/Router.php(807): Illuminate\\Pipeline\\Pipeline->then(Object(Closure))
#55 /Users/elijahisrael/Desktop/Projects/chil/LARAVELBACKENDCHIL/vendor/laravel/framework/src/Illuminate/Routing/Router.php(786): Illuminate\\Routing\\Router->runRouteWithinStack(Object(Illuminate\\Routing\\Route), Object(Illuminate\\Http\\Request))
#56 /Users/elijahisrael/Desktop/Projects/chil/LARAVELBACKENDCHIL/vendor/laravel/framework/src/Illuminate/Routing/Router.php(750): Illuminate\\Routing\\Router->runRoute(Object(Illuminate\\Http\\Request), Object(Illuminate\\Routing\\Route))
#57 /Users/elijahisrael/Desktop/Projects/chil/LARAVELBACKENDCHIL/vendor/laravel/framework/src/Illuminate/Routing/Router.php(739): Illuminate\\Routing\\Router->dispatchToRoute(Object(Illuminate\\Http\\Request))
#58 /Users/elijahisrael/Desktop/Projects/chil/LARAVELBACKENDCHIL/vendor/laravel/framework/src/Illuminate/Foundation/Http/Kernel.php(201): Illuminate\\Routing\\Router->dispatch(Object(Illuminate\\Http\\Request))
#59 /Users/elijahisrael/Desktop/Projects/chil/LARAVELBACKENDCHIL/vendor/laravel/framework/src/Illuminate/Pipeline/Pipeline.php(170): Illuminate\\Foundation\\Http\\Kernel->{closure:Illuminate\\Foundation\\Http\\Kernel::dispatchToRouter():198}(Object(Illuminate\\Http\\Request))
#60 /Users/elijahisrael/Desktop/Projects/chil/LARAVELBACKENDCHIL/vendor/livewire/livewire/src/Features/SupportDisablingBackButtonCache/DisableBackButtonCacheMiddleware.php(19): Illuminate\\Pipeline\\Pipeline->{closure:Illuminate\\Pipeline\\Pipeline::prepareDestination():168}(Object(Illuminate\\Http\\Request))
#61 /Users/elijahisrael/Desktop/Projects/chil/LARAVELBACKENDCHIL/vendor/laravel/framework/src/Illuminate/Pipeline/Pipeline.php(209): Livewire\\Features\\SupportDisablingBackButtonCache\\DisableBackButtonCacheMiddleware->handle(Object(Illuminate\\Http\\Request), Object(Closure))
#62 /Users/elijahisrael/Desktop/Projects/chil/LARAVELBACKENDCHIL/app/Http/Middleware/Cors.php(31): Illuminate\\Pipeline\\Pipeline->{closure:{closure:Illuminate\\Pipeline\\Pipeline::carry():184}:185}(Object(Illuminate\\Http\\Request))
#63 /Users/elijahisrael/Desktop/Projects/chil/LARAVELBACKENDCHIL/vendor/laravel/framework/src/Illuminate/Pipeline/Pipeline.php(209): App\\Http\\Middleware\\Cors->handle(Object(Illuminate\\Http\\Request), Object(Closure))
#64 /Users/elijahisrael/Desktop/Projects/chil/LARAVELBACKENDCHIL/vendor/laravel/framework/src/Illuminate/Http/Middleware/TrustProxies.php(58): Illuminate\\Pipeline\\Pipeline->{closure:{closure:Illuminate\\Pipeline\\Pipeline::carry():184}:185}(Object(Illuminate\\Http\\Request))
#65 /Users/elijahisrael/Desktop/Projects/chil/LARAVELBACKENDCHIL/vendor/laravel/framework/src/Illuminate/Pipeline/Pipeline.php(209): Illuminate\\Http\\Middleware\\TrustProxies->handle(Object(Illuminate\\Http\\Request), Object(Closure))
#66 /Users/elijahisrael/Desktop/Projects/chil/LARAVELBACKENDCHIL/vendor/laravel/framework/src/Illuminate/Foundation/Http/Middleware/TransformsRequest.php(21): Illuminate\\Pipeline\\Pipeline->{closure:{closure:Illuminate\\Pipeline\\Pipeline::carry():184}:185}(Object(Illuminate\\Http\\Request))
#67 /Users/elijahisrael/Desktop/Projects/chil/LARAVELBACKENDCHIL/vendor/laravel/framework/src/Illuminate/Foundation/Http/Middleware/ConvertEmptyStringsToNull.php(31): Illuminate\\Foundation\\Http\\Middleware\\TransformsRequest->handle(Object(Illuminate\\Http\\Request), Object(Closure))
#68 /Users/elijahisrael/Desktop/Projects/chil/LARAVELBACKENDCHIL/vendor/laravel/framework/src/Illuminate/Pipeline/Pipeline.php(209): Illuminate\\Foundation\\Http\\Middleware\\ConvertEmptyStringsToNull->handle(Object(Illuminate\\Http\\Request), Object(Closure))
#69 /Users/elijahisrael/Desktop/Projects/chil/LARAVELBACKENDCHIL/vendor/laravel/framework/src/Illuminate/Foundation/Http/Middleware/TransformsRequest.php(21): Illuminate\\Pipeline\\Pipeline->{closure:{closure:Illuminate\\Pipeline\\Pipeline::carry():184}:185}(Object(Illuminate\\Http\\Request))
#70 /Users/elijahisrael/Desktop/Projects/chil/LARAVELBACKENDCHIL/vendor/laravel/framework/src/Illuminate/Foundation/Http/Middleware/TrimStrings.php(51): Illuminate\\Foundation\\Http\\Middleware\\TransformsRequest->handle(Object(Illuminate\\Http\\Request), Object(Closure))
#71 /Users/elijahisrael/Desktop/Projects/chil/LARAVELBACKENDCHIL/vendor/laravel/framework/src/Illuminate/Pipeline/Pipeline.php(209): Illuminate\\Foundation\\Http\\Middleware\\TrimStrings->handle(Object(Illuminate\\Http\\Request), Object(Closure))
#72 /Users/elijahisrael/Desktop/Projects/chil/LARAVELBACKENDCHIL/vendor/laravel/framework/src/Illuminate/Http/Middleware/ValidatePostSize.php(27): Illuminate\\Pipeline\\Pipeline->{closure:{closure:Illuminate\\Pipeline\\Pipeline::carry():184}:185}(Object(Illuminate\\Http\\Request))
#73 /Users/elijahisrael/Desktop/Projects/chil/LARAVELBACKENDCHIL/vendor/laravel/framework/src/Illuminate/Pipeline/Pipeline.php(209): Illuminate\\Http\\Middleware\\ValidatePostSize->handle(Object(Illuminate\\Http\\Request), Object(Closure))
#74 /Users/elijahisrael/Desktop/Projects/chil/LARAVELBACKENDCHIL/vendor/laravel/framework/src/Illuminate/Foundation/Http/Middleware/PreventRequestsDuringMaintenance.php(110): Illuminate\\Pipeline\\Pipeline->{closure:{closure:Illuminate\\Pipeline\\Pipeline::carry():184}:185}(Object(Illuminate\\Http\\Request))
#75 /Users/elijahisrael/Desktop/Projects/chil/LARAVELBACKENDCHIL/vendor/laravel/framework/src/Illuminate/Pipeline/Pipeline.php(209): Illuminate\\Foundation\\Http\\Middleware\\PreventRequestsDuringMaintenance->handle(Object(Illuminate\\Http\\Request), Object(Closure))
#76 /Users/elijahisrael/Desktop/Projects/chil/LARAVELBACKENDCHIL/vendor/laravel/framework/src/Illuminate/Pipeline/Pipeline.php(127): Illuminate\\Pipeline\\Pipeline->{closure:{closure:Illuminate\\Pipeline\\Pipeline::carry():184}:185}(Object(Illuminate\\Http\\Request))
#77 /Users/elijahisrael/Desktop/Projects/chil/LARAVELBACKENDCHIL/vendor/laravel/framework/src/Illuminate/Foundation/Http/Kernel.php(176): Illuminate\\Pipeline\\Pipeline->then(Object(Closure))
#78 /Users/elijahisrael/Desktop/Projects/chil/LARAVELBACKENDCHIL/vendor/laravel/framework/src/Illuminate/Foundation/Http/Kernel.php(145): Illuminate\\Foundation\\Http\\Kernel->sendRequestThroughRouter(Object(Illuminate\\Http\\Request))
#79 /Users/elijahisrael/Desktop/Projects/chil/LARAVELBACKENDCHIL/public/index.php(54): Illuminate\\Foundation\\Http\\Kernel->handle(Object(Illuminate\\Http\\Request))
#80 /Users/elijahisrael/Desktop/Projects/chil/LARAVELBACKENDCHIL/server.php(21): require_once('/Users/elijahis...')
#81 {main}
"} 
[2025-09-30 17:23:58] local.ERROR: Missing required parameter for [Route: students] [URI: students/{school}] [Missing parameter: school]. (View: /Users/elijahisrael/Desktop/Projects/chil/LARAVELBACKENDCHIL/resources/views/layouts/sidebar.blade.php) (View: /Users/elijahisrael/Desktop/Projects/chil/LARAVELBACKENDCHIL/resources/views/layouts/sidebar.blade.php) (View: /Users/elijahisrael/Desktop/Projects/chil/LARAVELBACKENDCHIL/resources/views/layouts/sidebar.blade.php) {"exception":"[object] (Illuminate\\View\\ViewException(code: 0): Missing required parameter for [Route: students] [URI: students/{school}] [Missing parameter: school]. (View: /Users/elijahisrael/Desktop/Projects/chil/LARAVELBACKENDCHIL/resources/views/layouts/sidebar.blade.php) (View: /Users/elijahisrael/Desktop/Projects/chil/LARAVELBACKENDCHIL/resources/views/layouts/sidebar.blade.php) (View: /Users/elijahisrael/Desktop/Projects/chil/LARAVELBACKENDCHIL/resources/views/layouts/sidebar.blade.php) at /Users/elijahisrael/Desktop/Projects/chil/LARAVELBACKENDCHIL/vendor/laravel/framework/src/Illuminate/Routing/Exceptions/UrlGenerationException.php:35)
[stacktrace]
#0 /Users/elijahisrael/Desktop/Projects/chil/LARAVELBACKENDCHIL/vendor/livewire/livewire/src/Mechanisms/ExtendBlade/ExtendedCompilerEngine.php(58): Illuminate\\View\\Engines\\CompilerEngine->handleViewException(Object(Illuminate\\View\\ViewException), 0)
#1 /Users/elijahisrael/Desktop/Projects/chil/LARAVELBACKENDCHIL/vendor/laravel/framework/src/Illuminate/View/Engines/PhpEngine.php(60): Livewire\\Mechanisms\\ExtendBlade\\ExtendedCompilerEngine->handleViewException(Object(Illuminate\\View\\ViewException), 0)
#2 /Users/elijahisrael/Desktop/Projects/chil/LARAVELBACKENDCHIL/vendor/livewire/livewire/src/Mechanisms/ExtendBlade/ExtendedCompilerEngine.php(22): Illuminate\\View\\Engines\\PhpEngine->evaluatePath('/Users/elijahis...', Array)
#3 /Users/elijahisrael/Desktop/Projects/chil/LARAVELBACKENDCHIL/vendor/laravel/framework/src/Illuminate/View/Engines/CompilerEngine.php(75): Livewire\\Mechanisms\\ExtendBlade\\ExtendedCompilerEngine->evaluatePath('/Users/elijahis...', Array)
#4 /Users/elijahisrael/Desktop/Projects/chil/LARAVELBACKENDCHIL/vendor/livewire/livewire/src/Mechanisms/ExtendBlade/ExtendedCompilerEngine.php(10): Illuminate\\View\\Engines\\CompilerEngine->get('/Users/elijahis...', Array)
#5 /Users/elijahisrael/Desktop/Projects/chil/LARAVELBACKENDCHIL/vendor/laravel/framework/src/Illuminate/View/View.php(209): Livewire\\Mechanisms\\ExtendBlade\\ExtendedCompilerEngine->get('/Users/elijahis...', Array)
#6 /Users/elijahisrael/Desktop/Projects/chil/LARAVELBACKENDCHIL/vendor/laravel/framework/src/Illuminate/View/View.php(192): Illuminate\\View\\View->getContents()
#7 /Users/elijahisrael/Desktop/Projects/chil/LARAVELBACKENDCHIL/vendor/laravel/framework/src/Illuminate/View/View.php(161): Illuminate\\View\\View->renderContents()
#8 /Users/elijahisrael/Desktop/Projects/chil/LARAVELBACKENDCHIL/vendor/laravel/framework/src/Illuminate/Http/Response.php(79): Illuminate\\View\\View->render()
#9 /Users/elijahisrael/Desktop/Projects/chil/LARAVELBACKENDCHIL/vendor/laravel/framework/src/Illuminate/Http/Response.php(35): Illuminate\\Http\\Response->setContent(Object(Illuminate\\View\\View))
#10 /Users/elijahisrael/Desktop/Projects/chil/LARAVELBACKENDCHIL/vendor/laravel/framework/src/Illuminate/Routing/Router.php(920): Illuminate\\Http\\Response->__construct(Object(Illuminate\\View\\View), 200, Array)
#11 /Users/elijahisrael/Desktop/Projects/chil/LARAVELBACKENDCHIL/vendor/laravel/framework/src/Illuminate/Routing/Router.php(887): Illuminate\\Routing\\Router::toResponse(Object(Illuminate\\Http\\Request), Object(Illuminate\\View\\View))
#12 /Users/elijahisrael/Desktop/Projects/chil/LARAVELBACKENDCHIL/vendor/laravel/framework/src/Illuminate/Routing/Router.php(807): Illuminate\\Routing\\Router->prepareResponse(Object(Illuminate\\Http\\Request), Object(Illuminate\\View\\View))
#13 /Users/elijahisrael/Desktop/Projects/chil/LARAVELBACKENDCHIL/vendor/laravel/framework/src/Illuminate/Pipeline/Pipeline.php(170): Illuminate\\Routing\\Router->{closure:Illuminate\\Routing\\Router::runRouteWithinStack():807}(Object(Illuminate\\Http\\Request))
#14 /Users/elijahisrael/Desktop/Projects/chil/LARAVELBACKENDCHIL/vendor/laravel/framework/src/Illuminate/Routing/Middleware/SubstituteBindings.php(51): Illuminate\\Pipeline\\Pipeline->{closure:Illuminate\\Pipeline\\Pipeline::prepareDestination():168}(Object(Illuminate\\Http\\Request))
#15 /Users/elijahisrael/Desktop/Projects/chil/LARAVELBACKENDCHIL/vendor/laravel/framework/src/Illuminate/Pipeline/Pipeline.php(209): Illuminate\\Routing\\Middleware\\SubstituteBindings->handle(Object(Illuminate\\Http\\Request), Object(Closure))
#16 /Users/elijahisrael/Desktop/Projects/chil/LARAVELBACKENDCHIL/vendor/laravel/framework/src/Illuminate/Foundation/Http/Middleware/VerifyCsrfToken.php(88): Illuminate\\Pipeline\\Pipeline->{closure:{closure:Illuminate\\Pipeline\\Pipeline::carry():184}:185}(Object(Illuminate\\Http\\Request))
#17 /Users/elijahisrael/Desktop/Projects/chil/LARAVELBACKENDCHIL/vendor/laravel/framework/src/Illuminate/Pipeline/Pipeline.php(209): Illuminate\\Foundation\\Http\\Middleware\\VerifyCsrfToken->handle(Object(Illuminate\\Http\\Request), Object(Closure))
#18 /Users/elijahisrael/Desktop/Projects/chil/LARAVELBACKENDCHIL/vendor/laravel/framework/src/Illuminate/View/Middleware/ShareErrorsFromSession.php(49): Illuminate\\Pipeline\\Pipeline->{closure:{closure:Illuminate\\Pipeline\\Pipeline::carry():184}:185}(Object(Illuminate\\Http\\Request))
#19 /Users/elijahisrael/Desktop/Projects/chil/LARAVELBACKENDCHIL/vendor/laravel/framework/src/Illuminate/Pipeline/Pipeline.php(209): Illuminate\\View\\Middleware\\ShareErrorsFromSession->handle(Object(Illuminate\\Http\\Request), Object(Closure))
#20 /Users/elijahisrael/Desktop/Projects/chil/LARAVELBACKENDCHIL/vendor/laravel/framework/src/Illuminate/Session/Middleware/StartSession.php(121): Illuminate\\Pipeline\\Pipeline->{closure:{closure:Illuminate\\Pipeline\\Pipeline::carry():184}:185}(Object(Illuminate\\Http\\Request))
#21 /Users/elijahisrael/Desktop/Projects/chil/LARAVELBACKENDCHIL/vendor/laravel/framework/src/Illuminate/Session/Middleware/StartSession.php(64): Illuminate\\Session\\Middleware\\StartSession->handleStatefulRequest(Object(Illuminate\\Http\\Request), Object(Illuminate\\Session\\Store), Object(Closure))
#22 /Users/elijahisrael/Desktop/Projects/chil/LARAVELBACKENDCHIL/vendor/laravel/framework/src/Illuminate/Pipeline/Pipeline.php(209): Illuminate\\Session\\Middleware\\StartSession->handle(Object(Illuminate\\Http\\Request), Object(Closure))
#23 /Users/elijahisrael/Desktop/Projects/chil/LARAVELBACKENDCHIL/vendor/laravel/framework/src/Illuminate/Cookie/Middleware/AddQueuedCookiesToResponse.php(37): Illuminate\\Pipeline\\Pipeline->{closure:{closure:Illuminate\\Pipeline\\Pipeline::carry():184}:185}(Object(Illuminate\\Http\\Request))
#24 /Users/elijahisrael/Desktop/Projects/chil/LARAVELBACKENDCHIL/vendor/laravel/framework/src/Illuminate/Pipeline/Pipeline.php(209): Illuminate\\Cookie\\Middleware\\AddQueuedCookiesToResponse->handle(Object(Illuminate\\Http\\Request), Object(Closure))
#25 /Users/elijahisrael/Desktop/Projects/chil/LARAVELBACKENDCHIL/vendor/laravel/framework/src/Illuminate/Cookie/Middleware/EncryptCookies.php(75): Illuminate\\Pipeline\\Pipeline->{closure:{closure:Illuminate\\Pipeline\\Pipeline::carry():184}:185}(Object(Illuminate\\Http\\Request))
#26 /Users/elijahisrael/Desktop/Projects/chil/LARAVELBACKENDCHIL/vendor/laravel/framework/src/Illuminate/Pipeline/Pipeline.php(209): Illuminate\\Cookie\\Middleware\\EncryptCookies->handle(Object(Illuminate\\Http\\Request), Object(Closure))
#27 /Users/elijahisrael/Desktop/Projects/chil/LARAVELBACKENDCHIL/vendor/laravel/framework/src/Illuminate/Pipeline/Pipeline.php(127): Illuminate\\Pipeline\\Pipeline->{closure:{closure:Illuminate\\Pipeline\\Pipeline::carry():184}:185}(Object(Illuminate\\Http\\Request))
#28 /Users/elijahisrael/Desktop/Projects/chil/LARAVELBACKENDCHIL/vendor/laravel/framework/src/Illuminate/Routing/Router.php(807): Illuminate\\Pipeline\\Pipeline->then(Object(Closure))
#29 /Users/elijahisrael/Desktop/Projects/chil/LARAVELBACKENDCHIL/vendor/laravel/framework/src/Illuminate/Routing/Router.php(786): Illuminate\\Routing\\Router->runRouteWithinStack(Object(Illuminate\\Routing\\Route), Object(Illuminate\\Http\\Request))
#30 /Users/elijahisrael/Desktop/Projects/chil/LARAVELBACKENDCHIL/vendor/laravel/framework/src/Illuminate/Routing/Router.php(750): Illuminate\\Routing\\Router->runRoute(Object(Illuminate\\Http\\Request), Object(Illuminate\\Routing\\Route))
#31 /Users/elijahisrael/Desktop/Projects/chil/LARAVELBACKENDCHIL/vendor/laravel/framework/src/Illuminate/Routing/Router.php(739): Illuminate\\Routing\\Router->dispatchToRoute(Object(Illuminate\\Http\\Request))
#32 /Users/elijahisrael/Desktop/Projects/chil/LARAVELBACKENDCHIL/vendor/laravel/framework/src/Illuminate/Foundation/Http/Kernel.php(201): Illuminate\\Routing\\Router->dispatch(Object(Illuminate\\Http\\Request))
#33 /Users/elijahisrael/Desktop/Projects/chil/LARAVELBACKENDCHIL/vendor/laravel/framework/src/Illuminate/Pipeline/Pipeline.php(170): Illuminate\\Foundation\\Http\\Kernel->{closure:Illuminate\\Foundation\\Http\\Kernel::dispatchToRouter():198}(Object(Illuminate\\Http\\Request))
#34 /Users/elijahisrael/Desktop/Projects/chil/LARAVELBACKENDCHIL/vendor/livewire/livewire/src/Features/SupportDisablingBackButtonCache/DisableBackButtonCacheMiddleware.php(19): Illuminate\\Pipeline\\Pipeline->{closure:Illuminate\\Pipeline\\Pipeline::prepareDestination():168}(Object(Illuminate\\Http\\Request))
#35 /Users/elijahisrael/Desktop/Projects/chil/LARAVELBACKENDCHIL/vendor/laravel/framework/src/Illuminate/Pipeline/Pipeline.php(209): Livewire\\Features\\SupportDisablingBackButtonCache\\DisableBackButtonCacheMiddleware->handle(Object(Illuminate\\Http\\Request), Object(Closure))
#36 /Users/elijahisrael/Desktop/Projects/chil/LARAVELBACKENDCHIL/app/Http/Middleware/Cors.php(31): Illuminate\\Pipeline\\Pipeline->{closure:{closure:Illuminate\\Pipeline\\Pipeline::carry():184}:185}(Object(Illuminate\\Http\\Request))
#37 /Users/elijahisrael/Desktop/Projects/chil/LARAVELBACKENDCHIL/vendor/laravel/framework/src/Illuminate/Pipeline/Pipeline.php(209): App\\Http\\Middleware\\Cors->handle(Object(Illuminate\\Http\\Request), Object(Closure))
#38 /Users/elijahisrael/Desktop/Projects/chil/LARAVELBACKENDCHIL/vendor/laravel/framework/src/Illuminate/Http/Middleware/TrustProxies.php(58): Illuminate\\Pipeline\\Pipeline->{closure:{closure:Illuminate\\Pipeline\\Pipeline::carry():184}:185}(Object(Illuminate\\Http\\Request))
#39 /Users/elijahisrael/Desktop/Projects/chil/LARAVELBACKENDCHIL/vendor/laravel/framework/src/Illuminate/Pipeline/Pipeline.php(209): Illuminate\\Http\\Middleware\\TrustProxies->handle(Object(Illuminate\\Http\\Request), Object(Closure))
#40 /Users/elijahisrael/Desktop/Projects/chil/LARAVELBACKENDCHIL/vendor/laravel/framework/src/Illuminate/Foundation/Http/Middleware/TransformsRequest.php(21): Illuminate\\Pipeline\\Pipeline->{closure:{closure:Illuminate\\Pipeline\\Pipeline::carry():184}:185}(Object(Illuminate\\Http\\Request))
#41 /Users/elijahisrael/Desktop/Projects/chil/LARAVELBACKENDCHIL/vendor/laravel/framework/src/Illuminate/Foundation/Http/Middleware/ConvertEmptyStringsToNull.php(31): Illuminate\\Foundation\\Http\\Middleware\\TransformsRequest->handle(Object(Illuminate\\Http\\Request), Object(Closure))
#42 /Users/elijahisrael/Desktop/Projects/chil/LARAVELBACKENDCHIL/vendor/laravel/framework/src/Illuminate/Pipeline/Pipeline.php(209): Illuminate\\Foundation\\Http\\Middleware\\ConvertEmptyStringsToNull->handle(Object(Illuminate\\Http\\Request), Object(Closure))
#43 /Users/elijahisrael/Desktop/Projects/chil/LARAVELBACKENDCHIL/vendor/laravel/framework/src/Illuminate/Foundation/Http/Middleware/TransformsRequest.php(21): Illuminate\\Pipeline\\Pipeline->{closure:{closure:Illuminate\\Pipeline\\Pipeline::carry():184}:185}(Object(Illuminate\\Http\\Request))
#44 /Users/elijahisrael/Desktop/Projects/chil/LARAVELBACKENDCHIL/vendor/laravel/framework/src/Illuminate/Foundation/Http/Middleware/TrimStrings.php(51): Illuminate\\Foundation\\Http\\Middleware\\TransformsRequest->handle(Object(Illuminate\\Http\\Request), Object(Closure))
#45 /Users/elijahisrael/Desktop/Projects/chil/LARAVELBACKENDCHIL/vendor/laravel/framework/src/Illuminate/Pipeline/Pipeline.php(209): Illuminate\\Foundation\\Http\\Middleware\\TrimStrings->handle(Object(Illuminate\\Http\\Request), Object(Closure))
#46 /Users/elijahisrael/Desktop/Projects/chil/LARAVELBACKENDCHIL/vendor/laravel/framework/src/Illuminate/Http/Middleware/ValidatePostSize.php(27): Illuminate\\Pipeline\\Pipeline->{closure:{closure:Illuminate\\Pipeline\\Pipeline::carry():184}:185}(Object(Illuminate\\Http\\Request))
#47 /Users/elijahisrael/Desktop/Projects/chil/LARAVELBACKENDCHIL/vendor/laravel/framework/src/Illuminate/Pipeline/Pipeline.php(209): Illuminate\\Http\\Middleware\\ValidatePostSize->handle(Object(Illuminate\\Http\\Request), Object(Closure))
#48 /Users/elijahisrael/Desktop/Projects/chil/LARAVELBACKENDCHIL/vendor/laravel/framework/src/Illuminate/Foundation/Http/Middleware/PreventRequestsDuringMaintenance.php(110): Illuminate\\Pipeline\\Pipeline->{closure:{closure:Illuminate\\Pipeline\\Pipeline::carry():184}:185}(Object(Illuminate\\Http\\Request))
#49 /Users/elijahisrael/Desktop/Projects/chil/LARAVELBACKENDCHIL/vendor/laravel/framework/src/Illuminate/Pipeline/Pipeline.php(209): Illuminate\\Foundation\\Http\\Middleware\\PreventRequestsDuringMaintenance->handle(Object(Illuminate\\Http\\Request), Object(Closure))
#50 /Users/elijahisrael/Desktop/Projects/chil/LARAVELBACKENDCHIL/vendor/laravel/framework/src/Illuminate/Pipeline/Pipeline.php(127): Illuminate\\Pipeline\\Pipeline->{closure:{closure:Illuminate\\Pipeline\\Pipeline::carry():184}:185}(Object(Illuminate\\Http\\Request))
#51 /Users/elijahisrael/Desktop/Projects/chil/LARAVELBACKENDCHIL/vendor/laravel/framework/src/Illuminate/Foundation/Http/Kernel.php(176): Illuminate\\Pipeline\\Pipeline->then(Object(Closure))
#52 /Users/elijahisrael/Desktop/Projects/chil/LARAVELBACKENDCHIL/vendor/laravel/framework/src/Illuminate/Foundation/Http/Kernel.php(145): Illuminate\\Foundation\\Http\\Kernel->sendRequestThroughRouter(Object(Illuminate\\Http\\Request))
#53 /Users/elijahisrael/Desktop/Projects/chil/LARAVELBACKENDCHIL/public/index.php(54): Illuminate\\Foundation\\Http\\Kernel->handle(Object(Illuminate\\Http\\Request))
#54 /Users/elijahisrael/Desktop/Projects/chil/LARAVELBACKENDCHIL/server.php(21): require_once('/Users/elijahis...')
#55 {main}

[previous exception] [object] (Illuminate\\View\\ViewException(code: 0): Missing required parameter for [Route: students] [URI: students/{school}] [Missing parameter: school]. (View: /Users/elijahisrael/Desktop/Projects/chil/LARAVELBACKENDCHIL/resources/views/layouts/sidebar.blade.php) (View: /Users/elijahisrael/Desktop/Projects/chil/LARAVELBACKENDCHIL/resources/views/layouts/sidebar.blade.php) at /Users/elijahisrael/Desktop/Projects/chil/LARAVELBACKENDCHIL/vendor/laravel/framework/src/Illuminate/Routing/Exceptions/UrlGenerationException.php:35)
[stacktrace]
#0 /Users/elijahisrael/Desktop/Projects/chil/LARAVELBACKENDCHIL/vendor/livewire/livewire/src/Mechanisms/ExtendBlade/ExtendedCompilerEngine.php(58): Illuminate\\View\\Engines\\CompilerEngine->handleViewException(Object(Illuminate\\View\\ViewException), 1)
#1 /Users/elijahisrael/Desktop/Projects/chil/LARAVELBACKENDCHIL/vendor/laravel/framework/src/Illuminate/View/Engines/PhpEngine.php(60): Livewire\\Mechanisms\\ExtendBlade\\ExtendedCompilerEngine->handleViewException(Object(Illuminate\\View\\ViewException), 1)
#2 /Users/elijahisrael/Desktop/Projects/chil/LARAVELBACKENDCHIL/vendor/livewire/livewire/src/Mechanisms/ExtendBlade/ExtendedCompilerEngine.php(22): Illuminate\\View\\Engines\\PhpEngine->evaluatePath('/Users/elijahis...', Array)
#3 /Users/elijahisrael/Desktop/Projects/chil/LARAVELBACKENDCHIL/vendor/laravel/framework/src/Illuminate/View/Engines/CompilerEngine.php(75): Livewire\\Mechanisms\\ExtendBlade\\ExtendedCompilerEngine->evaluatePath('/Users/elijahis...', Array)
#4 /Users/elijahisrael/Desktop/Projects/chil/LARAVELBACKENDCHIL/vendor/livewire/livewire/src/Mechanisms/ExtendBlade/ExtendedCompilerEngine.php(10): Illuminate\\View\\Engines\\CompilerEngine->get('/Users/elijahis...', Array)
#5 /Users/elijahisrael/Desktop/Projects/chil/LARAVELBACKENDCHIL/vendor/laravel/framework/src/Illuminate/View/View.php(209): Livewire\\Mechanisms\\ExtendBlade\\ExtendedCompilerEngine->get('/Users/elijahis...', Array)
#6 /Users/elijahisrael/Desktop/Projects/chil/LARAVELBACKENDCHIL/vendor/laravel/framework/src/Illuminate/View/View.php(192): Illuminate\\View\\View->getContents()
#7 /Users/elijahisrael/Desktop/Projects/chil/LARAVELBACKENDCHIL/vendor/laravel/framework/src/Illuminate/View/View.php(161): Illuminate\\View\\View->renderContents()
#8 /Users/elijahisrael/Desktop/Projects/chil/LARAVELBACKENDCHIL/storage/framework/views/af8084d38e20387921086bc9b17c9775.php(79): Illuminate\\View\\View->render()
#9 /Users/elijahisrael/Desktop/Projects/chil/LARAVELBACKENDCHIL/vendor/laravel/framework/src/Illuminate/Filesystem/Filesystem.php(123): require('/Users/elijahis...')
#10 /Users/elijahisrael/Desktop/Projects/chil/LARAVELBACKENDCHIL/vendor/laravel/framework/src/Illuminate/Filesystem/Filesystem.php(124): Illuminate\\Filesystem\\Filesystem::{closure:Illuminate\\Filesystem\\Filesystem::getRequire():120}()
#11 /Users/elijahisrael/Desktop/Projects/chil/LARAVELBACKENDCHIL/vendor/laravel/framework/src/Illuminate/View/Engines/PhpEngine.php(58): Illuminate\\Filesystem\\Filesystem->getRequire('/Users/elijahis...', Array)
#12 /Users/elijahisrael/Desktop/Projects/chil/LARAVELBACKENDCHIL/vendor/livewire/livewire/src/Mechanisms/ExtendBlade/ExtendedCompilerEngine.php(22): Illuminate\\View\\Engines\\PhpEngine->evaluatePath('/Users/elijahis...', Array)
#13 /Users/elijahisrael/Desktop/Projects/chil/LARAVELBACKENDCHIL/vendor/laravel/framework/src/Illuminate/View/Engines/CompilerEngine.php(75): Livewire\\Mechanisms\\ExtendBlade\\ExtendedCompilerEngine->evaluatePath('/Users/elijahis...', Array)
#14 /Users/elijahisrael/Desktop/Projects/chil/LARAVELBACKENDCHIL/vendor/livewire/livewire/src/Mechanisms/ExtendBlade/ExtendedCompilerEngine.php(10): Illuminate\\View\\Engines\\CompilerEngine->get('/Users/elijahis...', Array)
#15 /Users/elijahisrael/Desktop/Projects/chil/LARAVELBACKENDCHIL/vendor/laravel/framework/src/Illuminate/View/View.php(209): Livewire\\Mechanisms\\ExtendBlade\\ExtendedCompilerEngine->get('/Users/elijahis...', Array)
#16 /Users/elijahisrael/Desktop/Projects/chil/LARAVELBACKENDCHIL/vendor/laravel/framework/src/Illuminate/View/View.php(192): Illuminate\\View\\View->getContents()
#17 /Users/elijahisrael/Desktop/Projects/chil/LARAVELBACKENDCHIL/vendor/laravel/framework/src/Illuminate/View/View.php(161): Illuminate\\View\\View->renderContents()
#18 /Users/elijahisrael/Desktop/Projects/chil/LARAVELBACKENDCHIL/vendor/laravel/framework/src/Illuminate/Http/Response.php(79): Illuminate\\View\\View->render()
#19 /Users/elijahisrael/Desktop/Projects/chil/LARAVELBACKENDCHIL/vendor/laravel/framework/src/Illuminate/Http/Response.php(35): Illuminate\\Http\\Response->setContent(Object(Illuminate\\View\\View))
#20 /Users/elijahisrael/Desktop/Projects/chil/LARAVELBACKENDCHIL/vendor/laravel/framework/src/Illuminate/Routing/Router.php(920): Illuminate\\Http\\Response->__construct(Object(Illuminate\\View\\View), 200, Array)
#21 /Users/elijahisrael/Desktop/Projects/chil/LARAVELBACKENDCHIL/vendor/laravel/framework/src/Illuminate/Routing/Router.php(887): Illuminate\\Routing\\Router::toResponse(Object(Illuminate\\Http\\Request), Object(Illuminate\\View\\View))
#22 /Users/elijahisrael/Desktop/Projects/chil/LARAVELBACKENDCHIL/vendor/laravel/framework/src/Illuminate/Routing/Router.php(807): Illuminate\\Routing\\Router->prepareResponse(Object(Illuminate\\Http\\Request), Object(Illuminate\\View\\View))
#23 /Users/elijahisrael/Desktop/Projects/chil/LARAVELBACKENDCHIL/vendor/laravel/framework/src/Illuminate/Pipeline/Pipeline.php(170): Illuminate\\Routing\\Router->{closure:Illuminate\\Routing\\Router::runRouteWithinStack():807}(Object(Illuminate\\Http\\Request))
#24 /Users/elijahisrael/Desktop/Projects/chil/LARAVELBACKENDCHIL/vendor/laravel/framework/src/Illuminate/Routing/Middleware/SubstituteBindings.php(51): Illuminate\\Pipeline\\Pipeline->{closure:Illuminate\\Pipeline\\Pipeline::prepareDestination():168}(Object(Illuminate\\Http\\Request))
#25 /Users/elijahisrael/Desktop/Projects/chil/LARAVELBACKENDCHIL/vendor/laravel/framework/src/Illuminate/Pipeline/Pipeline.php(209): Illuminate\\Routing\\Middleware\\SubstituteBindings->handle(Object(Illuminate\\Http\\Request), Object(Closure))
#26 /Users/elijahisrael/Desktop/Projects/chil/LARAVELBACKENDCHIL/vendor/laravel/framework/src/Illuminate/Foundation/Http/Middleware/VerifyCsrfToken.php(88): Illuminate\\Pipeline\\Pipeline->{closure:{closure:Illuminate\\Pipeline\\Pipeline::carry():184}:185}(Object(Illuminate\\Http\\Request))
#27 /Users/elijahisrael/Desktop/Projects/chil/LARAVELBACKENDCHIL/vendor/laravel/framework/src/Illuminate/Pipeline/Pipeline.php(209): Illuminate\\Foundation\\Http\\Middleware\\VerifyCsrfToken->handle(Object(Illuminate\\Http\\Request), Object(Closure))
#28 /Users/elijahisrael/Desktop/Projects/chil/LARAVELBACKENDCHIL/vendor/laravel/framework/src/Illuminate/View/Middleware/ShareErrorsFromSession.php(49): Illuminate\\Pipeline\\Pipeline->{closure:{closure:Illuminate\\Pipeline\\Pipeline::carry():184}:185}(Object(Illuminate\\Http\\Request))
#29 /Users/elijahisrael/Desktop/Projects/chil/LARAVELBACKENDCHIL/vendor/laravel/framework/src/Illuminate/Pipeline/Pipeline.php(209): Illuminate\\View\\Middleware\\ShareErrorsFromSession->handle(Object(Illuminate\\Http\\Request), Object(Closure))
#30 /Users/elijahisrael/Desktop/Projects/chil/LARAVELBACKENDCHIL/vendor/laravel/framework/src/Illuminate/Session/Middleware/StartSession.php(121): Illuminate\\Pipeline\\Pipeline->{closure:{closure:Illuminate\\Pipeline\\Pipeline::carry():184}:185}(Object(Illuminate\\Http\\Request))
#31 /Users/elijahisrael/Desktop/Projects/chil/LARAVELBACKENDCHIL/vendor/laravel/framework/src/Illuminate/Session/Middleware/StartSession.php(64): Illuminate\\Session\\Middleware\\StartSession->handleStatefulRequest(Object(Illuminate\\Http\\Request), Object(Illuminate\\Session\\Store), Object(Closure))
#32 /Users/elijahisrael/Desktop/Projects/chil/LARAVELBACKENDCHIL/vendor/laravel/framework/src/Illuminate/Pipeline/Pipeline.php(209): Illuminate\\Session\\Middleware\\StartSession->handle(Object(Illuminate\\Http\\Request), Object(Closure))
#33 /Users/elijahisrael/Desktop/Projects/chil/LARAVELBACKENDCHIL/vendor/laravel/framework/src/Illuminate/Cookie/Middleware/AddQueuedCookiesToResponse.php(37): Illuminate\\Pipeline\\Pipeline->{closure:{closure:Illuminate\\Pipeline\\Pipeline::carry():184}:185}(Object(Illuminate\\Http\\Request))
#34 /Users/elijahisrael/Desktop/Projects/chil/LARAVELBACKENDCHIL/vendor/laravel/framework/src/Illuminate/Pipeline/Pipeline.php(209): Illuminate\\Cookie\\Middleware\\AddQueuedCookiesToResponse->handle(Object(Illuminate\\Http\\Request), Object(Closure))
#35 /Users/elijahisrael/Desktop/Projects/chil/LARAVELBACKENDCHIL/vendor/laravel/framework/src/Illuminate/Cookie/Middleware/EncryptCookies.php(75): Illuminate\\Pipeline\\Pipeline->{closure:{closure:Illuminate\\Pipeline\\Pipeline::carry():184}:185}(Object(Illuminate\\Http\\Request))
#36 /Users/elijahisrael/Desktop/Projects/chil/LARAVELBACKENDCHIL/vendor/laravel/framework/src/Illuminate/Pipeline/Pipeline.php(209): Illuminate\\Cookie\\Middleware\\EncryptCookies->handle(Object(Illuminate\\Http\\Request), Object(Closure))
#37 /Users/elijahisrael/Desktop/Projects/chil/LARAVELBACKENDCHIL/vendor/laravel/framework/src/Illuminate/Pipeline/Pipeline.php(127): Illuminate\\Pipeline\\Pipeline->{closure:{closure:Illuminate\\Pipeline\\Pipeline::carry():184}:185}(Object(Illuminate\\Http\\Request))
#38 /Users/elijahisrael/Desktop/Projects/chil/LARAVELBACKENDCHIL/vendor/laravel/framework/src/Illuminate/Routing/Router.php(807): Illuminate\\Pipeline\\Pipeline->then(Object(Closure))
#39 /Users/elijahisrael/Desktop/Projects/chil/LARAVELBACKENDCHIL/vendor/laravel/framework/src/Illuminate/Routing/Router.php(786): Illuminate\\Routing\\Router->runRouteWithinStack(Object(Illuminate\\Routing\\Route), Object(Illuminate\\Http\\Request))
#40 /Users/elijahisrael/Desktop/Projects/chil/LARAVELBACKENDCHIL/vendor/laravel/framework/src/Illuminate/Routing/Router.php(750): Illuminate\\Routing\\Router->runRoute(Object(Illuminate\\Http\\Request), Object(Illuminate\\Routing\\Route))
#41 /Users/elijahisrael/Desktop/Projects/chil/LARAVELBACKENDCHIL/vendor/laravel/framework/src/Illuminate/Routing/Router.php(739): Illuminate\\Routing\\Router->dispatchToRoute(Object(Illuminate\\Http\\Request))
#42 /Users/elijahisrael/Desktop/Projects/chil/LARAVELBACKENDCHIL/vendor/laravel/framework/src/Illuminate/Foundation/Http/Kernel.php(201): Illuminate\\Routing\\Router->dispatch(Object(Illuminate\\Http\\Request))
#43 /Users/elijahisrael/Desktop/Projects/chil/LARAVELBACKENDCHIL/vendor/laravel/framework/src/Illuminate/Pipeline/Pipeline.php(170): Illuminate\\Foundation\\Http\\Kernel->{closure:Illuminate\\Foundation\\Http\\Kernel::dispatchToRouter():198}(Object(Illuminate\\Http\\Request))
#44 /Users/elijahisrael/Desktop/Projects/chil/LARAVELBACKENDCHIL/vendor/livewire/livewire/src/Features/SupportDisablingBackButtonCache/DisableBackButtonCacheMiddleware.php(19): Illuminate\\Pipeline\\Pipeline->{closure:Illuminate\\Pipeline\\Pipeline::prepareDestination():168}(Object(Illuminate\\Http\\Request))
#45 /Users/elijahisrael/Desktop/Projects/chil/LARAVELBACKENDCHIL/vendor/laravel/framework/src/Illuminate/Pipeline/Pipeline.php(209): Livewire\\Features\\SupportDisablingBackButtonCache\\DisableBackButtonCacheMiddleware->handle(Object(Illuminate\\Http\\Request), Object(Closure))
#46 /Users/elijahisrael/Desktop/Projects/chil/LARAVELBACKENDCHIL/app/Http/Middleware/Cors.php(31): Illuminate\\Pipeline\\Pipeline->{closure:{closure:Illuminate\\Pipeline\\Pipeline::carry():184}:185}(Object(Illuminate\\Http\\Request))
#47 /Users/elijahisrael/Desktop/Projects/chil/LARAVELBACKENDCHIL/vendor/laravel/framework/src/Illuminate/Pipeline/Pipeline.php(209): App\\Http\\Middleware\\Cors->handle(Object(Illuminate\\Http\\Request), Object(Closure))
#48 /Users/elijahisrael/Desktop/Projects/chil/LARAVELBACKENDCHIL/vendor/laravel/framework/src/Illuminate/Http/Middleware/TrustProxies.php(58): Illuminate\\Pipeline\\Pipeline->{closure:{closure:Illuminate\\Pipeline\\Pipeline::carry():184}:185}(Object(Illuminate\\Http\\Request))
#49 /Users/elijahisrael/Desktop/Projects/chil/LARAVELBACKENDCHIL/vendor/laravel/framework/src/Illuminate/Pipeline/Pipeline.php(209): Illuminate\\Http\\Middleware\\TrustProxies->handle(Object(Illuminate\\Http\\Request), Object(Closure))
#50 /Users/elijahisrael/Desktop/Projects/chil/LARAVELBACKENDCHIL/vendor/laravel/framework/src/Illuminate/Foundation/Http/Middleware/TransformsRequest.php(21): Illuminate\\Pipeline\\Pipeline->{closure:{closure:Illuminate\\Pipeline\\Pipeline::carry():184}:185}(Object(Illuminate\\Http\\Request))
#51 /Users/elijahisrael/Desktop/Projects/chil/LARAVELBACKENDCHIL/vendor/laravel/framework/src/Illuminate/Foundation/Http/Middleware/ConvertEmptyStringsToNull.php(31): Illuminate\\Foundation\\Http\\Middleware\\TransformsRequest->handle(Object(Illuminate\\Http\\Request), Object(Closure))
#52 /Users/elijahisrael/Desktop/Projects/chil/LARAVELBACKENDCHIL/vendor/laravel/framework/src/Illuminate/Pipeline/Pipeline.php(209): Illuminate\\Foundation\\Http\\Middleware\\ConvertEmptyStringsToNull->handle(Object(Illuminate\\Http\\Request), Object(Closure))
#53 /Users/elijahisrael/Desktop/Projects/chil/LARAVELBACKENDCHIL/vendor/laravel/framework/src/Illuminate/Foundation/Http/Middleware/TransformsRequest.php(21): Illuminate\\Pipeline\\Pipeline->{closure:{closure:Illuminate\\Pipeline\\Pipeline::carry():184}:185}(Object(Illuminate\\Http\\Request))
#54 /Users/elijahisrael/Desktop/Projects/chil/LARAVELBACKENDCHIL/vendor/laravel/framework/src/Illuminate/Foundation/Http/Middleware/TrimStrings.php(51): Illuminate\\Foundation\\Http\\Middleware\\TransformsRequest->handle(Object(Illuminate\\Http\\Request), Object(Closure))
#55 /Users/elijahisrael/Desktop/Projects/chil/LARAVELBACKENDCHIL/vendor/laravel/framework/src/Illuminate/Pipeline/Pipeline.php(209): Illuminate\\Foundation\\Http\\Middleware\\TrimStrings->handle(Object(Illuminate\\Http\\Request), Object(Closure))
#56 /Users/elijahisrael/Desktop/Projects/chil/LARAVELBACKENDCHIL/vendor/laravel/framework/src/Illuminate/Http/Middleware/ValidatePostSize.php(27): Illuminate\\Pipeline\\Pipeline->{closure:{closure:Illuminate\\Pipeline\\Pipeline::carry():184}:185}(Object(Illuminate\\Http\\Request))
#57 /Users/elijahisrael/Desktop/Projects/chil/LARAVELBACKENDCHIL/vendor/laravel/framework/src/Illuminate/Pipeline/Pipeline.php(209): Illuminate\\Http\\Middleware\\ValidatePostSize->handle(Object(Illuminate\\Http\\Request), Object(Closure))
#58 /Users/elijahisrael/Desktop/Projects/chil/LARAVELBACKENDCHIL/vendor/laravel/framework/src/Illuminate/Foundation/Http/Middleware/PreventRequestsDuringMaintenance.php(110): Illuminate\\Pipeline\\Pipeline->{closure:{closure:Illuminate\\Pipeline\\Pipeline::carry():184}:185}(Object(Illuminate\\Http\\Request))
#59 /Users/elijahisrael/Desktop/Projects/chil/LARAVELBACKENDCHIL/vendor/laravel/framework/src/Illuminate/Pipeline/Pipeline.php(209): Illuminate\\Foundation\\Http\\Middleware\\PreventRequestsDuringMaintenance->handle(Object(Illuminate\\Http\\Request), Object(Closure))
#60 /Users/elijahisrael/Desktop/Projects/chil/LARAVELBACKENDCHIL/vendor/laravel/framework/src/Illuminate/Pipeline/Pipeline.php(127): Illuminate\\Pipeline\\Pipeline->{closure:{closure:Illuminate\\Pipeline\\Pipeline::carry():184}:185}(Object(Illuminate\\Http\\Request))
#61 /Users/elijahisrael/Desktop/Projects/chil/LARAVELBACKENDCHIL/vendor/laravel/framework/src/Illuminate/Foundation/Http/Kernel.php(176): Illuminate\\Pipeline\\Pipeline->then(Object(Closure))
#62 /Users/elijahisrael/Desktop/Projects/chil/LARAVELBACKENDCHIL/vendor/laravel/framework/src/Illuminate/Foundation/Http/Kernel.php(145): Illuminate\\Foundation\\Http\\Kernel->sendRequestThroughRouter(Object(Illuminate\\Http\\Request))
#63 /Users/elijahisrael/Desktop/Projects/chil/LARAVELBACKENDCHIL/public/index.php(54): Illuminate\\Foundation\\Http\\Kernel->handle(Object(Illuminate\\Http\\Request))
#64 /Users/elijahisrael/Desktop/Projects/chil/LARAVELBACKENDCHIL/server.php(21): require_once('/Users/elijahis...')
#65 {main}

[previous exception] [object] (Illuminate\\View\\ViewException(code: 0): Missing required parameter for [Route: students] [URI: students/{school}] [Missing parameter: school]. (View: /Users/elijahisrael/Desktop/Projects/chil/LARAVELBACKENDCHIL/resources/views/layouts/sidebar.blade.php) at /Users/elijahisrael/Desktop/Projects/chil/LARAVELBACKENDCHIL/vendor/laravel/framework/src/Illuminate/Routing/Exceptions/UrlGenerationException.php:35)
[stacktrace]
#0 /Users/elijahisrael/Desktop/Projects/chil/LARAVELBACKENDCHIL/vendor/livewire/livewire/src/Mechanisms/ExtendBlade/ExtendedCompilerEngine.php(58): Illuminate\\View\\Engines\\CompilerEngine->handleViewException(Object(Illuminate\\Routing\\Exceptions\\UrlGenerationException), 2)
#1 /Users/elijahisrael/Desktop/Projects/chil/LARAVELBACKENDCHIL/vendor/laravel/framework/src/Illuminate/View/Engines/PhpEngine.php(60): Livewire\\Mechanisms\\ExtendBlade\\ExtendedCompilerEngine->handleViewException(Object(Illuminate\\Routing\\Exceptions\\UrlGenerationException), 2)
#2 /Users/elijahisrael/Desktop/Projects/chil/LARAVELBACKENDCHIL/vendor/livewire/livewire/src/Mechanisms/ExtendBlade/ExtendedCompilerEngine.php(22): Illuminate\\View\\Engines\\PhpEngine->evaluatePath('/Users/elijahis...', Array)
#3 /Users/elijahisrael/Desktop/Projects/chil/LARAVELBACKENDCHIL/vendor/laravel/framework/src/Illuminate/View/Engines/CompilerEngine.php(75): Livewire\\Mechanisms\\ExtendBlade\\ExtendedCompilerEngine->evaluatePath('/Users/elijahis...', Array)
#4 /Users/elijahisrael/Desktop/Projects/chil/LARAVELBACKENDCHIL/vendor/livewire/livewire/src/Mechanisms/ExtendBlade/ExtendedCompilerEngine.php(10): Illuminate\\View\\Engines\\CompilerEngine->get('/Users/elijahis...', Array)
#5 /Users/elijahisrael/Desktop/Projects/chil/LARAVELBACKENDCHIL/vendor/laravel/framework/src/Illuminate/View/View.php(209): Livewire\\Mechanisms\\ExtendBlade\\ExtendedCompilerEngine->get('/Users/elijahis...', Array)
#6 /Users/elijahisrael/Desktop/Projects/chil/LARAVELBACKENDCHIL/vendor/laravel/framework/src/Illuminate/View/View.php(192): Illuminate\\View\\View->getContents()
#7 /Users/elijahisrael/Desktop/Projects/chil/LARAVELBACKENDCHIL/vendor/laravel/framework/src/Illuminate/View/View.php(161): Illuminate\\View\\View->renderContents()
#8 /Users/elijahisrael/Desktop/Projects/chil/LARAVELBACKENDCHIL/storage/framework/views/8543c75aea23cb66ed4e20af308d23ec.php(126): Illuminate\\View\\View->render()
#9 /Users/elijahisrael/Desktop/Projects/chil/LARAVELBACKENDCHIL/vendor/laravel/framework/src/Illuminate/Filesystem/Filesystem.php(123): require('/Users/elijahis...')
#10 /Users/elijahisrael/Desktop/Projects/chil/LARAVELBACKENDCHIL/vendor/laravel/framework/src/Illuminate/Filesystem/Filesystem.php(124): Illuminate\\Filesystem\\Filesystem::{closure:Illuminate\\Filesystem\\Filesystem::getRequire():120}()
#11 /Users/elijahisrael/Desktop/Projects/chil/LARAVELBACKENDCHIL/vendor/laravel/framework/src/Illuminate/View/Engines/PhpEngine.php(58): Illuminate\\Filesystem\\Filesystem->getRequire('/Users/elijahis...', Array)
#12 /Users/elijahisrael/Desktop/Projects/chil/LARAVELBACKENDCHIL/vendor/livewire/livewire/src/Mechanisms/ExtendBlade/ExtendedCompilerEngine.php(22): Illuminate\\View\\Engines\\PhpEngine->evaluatePath('/Users/elijahis...', Array)
#13 /Users/elijahisrael/Desktop/Projects/chil/LARAVELBACKENDCHIL/vendor/laravel/framework/src/Illuminate/View/Engines/CompilerEngine.php(75): Livewire\\Mechanisms\\ExtendBlade\\ExtendedCompilerEngine->evaluatePath('/Users/elijahis...', Array)
#14 /Users/elijahisrael/Desktop/Projects/chil/LARAVELBACKENDCHIL/vendor/livewire/livewire/src/Mechanisms/ExtendBlade/ExtendedCompilerEngine.php(10): Illuminate\\View\\Engines\\CompilerEngine->get('/Users/elijahis...', Array)
#15 /Users/elijahisrael/Desktop/Projects/chil/LARAVELBACKENDCHIL/vendor/laravel/framework/src/Illuminate/View/View.php(209): Livewire\\Mechanisms\\ExtendBlade\\ExtendedCompilerEngine->get('/Users/elijahis...', Array)
#16 /Users/elijahisrael/Desktop/Projects/chil/LARAVELBACKENDCHIL/vendor/laravel/framework/src/Illuminate/View/View.php(192): Illuminate\\View\\View->getContents()
#17 /Users/elijahisrael/Desktop/Projects/chil/LARAVELBACKENDCHIL/vendor/laravel/framework/src/Illuminate/View/View.php(161): Illuminate\\View\\View->renderContents()
#18 /Users/elijahisrael/Desktop/Projects/chil/LARAVELBACKENDCHIL/storage/framework/views/af8084d38e20387921086bc9b17c9775.php(79): Illuminate\\View\\View->render()
#19 /Users/elijahisrael/Desktop/Projects/chil/LARAVELBACKENDCHIL/vendor/laravel/framework/src/Illuminate/Filesystem/Filesystem.php(123): require('/Users/elijahis...')
#20 /Users/elijahisrael/Desktop/Projects/chil/LARAVELBACKENDCHIL/vendor/laravel/framework/src/Illuminate/Filesystem/Filesystem.php(124): Illuminate\\Filesystem\\Filesystem::{closure:Illuminate\\Filesystem\\Filesystem::getRequire():120}()
#21 /Users/elijahisrael/Desktop/Projects/chil/LARAVELBACKENDCHIL/vendor/laravel/framework/src/Illuminate/View/Engines/PhpEngine.php(58): Illuminate\\Filesystem\\Filesystem->getRequire('/Users/elijahis...', Array)
#22 /Users/elijahisrael/Desktop/Projects/chil/LARAVELBACKENDCHIL/vendor/livewire/livewire/src/Mechanisms/ExtendBlade/ExtendedCompilerEngine.php(22): Illuminate\\View\\Engines\\PhpEngine->evaluatePath('/Users/elijahis...', Array)
#23 /Users/elijahisrael/Desktop/Projects/chil/LARAVELBACKENDCHIL/vendor/laravel/framework/src/Illuminate/View/Engines/CompilerEngine.php(75): Livewire\\Mechanisms\\ExtendBlade\\ExtendedCompilerEngine->evaluatePath('/Users/elijahis...', Array)
#24 /Users/elijahisrael/Desktop/Projects/chil/LARAVELBACKENDCHIL/vendor/livewire/livewire/src/Mechanisms/ExtendBlade/ExtendedCompilerEngine.php(10): Illuminate\\View\\Engines\\CompilerEngine->get('/Users/elijahis...', Array)
#25 /Users/elijahisrael/Desktop/Projects/chil/LARAVELBACKENDCHIL/vendor/laravel/framework/src/Illuminate/View/View.php(209): Livewire\\Mechanisms\\ExtendBlade\\ExtendedCompilerEngine->get('/Users/elijahis...', Array)
#26 /Users/elijahisrael/Desktop/Projects/chil/LARAVELBACKENDCHIL/vendor/laravel/framework/src/Illuminate/View/View.php(192): Illuminate\\View\\View->getContents()
#27 /Users/elijahisrael/Desktop/Projects/chil/LARAVELBACKENDCHIL/vendor/laravel/framework/src/Illuminate/View/View.php(161): Illuminate\\View\\View->renderContents()
#28 /Users/elijahisrael/Desktop/Projects/chil/LARAVELBACKENDCHIL/vendor/laravel/framework/src/Illuminate/Http/Response.php(79): Illuminate\\View\\View->render()
#29 /Users/elijahisrael/Desktop/Projects/chil/LARAVELBACKENDCHIL/vendor/laravel/framework/src/Illuminate/Http/Response.php(35): Illuminate\\Http\\Response->setContent(Object(Illuminate\\View\\View))
#30 /Users/elijahisrael/Desktop/Projects/chil/LARAVELBACKENDCHIL/vendor/laravel/framework/src/Illuminate/Routing/Router.php(920): Illuminate\\Http\\Response->__construct(Object(Illuminate\\View\\View), 200, Array)
#31 /Users/elijahisrael/Desktop/Projects/chil/LARAVELBACKENDCHIL/vendor/laravel/framework/src/Illuminate/Routing/Router.php(887): Illuminate\\Routing\\Router::toResponse(Object(Illuminate\\Http\\Request), Object(Illuminate\\View\\View))
#32 /Users/elijahisrael/Desktop/Projects/chil/LARAVELBACKENDCHIL/vendor/laravel/framework/src/Illuminate/Routing/Router.php(807): Illuminate\\Routing\\Router->prepareResponse(Object(Illuminate\\Http\\Request), Object(Illuminate\\View\\View))
#33 /Users/elijahisrael/Desktop/Projects/chil/LARAVELBACKENDCHIL/vendor/laravel/framework/src/Illuminate/Pipeline/Pipeline.php(170): Illuminate\\Routing\\Router->{closure:Illuminate\\Routing\\Router::runRouteWithinStack():807}(Object(Illuminate\\Http\\Request))
#34 /Users/elijahisrael/Desktop/Projects/chil/LARAVELBACKENDCHIL/vendor/laravel/framework/src/Illuminate/Routing/Middleware/SubstituteBindings.php(51): Illuminate\\Pipeline\\Pipeline->{closure:Illuminate\\Pipeline\\Pipeline::prepareDestination():168}(Object(Illuminate\\Http\\Request))
#35 /Users/elijahisrael/Desktop/Projects/chil/LARAVELBACKENDCHIL/vendor/laravel/framework/src/Illuminate/Pipeline/Pipeline.php(209): Illuminate\\Routing\\Middleware\\SubstituteBindings->handle(Object(Illuminate\\Http\\Request), Object(Closure))
#36 /Users/elijahisrael/Desktop/Projects/chil/LARAVELBACKENDCHIL/vendor/laravel/framework/src/Illuminate/Foundation/Http/Middleware/VerifyCsrfToken.php(88): Illuminate\\Pipeline\\Pipeline->{closure:{closure:Illuminate\\Pipeline\\Pipeline::carry():184}:185}(Object(Illuminate\\Http\\Request))
#37 /Users/elijahisrael/Desktop/Projects/chil/LARAVELBACKENDCHIL/vendor/laravel/framework/src/Illuminate/Pipeline/Pipeline.php(209): Illuminate\\Foundation\\Http\\Middleware\\VerifyCsrfToken->handle(Object(Illuminate\\Http\\Request), Object(Closure))
#38 /Users/elijahisrael/Desktop/Projects/chil/LARAVELBACKENDCHIL/vendor/laravel/framework/src/Illuminate/View/Middleware/ShareErrorsFromSession.php(49): Illuminate\\Pipeline\\Pipeline->{closure:{closure:Illuminate\\Pipeline\\Pipeline::carry():184}:185}(Object(Illuminate\\Http\\Request))
#39 /Users/elijahisrael/Desktop/Projects/chil/LARAVELBACKENDCHIL/vendor/laravel/framework/src/Illuminate/Pipeline/Pipeline.php(209): Illuminate\\View\\Middleware\\ShareErrorsFromSession->handle(Object(Illuminate\\Http\\Request), Object(Closure))
#40 /Users/elijahisrael/Desktop/Projects/chil/LARAVELBACKENDCHIL/vendor/laravel/framework/src/Illuminate/Session/Middleware/StartSession.php(121): Illuminate\\Pipeline\\Pipeline->{closure:{closure:Illuminate\\Pipeline\\Pipeline::carry():184}:185}(Object(Illuminate\\Http\\Request))
#41 /Users/elijahisrael/Desktop/Projects/chil/LARAVELBACKENDCHIL/vendor/laravel/framework/src/Illuminate/Session/Middleware/StartSession.php(64): Illuminate\\Session\\Middleware\\StartSession->handleStatefulRequest(Object(Illuminate\\Http\\Request), Object(Illuminate\\Session\\Store), Object(Closure))
#42 /Users/elijahisrael/Desktop/Projects/chil/LARAVELBACKENDCHIL/vendor/laravel/framework/src/Illuminate/Pipeline/Pipeline.php(209): Illuminate\\Session\\Middleware\\StartSession->handle(Object(Illuminate\\Http\\Request), Object(Closure))
#43 /Users/elijahisrael/Desktop/Projects/chil/LARAVELBACKENDCHIL/vendor/laravel/framework/src/Illuminate/Cookie/Middleware/AddQueuedCookiesToResponse.php(37): Illuminate\\Pipeline\\Pipeline->{closure:{closure:Illuminate\\Pipeline\\Pipeline::carry():184}:185}(Object(Illuminate\\Http\\Request))
#44 /Users/elijahisrael/Desktop/Projects/chil/LARAVELBACKENDCHIL/vendor/laravel/framework/src/Illuminate/Pipeline/Pipeline.php(209): Illuminate\\Cookie\\Middleware\\AddQueuedCookiesToResponse->handle(Object(Illuminate\\Http\\Request), Object(Closure))
#45 /Users/elijahisrael/Desktop/Projects/chil/LARAVELBACKENDCHIL/vendor/laravel/framework/src/Illuminate/Cookie/Middleware/EncryptCookies.php(75): Illuminate\\Pipeline\\Pipeline->{closure:{closure:Illuminate\\Pipeline\\Pipeline::carry():184}:185}(Object(Illuminate\\Http\\Request))
#46 /Users/elijahisrael/Desktop/Projects/chil/LARAVELBACKENDCHIL/vendor/laravel/framework/src/Illuminate/Pipeline/Pipeline.php(209): Illuminate\\Cookie\\Middleware\\EncryptCookies->handle(Object(Illuminate\\Http\\Request), Object(Closure))
#47 /Users/elijahisrael/Desktop/Projects/chil/LARAVELBACKENDCHIL/vendor/laravel/framework/src/Illuminate/Pipeline/Pipeline.php(127): Illuminate\\Pipeline\\Pipeline->{closure:{closure:Illuminate\\Pipeline\\Pipeline::carry():184}:185}(Object(Illuminate\\Http\\Request))
#48 /Users/elijahisrael/Desktop/Projects/chil/LARAVELBACKENDCHIL/vendor/laravel/framework/src/Illuminate/Routing/Router.php(807): Illuminate\\Pipeline\\Pipeline->then(Object(Closure))
#49 /Users/elijahisrael/Desktop/Projects/chil/LARAVELBACKENDCHIL/vendor/laravel/framework/src/Illuminate/Routing/Router.php(786): Illuminate\\Routing\\Router->runRouteWithinStack(Object(Illuminate\\Routing\\Route), Object(Illuminate\\Http\\Request))
#50 /Users/elijahisrael/Desktop/Projects/chil/LARAVELBACKENDCHIL/vendor/laravel/framework/src/Illuminate/Routing/Router.php(750): Illuminate\\Routing\\Router->runRoute(Object(Illuminate\\Http\\Request), Object(Illuminate\\Routing\\Route))
#51 /Users/elijahisrael/Desktop/Projects/chil/LARAVELBACKENDCHIL/vendor/laravel/framework/src/Illuminate/Routing/Router.php(739): Illuminate\\Routing\\Router->dispatchToRoute(Object(Illuminate\\Http\\Request))
#52 /Users/elijahisrael/Desktop/Projects/chil/LARAVELBACKENDCHIL/vendor/laravel/framework/src/Illuminate/Foundation/Http/Kernel.php(201): Illuminate\\Routing\\Router->dispatch(Object(Illuminate\\Http\\Request))
#53 /Users/elijahisrael/Desktop/Projects/chil/LARAVELBACKENDCHIL/vendor/laravel/framework/src/Illuminate/Pipeline/Pipeline.php(170): Illuminate\\Foundation\\Http\\Kernel->{closure:Illuminate\\Foundation\\Http\\Kernel::dispatchToRouter():198}(Object(Illuminate\\Http\\Request))
#54 /Users/elijahisrael/Desktop/Projects/chil/LARAVELBACKENDCHIL/vendor/livewire/livewire/src/Features/SupportDisablingBackButtonCache/DisableBackButtonCacheMiddleware.php(19): Illuminate\\Pipeline\\Pipeline->{closure:Illuminate\\Pipeline\\Pipeline::prepareDestination():168}(Object(Illuminate\\Http\\Request))
#55 /Users/elijahisrael/Desktop/Projects/chil/LARAVELBACKENDCHIL/vendor/laravel/framework/src/Illuminate/Pipeline/Pipeline.php(209): Livewire\\Features\\SupportDisablingBackButtonCache\\DisableBackButtonCacheMiddleware->handle(Object(Illuminate\\Http\\Request), Object(Closure))
#56 /Users/elijahisrael/Desktop/Projects/chil/LARAVELBACKENDCHIL/app/Http/Middleware/Cors.php(31): Illuminate\\Pipeline\\Pipeline->{closure:{closure:Illuminate\\Pipeline\\Pipeline::carry():184}:185}(Object(Illuminate\\Http\\Request))
#57 /Users/elijahisrael/Desktop/Projects/chil/LARAVELBACKENDCHIL/vendor/laravel/framework/src/Illuminate/Pipeline/Pipeline.php(209): App\\Http\\Middleware\\Cors->handle(Object(Illuminate\\Http\\Request), Object(Closure))
#58 /Users/elijahisrael/Desktop/Projects/chil/LARAVELBACKENDCHIL/vendor/laravel/framework/src/Illuminate/Http/Middleware/TrustProxies.php(58): Illuminate\\Pipeline\\Pipeline->{closure:{closure:Illuminate\\Pipeline\\Pipeline::carry():184}:185}(Object(Illuminate\\Http\\Request))
#59 /Users/elijahisrael/Desktop/Projects/chil/LARAVELBACKENDCHIL/vendor/laravel/framework/src/Illuminate/Pipeline/Pipeline.php(209): Illuminate\\Http\\Middleware\\TrustProxies->handle(Object(Illuminate\\Http\\Request), Object(Closure))
#60 /Users/elijahisrael/Desktop/Projects/chil/LARAVELBACKENDCHIL/vendor/laravel/framework/src/Illuminate/Foundation/Http/Middleware/TransformsRequest.php(21): Illuminate\\Pipeline\\Pipeline->{closure:{closure:Illuminate\\Pipeline\\Pipeline::carry():184}:185}(Object(Illuminate\\Http\\Request))
#61 /Users/elijahisrael/Desktop/Projects/chil/LARAVELBACKENDCHIL/vendor/laravel/framework/src/Illuminate/Foundation/Http/Middleware/ConvertEmptyStringsToNull.php(31): Illuminate\\Foundation\\Http\\Middleware\\TransformsRequest->handle(Object(Illuminate\\Http\\Request), Object(Closure))
#62 /Users/elijahisrael/Desktop/Projects/chil/LARAVELBACKENDCHIL/vendor/laravel/framework/src/Illuminate/Pipeline/Pipeline.php(209): Illuminate\\Foundation\\Http\\Middleware\\ConvertEmptyStringsToNull->handle(Object(Illuminate\\Http\\Request), Object(Closure))
#63 /Users/elijahisrael/Desktop/Projects/chil/LARAVELBACKENDCHIL/vendor/laravel/framework/src/Illuminate/Foundation/Http/Middleware/TransformsRequest.php(21): Illuminate\\Pipeline\\Pipeline->{closure:{closure:Illuminate\\Pipeline\\Pipeline::carry():184}:185}(Object(Illuminate\\Http\\Request))
#64 /Users/elijahisrael/Desktop/Projects/chil/LARAVELBACKENDCHIL/vendor/laravel/framework/src/Illuminate/Foundation/Http/Middleware/TrimStrings.php(51): Illuminate\\Foundation\\Http\\Middleware\\TransformsRequest->handle(Object(Illuminate\\Http\\Request), Object(Closure))
#65 /Users/elijahisrael/Desktop/Projects/chil/LARAVELBACKENDCHIL/vendor/laravel/framework/src/Illuminate/Pipeline/Pipeline.php(209): Illuminate\\Foundation\\Http\\Middleware\\TrimStrings->handle(Object(Illuminate\\Http\\Request), Object(Closure))
#66 /Users/elijahisrael/Desktop/Projects/chil/LARAVELBACKENDCHIL/vendor/laravel/framework/src/Illuminate/Http/Middleware/ValidatePostSize.php(27): Illuminate\\Pipeline\\Pipeline->{closure:{closure:Illuminate\\Pipeline\\Pipeline::carry():184}:185}(Object(Illuminate\\Http\\Request))
#67 /Users/elijahisrael/Desktop/Projects/chil/LARAVELBACKENDCHIL/vendor/laravel/framework/src/Illuminate/Pipeline/Pipeline.php(209): Illuminate\\Http\\Middleware\\ValidatePostSize->handle(Object(Illuminate\\Http\\Request), Object(Closure))
#68 /Users/elijahisrael/Desktop/Projects/chil/LARAVELBACKENDCHIL/vendor/laravel/framework/src/Illuminate/Foundation/Http/Middleware/PreventRequestsDuringMaintenance.php(110): Illuminate\\Pipeline\\Pipeline->{closure:{closure:Illuminate\\Pipeline\\Pipeline::carry():184}:185}(Object(Illuminate\\Http\\Request))
#69 /Users/elijahisrael/Desktop/Projects/chil/LARAVELBACKENDCHIL/vendor/laravel/framework/src/Illuminate/Pipeline/Pipeline.php(209): Illuminate\\Foundation\\Http\\Middleware\\PreventRequestsDuringMaintenance->handle(Object(Illuminate\\Http\\Request), Object(Closure))
#70 /Users/elijahisrael/Desktop/Projects/chil/LARAVELBACKENDCHIL/vendor/laravel/framework/src/Illuminate/Pipeline/Pipeline.php(127): Illuminate\\Pipeline\\Pipeline->{closure:{closure:Illuminate\\Pipeline\\Pipeline::carry():184}:185}(Object(Illuminate\\Http\\Request))
#71 /Users/elijahisrael/Desktop/Projects/chil/LARAVELBACKENDCHIL/vendor/laravel/framework/src/Illuminate/Foundation/Http/Kernel.php(176): Illuminate\\Pipeline\\Pipeline->then(Object(Closure))
#72 /Users/elijahisrael/Desktop/Projects/chil/LARAVELBACKENDCHIL/vendor/laravel/framework/src/Illuminate/Foundation/Http/Kernel.php(145): Illuminate\\Foundation\\Http\\Kernel->sendRequestThroughRouter(Object(Illuminate\\Http\\Request))
#73 /Users/elijahisrael/Desktop/Projects/chil/LARAVELBACKENDCHIL/public/index.php(54): Illuminate\\Foundation\\Http\\Kernel->handle(Object(Illuminate\\Http\\Request))
#74 /Users/elijahisrael/Desktop/Projects/chil/LARAVELBACKENDCHIL/server.php(21): require_once('/Users/elijahis...')
#75 {main}

[previous exception] [object] (Illuminate\\Routing\\Exceptions\\UrlGenerationException(code: 0): Missing required parameter for [Route: students] [URI: students/{school}] [Missing parameter: school]. at /Users/elijahisrael/Desktop/Projects/chil/LARAVELBACKENDCHIL/vendor/laravel/framework/src/Illuminate/Routing/Exceptions/UrlGenerationException.php:35)
[stacktrace]
#0 /Users/elijahisrael/Desktop/Projects/chil/LARAVELBACKENDCHIL/vendor/laravel/framework/src/Illuminate/Routing/RouteUrlGenerator.php(90): Illuminate\\Routing\\Exceptions\\UrlGenerationException::forMissingParameters(Object(Illuminate\\Routing\\Route), Array)
#1 /Users/elijahisrael/Desktop/Projects/chil/LARAVELBACKENDCHIL/vendor/laravel/framework/src/Illuminate/Routing/UrlGenerator.php(544): Illuminate\\Routing\\RouteUrlGenerator->to(Object(Illuminate\\Routing\\Route), Array, true)
#2 /Users/elijahisrael/Desktop/Projects/chil/LARAVELBACKENDCHIL/vendor/laravel/framework/src/Illuminate/Routing/UrlGenerator.php(509): Illuminate\\Routing\\UrlGenerator->toRoute(Object(Illuminate\\Routing\\Route), Array, true)
#3 /Users/elijahisrael/Desktop/Projects/chil/LARAVELBACKENDCHIL/vendor/laravel/framework/src/Illuminate/Foundation/helpers.php(853): Illuminate\\Routing\\UrlGenerator->route('students', Array, true)
#4 /Users/elijahisrael/Desktop/Projects/chil/LARAVELBACKENDCHIL/storage/framework/views/c0667ced79c677f8fee0566ce64d6e5a.php(10): route('students')
#5 /Users/elijahisrael/Desktop/Projects/chil/LARAVELBACKENDCHIL/vendor/laravel/framework/src/Illuminate/Filesystem/Filesystem.php(123): require('/Users/elijahis...')
#6 /Users/elijahisrael/Desktop/Projects/chil/LARAVELBACKENDCHIL/vendor/laravel/framework/src/Illuminate/Filesystem/Filesystem.php(124): Illuminate\\Filesystem\\Filesystem::{closure:Illuminate\\Filesystem\\Filesystem::getRequire():120}()
#7 /Users/elijahisrael/Desktop/Projects/chil/LARAVELBACKENDCHIL/vendor/laravel/framework/src/Illuminate/View/Engines/PhpEngine.php(58): Illuminate\\Filesystem\\Filesystem->getRequire('/Users/elijahis...', Array)
#8 /Users/elijahisrael/Desktop/Projects/chil/LARAVELBACKENDCHIL/vendor/livewire/livewire/src/Mechanisms/ExtendBlade/ExtendedCompilerEngine.php(22): Illuminate\\View\\Engines\\PhpEngine->evaluatePath('/Users/elijahis...', Array)
#9 /Users/elijahisrael/Desktop/Projects/chil/LARAVELBACKENDCHIL/vendor/laravel/framework/src/Illuminate/View/Engines/CompilerEngine.php(75): Livewire\\Mechanisms\\ExtendBlade\\ExtendedCompilerEngine->evaluatePath('/Users/elijahis...', Array)
#10 /Users/elijahisrael/Desktop/Projects/chil/LARAVELBACKENDCHIL/vendor/livewire/livewire/src/Mechanisms/ExtendBlade/ExtendedCompilerEngine.php(10): Illuminate\\View\\Engines\\CompilerEngine->get('/Users/elijahis...', Array)
#11 /Users/elijahisrael/Desktop/Projects/chil/LARAVELBACKENDCHIL/vendor/laravel/framework/src/Illuminate/View/View.php(209): Livewire\\Mechanisms\\ExtendBlade\\ExtendedCompilerEngine->get('/Users/elijahis...', Array)
#12 /Users/elijahisrael/Desktop/Projects/chil/LARAVELBACKENDCHIL/vendor/laravel/framework/src/Illuminate/View/View.php(192): Illuminate\\View\\View->getContents()
#13 /Users/elijahisrael/Desktop/Projects/chil/LARAVELBACKENDCHIL/vendor/laravel/framework/src/Illuminate/View/View.php(161): Illuminate\\View\\View->renderContents()
#14 /Users/elijahisrael/Desktop/Projects/chil/LARAVELBACKENDCHIL/storage/framework/views/8543c75aea23cb66ed4e20af308d23ec.php(126): Illuminate\\View\\View->render()
#15 /Users/elijahisrael/Desktop/Projects/chil/LARAVELBACKENDCHIL/vendor/laravel/framework/src/Illuminate/Filesystem/Filesystem.php(123): require('/Users/elijahis...')
#16 /Users/elijahisrael/Desktop/Projects/chil/LARAVELBACKENDCHIL/vendor/laravel/framework/src/Illuminate/Filesystem/Filesystem.php(124): Illuminate\\Filesystem\\Filesystem::{closure:Illuminate\\Filesystem\\Filesystem::getRequire():120}()
#17 /Users/elijahisrael/Desktop/Projects/chil/LARAVELBACKENDCHIL/vendor/laravel/framework/src/Illuminate/View/Engines/PhpEngine.php(58): Illuminate\\Filesystem\\Filesystem->getRequire('/Users/elijahis...', Array)
#18 /Users/elijahisrael/Desktop/Projects/chil/LARAVELBACKENDCHIL/vendor/livewire/livewire/src/Mechanisms/ExtendBlade/ExtendedCompilerEngine.php(22): Illuminate\\View\\Engines\\PhpEngine->evaluatePath('/Users/elijahis...', Array)
#19 /Users/elijahisrael/Desktop/Projects/chil/LARAVELBACKENDCHIL/vendor/laravel/framework/src/Illuminate/View/Engines/CompilerEngine.php(75): Livewire\\Mechanisms\\ExtendBlade\\ExtendedCompilerEngine->evaluatePath('/Users/elijahis...', Array)
#20 /Users/elijahisrael/Desktop/Projects/chil/LARAVELBACKENDCHIL/vendor/livewire/livewire/src/Mechanisms/ExtendBlade/ExtendedCompilerEngine.php(10): Illuminate\\View\\Engines\\CompilerEngine->get('/Users/elijahis...', Array)
#21 /Users/elijahisrael/Desktop/Projects/chil/LARAVELBACKENDCHIL/vendor/laravel/framework/src/Illuminate/View/View.php(209): Livewire\\Mechanisms\\ExtendBlade\\ExtendedCompilerEngine->get('/Users/elijahis...', Array)
#22 /Users/elijahisrael/Desktop/Projects/chil/LARAVELBACKENDCHIL/vendor/laravel/framework/src/Illuminate/View/View.php(192): Illuminate\\View\\View->getContents()
#23 /Users/elijahisrael/Desktop/Projects/chil/LARAVELBACKENDCHIL/vendor/laravel/framework/src/Illuminate/View/View.php(161): Illuminate\\View\\View->renderContents()
#24 /Users/elijahisrael/Desktop/Projects/chil/LARAVELBACKENDCHIL/storage/framework/views/af8084d38e20387921086bc9b17c9775.php(79): Illuminate\\View\\View->render()
#25 /Users/elijahisrael/Desktop/Projects/chil/LARAVELBACKENDCHIL/vendor/laravel/framework/src/Illuminate/Filesystem/Filesystem.php(123): require('/Users/elijahis...')
#26 /Users/elijahisrael/Desktop/Projects/chil/LARAVELBACKENDCHIL/vendor/laravel/framework/src/Illuminate/Filesystem/Filesystem.php(124): Illuminate\\Filesystem\\Filesystem::{closure:Illuminate\\Filesystem\\Filesystem::getRequire():120}()
#27 /Users/elijahisrael/Desktop/Projects/chil/LARAVELBACKENDCHIL/vendor/laravel/framework/src/Illuminate/View/Engines/PhpEngine.php(58): Illuminate\\Filesystem\\Filesystem->getRequire('/Users/elijahis...', Array)
#28 /Users/elijahisrael/Desktop/Projects/chil/LARAVELBACKENDCHIL/vendor/livewire/livewire/src/Mechanisms/ExtendBlade/ExtendedCompilerEngine.php(22): Illuminate\\View\\Engines\\PhpEngine->evaluatePath('/Users/elijahis...', Array)
#29 /Users/elijahisrael/Desktop/Projects/chil/LARAVELBACKENDCHIL/vendor/laravel/framework/src/Illuminate/View/Engines/CompilerEngine.php(75): Livewire\\Mechanisms\\ExtendBlade\\ExtendedCompilerEngine->evaluatePath('/Users/elijahis...', Array)
#30 /Users/elijahisrael/Desktop/Projects/chil/LARAVELBACKENDCHIL/vendor/livewire/livewire/src/Mechanisms/ExtendBlade/ExtendedCompilerEngine.php(10): Illuminate\\View\\Engines\\CompilerEngine->get('/Users/elijahis...', Array)
#31 /Users/elijahisrael/Desktop/Projects/chil/LARAVELBACKENDCHIL/vendor/laravel/framework/src/Illuminate/View/View.php(209): Livewire\\Mechanisms\\ExtendBlade\\ExtendedCompilerEngine->get('/Users/elijahis...', Array)
#32 /Users/elijahisrael/Desktop/Projects/chil/LARAVELBACKENDCHIL/vendor/laravel/framework/src/Illuminate/View/View.php(192): Illuminate\\View\\View->getContents()
#33 /Users/elijahisrael/Desktop/Projects/chil/LARAVELBACKENDCHIL/vendor/laravel/framework/src/Illuminate/View/View.php(161): Illuminate\\View\\View->renderContents()
#34 /Users/elijahisrael/Desktop/Projects/chil/LARAVELBACKENDCHIL/vendor/laravel/framework/src/Illuminate/Http/Response.php(79): Illuminate\\View\\View->render()
#35 /Users/elijahisrael/Desktop/Projects/chil/LARAVELBACKENDCHIL/vendor/laravel/framework/src/Illuminate/Http/Response.php(35): Illuminate\\Http\\Response->setContent(Object(Illuminate\\View\\View))
#36 /Users/elijahisrael/Desktop/Projects/chil/LARAVELBACKENDCHIL/vendor/laravel/framework/src/Illuminate/Routing/Router.php(920): Illuminate\\Http\\Response->__construct(Object(Illuminate\\View\\View), 200, Array)
#37 /Users/elijahisrael/Desktop/Projects/chil/LARAVELBACKENDCHIL/vendor/laravel/framework/src/Illuminate/Routing/Router.php(887): Illuminate\\Routing\\Router::toResponse(Object(Illuminate\\Http\\Request), Object(Illuminate\\View\\View))
#38 /Users/elijahisrael/Desktop/Projects/chil/LARAVELBACKENDCHIL/vendor/laravel/framework/src/Illuminate/Routing/Router.php(807): Illuminate\\Routing\\Router->prepareResponse(Object(Illuminate\\Http\\Request), Object(Illuminate\\View\\View))
#39 /Users/elijahisrael/Desktop/Projects/chil/LARAVELBACKENDCHIL/vendor/laravel/framework/src/Illuminate/Pipeline/Pipeline.php(170): Illuminate\\Routing\\Router->{closure:Illuminate\\Routing\\Router::runRouteWithinStack():807}(Object(Illuminate\\Http\\Request))
#40 /Users/elijahisrael/Desktop/Projects/chil/LARAVELBACKENDCHIL/vendor/laravel/framework/src/Illuminate/Routing/Middleware/SubstituteBindings.php(51): Illuminate\\Pipeline\\Pipeline->{closure:Illuminate\\Pipeline\\Pipeline::prepareDestination():168}(Object(Illuminate\\Http\\Request))
#41 /Users/elijahisrael/Desktop/Projects/chil/LARAVELBACKENDCHIL/vendor/laravel/framework/src/Illuminate/Pipeline/Pipeline.php(209): Illuminate\\Routing\\Middleware\\SubstituteBindings->handle(Object(Illuminate\\Http\\Request), Object(Closure))
#42 /Users/elijahisrael/Desktop/Projects/chil/LARAVELBACKENDCHIL/vendor/laravel/framework/src/Illuminate/Foundation/Http/Middleware/VerifyCsrfToken.php(88): Illuminate\\Pipeline\\Pipeline->{closure:{closure:Illuminate\\Pipeline\\Pipeline::carry():184}:185}(Object(Illuminate\\Http\\Request))
#43 /Users/elijahisrael/Desktop/Projects/chil/LARAVELBACKENDCHIL/vendor/laravel/framework/src/Illuminate/Pipeline/Pipeline.php(209): Illuminate\\Foundation\\Http\\Middleware\\VerifyCsrfToken->handle(Object(Illuminate\\Http\\Request), Object(Closure))
#44 /Users/elijahisrael/Desktop/Projects/chil/LARAVELBACKENDCHIL/vendor/laravel/framework/src/Illuminate/View/Middleware/ShareErrorsFromSession.php(49): Illuminate\\Pipeline\\Pipeline->{closure:{closure:Illuminate\\Pipeline\\Pipeline::carry():184}:185}(Object(Illuminate\\Http\\Request))
#45 /Users/elijahisrael/Desktop/Projects/chil/LARAVELBACKENDCHIL/vendor/laravel/framework/src/Illuminate/Pipeline/Pipeline.php(209): Illuminate\\View\\Middleware\\ShareErrorsFromSession->handle(Object(Illuminate\\Http\\Request), Object(Closure))
#46 /Users/elijahisrael/Desktop/Projects/chil/LARAVELBACKENDCHIL/vendor/laravel/framework/src/Illuminate/Session/Middleware/StartSession.php(121): Illuminate\\Pipeline\\Pipeline->{closure:{closure:Illuminate\\Pipeline\\Pipeline::carry():184}:185}(Object(Illuminate\\Http\\Request))
#47 /Users/elijahisrael/Desktop/Projects/chil/LARAVELBACKENDCHIL/vendor/laravel/framework/src/Illuminate/Session/Middleware/StartSession.php(64): Illuminate\\Session\\Middleware\\StartSession->handleStatefulRequest(Object(Illuminate\\Http\\Request), Object(Illuminate\\Session\\Store), Object(Closure))
#48 /Users/elijahisrael/Desktop/Projects/chil/LARAVELBACKENDCHIL/vendor/laravel/framework/src/Illuminate/Pipeline/Pipeline.php(209): Illuminate\\Session\\Middleware\\StartSession->handle(Object(Illuminate\\Http\\Request), Object(Closure))
#49 /Users/elijahisrael/Desktop/Projects/chil/LARAVELBACKENDCHIL/vendor/laravel/framework/src/Illuminate/Cookie/Middleware/AddQueuedCookiesToResponse.php(37): Illuminate\\Pipeline\\Pipeline->{closure:{closure:Illuminate\\Pipeline\\Pipeline::carry():184}:185}(Object(Illuminate\\Http\\Request))
#50 /Users/elijahisrael/Desktop/Projects/chil/LARAVELBACKENDCHIL/vendor/laravel/framework/src/Illuminate/Pipeline/Pipeline.php(209): Illuminate\\Cookie\\Middleware\\AddQueuedCookiesToResponse->handle(Object(Illuminate\\Http\\Request), Object(Closure))
#51 /Users/elijahisrael/Desktop/Projects/chil/LARAVELBACKENDCHIL/vendor/laravel/framework/src/Illuminate/Cookie/Middleware/EncryptCookies.php(75): Illuminate\\Pipeline\\Pipeline->{closure:{closure:Illuminate\\Pipeline\\Pipeline::carry():184}:185}(Object(Illuminate\\Http\\Request))
#52 /Users/elijahisrael/Desktop/Projects/chil/LARAVELBACKENDCHIL/vendor/laravel/framework/src/Illuminate/Pipeline/Pipeline.php(209): Illuminate\\Cookie\\Middleware\\EncryptCookies->handle(Object(Illuminate\\Http\\Request), Object(Closure))
#53 /Users/elijahisrael/Desktop/Projects/chil/LARAVELBACKENDCHIL/vendor/laravel/framework/src/Illuminate/Pipeline/Pipeline.php(127): Illuminate\\Pipeline\\Pipeline->{closure:{closure:Illuminate\\Pipeline\\Pipeline::carry():184}:185}(Object(Illuminate\\Http\\Request))
#54 /Users/elijahisrael/Desktop/Projects/chil/LARAVELBACKENDCHIL/vendor/laravel/framework/src/Illuminate/Routing/Router.php(807): Illuminate\\Pipeline\\Pipeline->then(Object(Closure))
#55 /Users/elijahisrael/Desktop/Projects/chil/LARAVELBACKENDCHIL/vendor/laravel/framework/src/Illuminate/Routing/Router.php(786): Illuminate\\Routing\\Router->runRouteWithinStack(Object(Illuminate\\Routing\\Route), Object(Illuminate\\Http\\Request))
#56 /Users/elijahisrael/Desktop/Projects/chil/LARAVELBACKENDCHIL/vendor/laravel/framework/src/Illuminate/Routing/Router.php(750): Illuminate\\Routing\\Router->runRoute(Object(Illuminate\\Http\\Request), Object(Illuminate\\Routing\\Route))
#57 /Users/elijahisrael/Desktop/Projects/chil/LARAVELBACKENDCHIL/vendor/laravel/framework/src/Illuminate/Routing/Router.php(739): Illuminate\\Routing\\Router->dispatchToRoute(Object(Illuminate\\Http\\Request))
#58 /Users/elijahisrael/Desktop/Projects/chil/LARAVELBACKENDCHIL/vendor/laravel/framework/src/Illuminate/Foundation/Http/Kernel.php(201): Illuminate\\Routing\\Router->dispatch(Object(Illuminate\\Http\\Request))
#59 /Users/elijahisrael/Desktop/Projects/chil/LARAVELBACKENDCHIL/vendor/laravel/framework/src/Illuminate/Pipeline/Pipeline.php(170): Illuminate\\Foundation\\Http\\Kernel->{closure:Illuminate\\Foundation\\Http\\Kernel::dispatchToRouter():198}(Object(Illuminate\\Http\\Request))
#60 /Users/elijahisrael/Desktop/Projects/chil/LARAVELBACKENDCHIL/vendor/livewire/livewire/src/Features/SupportDisablingBackButtonCache/DisableBackButtonCacheMiddleware.php(19): Illuminate\\Pipeline\\Pipeline->{closure:Illuminate\\Pipeline\\Pipeline::prepareDestination():168}(Object(Illuminate\\Http\\Request))
#61 /Users/elijahisrael/Desktop/Projects/chil/LARAVELBACKENDCHIL/vendor/laravel/framework/src/Illuminate/Pipeline/Pipeline.php(209): Livewire\\Features\\SupportDisablingBackButtonCache\\DisableBackButtonCacheMiddleware->handle(Object(Illuminate\\Http\\Request), Object(Closure))
#62 /Users/elijahisrael/Desktop/Projects/chil/LARAVELBACKENDCHIL/app/Http/Middleware/Cors.php(31): Illuminate\\Pipeline\\Pipeline->{closure:{closure:Illuminate\\Pipeline\\Pipeline::carry():184}:185}(Object(Illuminate\\Http\\Request))
#63 /Users/elijahisrael/Desktop/Projects/chil/LARAVELBACKENDCHIL/vendor/laravel/framework/src/Illuminate/Pipeline/Pipeline.php(209): App\\Http\\Middleware\\Cors->handle(Object(Illuminate\\Http\\Request), Object(Closure))
#64 /Users/elijahisrael/Desktop/Projects/chil/LARAVELBACKENDCHIL/vendor/laravel/framework/src/Illuminate/Http/Middleware/TrustProxies.php(58): Illuminate\\Pipeline\\Pipeline->{closure:{closure:Illuminate\\Pipeline\\Pipeline::carry():184}:185}(Object(Illuminate\\Http\\Request))
#65 /Users/elijahisrael/Desktop/Projects/chil/LARAVELBACKENDCHIL/vendor/laravel/framework/src/Illuminate/Pipeline/Pipeline.php(209): Illuminate\\Http\\Middleware\\TrustProxies->handle(Object(Illuminate\\Http\\Request), Object(Closure))
#66 /Users/elijahisrael/Desktop/Projects/chil/LARAVELBACKENDCHIL/vendor/laravel/framework/src/Illuminate/Foundation/Http/Middleware/TransformsRequest.php(21): Illuminate\\Pipeline\\Pipeline->{closure:{closure:Illuminate\\Pipeline\\Pipeline::carry():184}:185}(Object(Illuminate\\Http\\Request))
#67 /Users/elijahisrael/Desktop/Projects/chil/LARAVELBACKENDCHIL/vendor/laravel/framework/src/Illuminate/Foundation/Http/Middleware/ConvertEmptyStringsToNull.php(31): Illuminate\\Foundation\\Http\\Middleware\\TransformsRequest->handle(Object(Illuminate\\Http\\Request), Object(Closure))
#68 /Users/elijahisrael/Desktop/Projects/chil/LARAVELBACKENDCHIL/vendor/laravel/framework/src/Illuminate/Pipeline/Pipeline.php(209): Illuminate\\Foundation\\Http\\Middleware\\ConvertEmptyStringsToNull->handle(Object(Illuminate\\Http\\Request), Object(Closure))
#69 /Users/elijahisrael/Desktop/Projects/chil/LARAVELBACKENDCHIL/vendor/laravel/framework/src/Illuminate/Foundation/Http/Middleware/TransformsRequest.php(21): Illuminate\\Pipeline\\Pipeline->{closure:{closure:Illuminate\\Pipeline\\Pipeline::carry():184}:185}(Object(Illuminate\\Http\\Request))
#70 /Users/elijahisrael/Desktop/Projects/chil/LARAVELBACKENDCHIL/vendor/laravel/framework/src/Illuminate/Foundation/Http/Middleware/TrimStrings.php(51): Illuminate\\Foundation\\Http\\Middleware\\TransformsRequest->handle(Object(Illuminate\\Http\\Request), Object(Closure))
#71 /Users/elijahisrael/Desktop/Projects/chil/LARAVELBACKENDCHIL/vendor/laravel/framework/src/Illuminate/Pipeline/Pipeline.php(209): Illuminate\\Foundation\\Http\\Middleware\\TrimStrings->handle(Object(Illuminate\\Http\\Request), Object(Closure))
#72 /Users/elijahisrael/Desktop/Projects/chil/LARAVELBACKENDCHIL/vendor/laravel/framework/src/Illuminate/Http/Middleware/ValidatePostSize.php(27): Illuminate\\Pipeline\\Pipeline->{closure:{closure:Illuminate\\Pipeline\\Pipeline::carry():184}:185}(Object(Illuminate\\Http\\Request))
#73 /Users/elijahisrael/Desktop/Projects/chil/LARAVELBACKENDCHIL/vendor/laravel/framework/src/Illuminate/Pipeline/Pipeline.php(209): Illuminate\\Http\\Middleware\\ValidatePostSize->handle(Object(Illuminate\\Http\\Request), Object(Closure))
#74 /Users/elijahisrael/Desktop/Projects/chil/LARAVELBACKENDCHIL/vendor/laravel/framework/src/Illuminate/Foundation/Http/Middleware/PreventRequestsDuringMaintenance.php(110): Illuminate\\Pipeline\\Pipeline->{closure:{closure:Illuminate\\Pipeline\\Pipeline::carry():184}:185}(Object(Illuminate\\Http\\Request))
#75 /Users/elijahisrael/Desktop/Projects/chil/LARAVELBACKENDCHIL/vendor/laravel/framework/src/Illuminate/Pipeline/Pipeline.php(209): Illuminate\\Foundation\\Http\\Middleware\\PreventRequestsDuringMaintenance->handle(Object(Illuminate\\Http\\Request), Object(Closure))
#76 /Users/elijahisrael/Desktop/Projects/chil/LARAVELBACKENDCHIL/vendor/laravel/framework/src/Illuminate/Pipeline/Pipeline.php(127): Illuminate\\Pipeline\\Pipeline->{closure:{closure:Illuminate\\Pipeline\\Pipeline::carry():184}:185}(Object(Illuminate\\Http\\Request))
#77 /Users/elijahisrael/Desktop/Projects/chil/LARAVELBACKENDCHIL/vendor/laravel/framework/src/Illuminate/Foundation/Http/Kernel.php(176): Illuminate\\Pipeline\\Pipeline->then(Object(Closure))
#78 /Users/elijahisrael/Desktop/Projects/chil/LARAVELBACKENDCHIL/vendor/laravel/framework/src/Illuminate/Foundation/Http/Kernel.php(145): Illuminate\\Foundation\\Http\\Kernel->sendRequestThroughRouter(Object(Illuminate\\Http\\Request))
#79 /Users/elijahisrael/Desktop/Projects/chil/LARAVELBACKENDCHIL/public/index.php(54): Illuminate\\Foundation\\Http\\Kernel->handle(Object(Illuminate\\Http\\Request))
#80 /Users/elijahisrael/Desktop/Projects/chil/LARAVELBACKENDCHIL/server.php(21): require_once('/Users/elijahis...')
#81 {main}
"} 
[2025-09-30 19:51:14] local.ERROR: Undefined variable $students (View: /Users/elijahisrael/Desktop/Projects/chil/LARAVELBACKENDCHIL/resources/views/lab-tests.blade.php) {"exception":"[object] (Illuminate\\View\\ViewException(code: 0): Undefined variable $students (View: /Users/elijahisrael/Desktop/Projects/chil/LARAVELBACKENDCHIL/resources/views/lab-tests.blade.php) at /Users/elijahisrael/Desktop/Projects/chil/LARAVELBACKENDCHIL/storage/framework/views/4416501ec3c9aa76a323e066880bdf71.php:69)
[stacktrace]
#0 /Users/elijahisrael/Desktop/Projects/chil/LARAVELBACKENDCHIL/vendor/livewire/livewire/src/Mechanisms/ExtendBlade/ExtendedCompilerEngine.php(58): Illuminate\\View\\Engines\\CompilerEngine->handleViewException(Object(ErrorException), 0)
#1 /Users/elijahisrael/Desktop/Projects/chil/LARAVELBACKENDCHIL/vendor/laravel/framework/src/Illuminate/View/Engines/PhpEngine.php(60): Livewire\\Mechanisms\\ExtendBlade\\ExtendedCompilerEngine->handleViewException(Object(ErrorException), 0)
#2 /Users/elijahisrael/Desktop/Projects/chil/LARAVELBACKENDCHIL/vendor/livewire/livewire/src/Mechanisms/ExtendBlade/ExtendedCompilerEngine.php(22): Illuminate\\View\\Engines\\PhpEngine->evaluatePath('/Users/elijahis...', Array)
#3 /Users/elijahisrael/Desktop/Projects/chil/LARAVELBACKENDCHIL/vendor/laravel/framework/src/Illuminate/View/Engines/CompilerEngine.php(75): Livewire\\Mechanisms\\ExtendBlade\\ExtendedCompilerEngine->evaluatePath('/Users/elijahis...', Array)
#4 /Users/elijahisrael/Desktop/Projects/chil/LARAVELBACKENDCHIL/vendor/livewire/livewire/src/Mechanisms/ExtendBlade/ExtendedCompilerEngine.php(10): Illuminate\\View\\Engines\\CompilerEngine->get('/Users/elijahis...', Array)
#5 /Users/elijahisrael/Desktop/Projects/chil/LARAVELBACKENDCHIL/vendor/laravel/framework/src/Illuminate/View/View.php(209): Livewire\\Mechanisms\\ExtendBlade\\ExtendedCompilerEngine->get('/Users/elijahis...', Array)
#6 /Users/elijahisrael/Desktop/Projects/chil/LARAVELBACKENDCHIL/vendor/laravel/framework/src/Illuminate/View/View.php(192): Illuminate\\View\\View->getContents()
#7 /Users/elijahisrael/Desktop/Projects/chil/LARAVELBACKENDCHIL/vendor/laravel/framework/src/Illuminate/View/View.php(161): Illuminate\\View\\View->renderContents()
#8 /Users/elijahisrael/Desktop/Projects/chil/LARAVELBACKENDCHIL/vendor/laravel/framework/src/Illuminate/Http/Response.php(79): Illuminate\\View\\View->render()
#9 /Users/elijahisrael/Desktop/Projects/chil/LARAVELBACKENDCHIL/vendor/laravel/framework/src/Illuminate/Http/Response.php(35): Illuminate\\Http\\Response->setContent(Object(Illuminate\\View\\View))
#10 /Users/elijahisrael/Desktop/Projects/chil/LARAVELBACKENDCHIL/vendor/laravel/framework/src/Illuminate/Routing/Router.php(920): Illuminate\\Http\\Response->__construct(Object(Illuminate\\View\\View), 200, Array)
#11 /Users/elijahisrael/Desktop/Projects/chil/LARAVELBACKENDCHIL/vendor/laravel/framework/src/Illuminate/Routing/Router.php(887): Illuminate\\Routing\\Router::toResponse(Object(Illuminate\\Http\\Request), Object(Illuminate\\View\\View))
#12 /Users/elijahisrael/Desktop/Projects/chil/LARAVELBACKENDCHIL/vendor/laravel/framework/src/Illuminate/Routing/Router.php(807): Illuminate\\Routing\\Router->prepareResponse(Object(Illuminate\\Http\\Request), Object(Illuminate\\View\\View))
#13 /Users/elijahisrael/Desktop/Projects/chil/LARAVELBACKENDCHIL/vendor/laravel/framework/src/Illuminate/Pipeline/Pipeline.php(170): Illuminate\\Routing\\Router->{closure:Illuminate\\Routing\\Router::runRouteWithinStack():807}(Object(Illuminate\\Http\\Request))
#14 /Users/elijahisrael/Desktop/Projects/chil/LARAVELBACKENDCHIL/vendor/laravel/framework/src/Illuminate/Routing/Middleware/SubstituteBindings.php(51): Illuminate\\Pipeline\\Pipeline->{closure:Illuminate\\Pipeline\\Pipeline::prepareDestination():168}(Object(Illuminate\\Http\\Request))
#15 /Users/elijahisrael/Desktop/Projects/chil/LARAVELBACKENDCHIL/vendor/laravel/framework/src/Illuminate/Pipeline/Pipeline.php(209): Illuminate\\Routing\\Middleware\\SubstituteBindings->handle(Object(Illuminate\\Http\\Request), Object(Closure))
#16 /Users/elijahisrael/Desktop/Projects/chil/LARAVELBACKENDCHIL/vendor/laravel/framework/src/Illuminate/Foundation/Http/Middleware/VerifyCsrfToken.php(88): Illuminate\\Pipeline\\Pipeline->{closure:{closure:Illuminate\\Pipeline\\Pipeline::carry():184}:185}(Object(Illuminate\\Http\\Request))
#17 /Users/elijahisrael/Desktop/Projects/chil/LARAVELBACKENDCHIL/vendor/laravel/framework/src/Illuminate/Pipeline/Pipeline.php(209): Illuminate\\Foundation\\Http\\Middleware\\VerifyCsrfToken->handle(Object(Illuminate\\Http\\Request), Object(Closure))
#18 /Users/elijahisrael/Desktop/Projects/chil/LARAVELBACKENDCHIL/vendor/laravel/framework/src/Illuminate/View/Middleware/ShareErrorsFromSession.php(49): Illuminate\\Pipeline\\Pipeline->{closure:{closure:Illuminate\\Pipeline\\Pipeline::carry():184}:185}(Object(Illuminate\\Http\\Request))
#19 /Users/elijahisrael/Desktop/Projects/chil/LARAVELBACKENDCHIL/vendor/laravel/framework/src/Illuminate/Pipeline/Pipeline.php(209): Illuminate\\View\\Middleware\\ShareErrorsFromSession->handle(Object(Illuminate\\Http\\Request), Object(Closure))
#20 /Users/elijahisrael/Desktop/Projects/chil/LARAVELBACKENDCHIL/vendor/laravel/framework/src/Illuminate/Session/Middleware/StartSession.php(121): Illuminate\\Pipeline\\Pipeline->{closure:{closure:Illuminate\\Pipeline\\Pipeline::carry():184}:185}(Object(Illuminate\\Http\\Request))
#21 /Users/elijahisrael/Desktop/Projects/chil/LARAVELBACKENDCHIL/vendor/laravel/framework/src/Illuminate/Session/Middleware/StartSession.php(64): Illuminate\\Session\\Middleware\\StartSession->handleStatefulRequest(Object(Illuminate\\Http\\Request), Object(Illuminate\\Session\\Store), Object(Closure))
#22 /Users/elijahisrael/Desktop/Projects/chil/LARAVELBACKENDCHIL/vendor/laravel/framework/src/Illuminate/Pipeline/Pipeline.php(209): Illuminate\\Session\\Middleware\\StartSession->handle(Object(Illuminate\\Http\\Request), Object(Closure))
#23 /Users/elijahisrael/Desktop/Projects/chil/LARAVELBACKENDCHIL/vendor/laravel/framework/src/Illuminate/Cookie/Middleware/AddQueuedCookiesToResponse.php(37): Illuminate\\Pipeline\\Pipeline->{closure:{closure:Illuminate\\Pipeline\\Pipeline::carry():184}:185}(Object(Illuminate\\Http\\Request))
#24 /Users/elijahisrael/Desktop/Projects/chil/LARAVELBACKENDCHIL/vendor/laravel/framework/src/Illuminate/Pipeline/Pipeline.php(209): Illuminate\\Cookie\\Middleware\\AddQueuedCookiesToResponse->handle(Object(Illuminate\\Http\\Request), Object(Closure))
#25 /Users/elijahisrael/Desktop/Projects/chil/LARAVELBACKENDCHIL/vendor/laravel/framework/src/Illuminate/Cookie/Middleware/EncryptCookies.php(75): Illuminate\\Pipeline\\Pipeline->{closure:{closure:Illuminate\\Pipeline\\Pipeline::carry():184}:185}(Object(Illuminate\\Http\\Request))
#26 /Users/elijahisrael/Desktop/Projects/chil/LARAVELBACKENDCHIL/vendor/laravel/framework/src/Illuminate/Pipeline/Pipeline.php(209): Illuminate\\Cookie\\Middleware\\EncryptCookies->handle(Object(Illuminate\\Http\\Request), Object(Closure))
#27 /Users/elijahisrael/Desktop/Projects/chil/LARAVELBACKENDCHIL/vendor/laravel/framework/src/Illuminate/Pipeline/Pipeline.php(127): Illuminate\\Pipeline\\Pipeline->{closure:{closure:Illuminate\\Pipeline\\Pipeline::carry():184}:185}(Object(Illuminate\\Http\\Request))
#28 /Users/elijahisrael/Desktop/Projects/chil/LARAVELBACKENDCHIL/vendor/laravel/framework/src/Illuminate/Routing/Router.php(807): Illuminate\\Pipeline\\Pipeline->then(Object(Closure))
#29 /Users/elijahisrael/Desktop/Projects/chil/LARAVELBACKENDCHIL/vendor/laravel/framework/src/Illuminate/Routing/Router.php(786): Illuminate\\Routing\\Router->runRouteWithinStack(Object(Illuminate\\Routing\\Route), Object(Illuminate\\Http\\Request))
#30 /Users/elijahisrael/Desktop/Projects/chil/LARAVELBACKENDCHIL/vendor/laravel/framework/src/Illuminate/Routing/Router.php(750): Illuminate\\Routing\\Router->runRoute(Object(Illuminate\\Http\\Request), Object(Illuminate\\Routing\\Route))
#31 /Users/elijahisrael/Desktop/Projects/chil/LARAVELBACKENDCHIL/vendor/laravel/framework/src/Illuminate/Routing/Router.php(739): Illuminate\\Routing\\Router->dispatchToRoute(Object(Illuminate\\Http\\Request))
#32 /Users/elijahisrael/Desktop/Projects/chil/LARAVELBACKENDCHIL/vendor/laravel/framework/src/Illuminate/Foundation/Http/Kernel.php(201): Illuminate\\Routing\\Router->dispatch(Object(Illuminate\\Http\\Request))
#33 /Users/elijahisrael/Desktop/Projects/chil/LARAVELBACKENDCHIL/vendor/laravel/framework/src/Illuminate/Pipeline/Pipeline.php(170): Illuminate\\Foundation\\Http\\Kernel->{closure:Illuminate\\Foundation\\Http\\Kernel::dispatchToRouter():198}(Object(Illuminate\\Http\\Request))
#34 /Users/elijahisrael/Desktop/Projects/chil/LARAVELBACKENDCHIL/vendor/livewire/livewire/src/Features/SupportDisablingBackButtonCache/DisableBackButtonCacheMiddleware.php(19): Illuminate\\Pipeline\\Pipeline->{closure:Illuminate\\Pipeline\\Pipeline::prepareDestination():168}(Object(Illuminate\\Http\\Request))
#35 /Users/elijahisrael/Desktop/Projects/chil/LARAVELBACKENDCHIL/vendor/laravel/framework/src/Illuminate/Pipeline/Pipeline.php(209): Livewire\\Features\\SupportDisablingBackButtonCache\\DisableBackButtonCacheMiddleware->handle(Object(Illuminate\\Http\\Request), Object(Closure))
#36 /Users/elijahisrael/Desktop/Projects/chil/LARAVELBACKENDCHIL/app/Http/Middleware/Cors.php(31): Illuminate\\Pipeline\\Pipeline->{closure:{closure:Illuminate\\Pipeline\\Pipeline::carry():184}:185}(Object(Illuminate\\Http\\Request))
#37 /Users/elijahisrael/Desktop/Projects/chil/LARAVELBACKENDCHIL/vendor/laravel/framework/src/Illuminate/Pipeline/Pipeline.php(209): App\\Http\\Middleware\\Cors->handle(Object(Illuminate\\Http\\Request), Object(Closure))
#38 /Users/elijahisrael/Desktop/Projects/chil/LARAVELBACKENDCHIL/vendor/laravel/framework/src/Illuminate/Http/Middleware/TrustProxies.php(58): Illuminate\\Pipeline\\Pipeline->{closure:{closure:Illuminate\\Pipeline\\Pipeline::carry():184}:185}(Object(Illuminate\\Http\\Request))
#39 /Users/elijahisrael/Desktop/Projects/chil/LARAVELBACKENDCHIL/vendor/laravel/framework/src/Illuminate/Pipeline/Pipeline.php(209): Illuminate\\Http\\Middleware\\TrustProxies->handle(Object(Illuminate\\Http\\Request), Object(Closure))
#40 /Users/elijahisrael/Desktop/Projects/chil/LARAVELBACKENDCHIL/vendor/laravel/framework/src/Illuminate/Foundation/Http/Middleware/TransformsRequest.php(21): Illuminate\\Pipeline\\Pipeline->{closure:{closure:Illuminate\\Pipeline\\Pipeline::carry():184}:185}(Object(Illuminate\\Http\\Request))
#41 /Users/elijahisrael/Desktop/Projects/chil/LARAVELBACKENDCHIL/vendor/laravel/framework/src/Illuminate/Foundation/Http/Middleware/ConvertEmptyStringsToNull.php(31): Illuminate\\Foundation\\Http\\Middleware\\TransformsRequest->handle(Object(Illuminate\\Http\\Request), Object(Closure))
#42 /Users/elijahisrael/Desktop/Projects/chil/LARAVELBACKENDCHIL/vendor/laravel/framework/src/Illuminate/Pipeline/Pipeline.php(209): Illuminate\\Foundation\\Http\\Middleware\\ConvertEmptyStringsToNull->handle(Object(Illuminate\\Http\\Request), Object(Closure))
#43 /Users/elijahisrael/Desktop/Projects/chil/LARAVELBACKENDCHIL/vendor/laravel/framework/src/Illuminate/Foundation/Http/Middleware/TransformsRequest.php(21): Illuminate\\Pipeline\\Pipeline->{closure:{closure:Illuminate\\Pipeline\\Pipeline::carry():184}:185}(Object(Illuminate\\Http\\Request))
#44 /Users/elijahisrael/Desktop/Projects/chil/LARAVELBACKENDCHIL/vendor/laravel/framework/src/Illuminate/Foundation/Http/Middleware/TrimStrings.php(51): Illuminate\\Foundation\\Http\\Middleware\\TransformsRequest->handle(Object(Illuminate\\Http\\Request), Object(Closure))
#45 /Users/elijahisrael/Desktop/Projects/chil/LARAVELBACKENDCHIL/vendor/laravel/framework/src/Illuminate/Pipeline/Pipeline.php(209): Illuminate\\Foundation\\Http\\Middleware\\TrimStrings->handle(Object(Illuminate\\Http\\Request), Object(Closure))
#46 /Users/elijahisrael/Desktop/Projects/chil/LARAVELBACKENDCHIL/vendor/laravel/framework/src/Illuminate/Http/Middleware/ValidatePostSize.php(27): Illuminate\\Pipeline\\Pipeline->{closure:{closure:Illuminate\\Pipeline\\Pipeline::carry():184}:185}(Object(Illuminate\\Http\\Request))
#47 /Users/elijahisrael/Desktop/Projects/chil/LARAVELBACKENDCHIL/vendor/laravel/framework/src/Illuminate/Pipeline/Pipeline.php(209): Illuminate\\Http\\Middleware\\ValidatePostSize->handle(Object(Illuminate\\Http\\Request), Object(Closure))
#48 /Users/elijahisrael/Desktop/Projects/chil/LARAVELBACKENDCHIL/vendor/laravel/framework/src/Illuminate/Foundation/Http/Middleware/PreventRequestsDuringMaintenance.php(110): Illuminate\\Pipeline\\Pipeline->{closure:{closure:Illuminate\\Pipeline\\Pipeline::carry():184}:185}(Object(Illuminate\\Http\\Request))
#49 /Users/elijahisrael/Desktop/Projects/chil/LARAVELBACKENDCHIL/vendor/laravel/framework/src/Illuminate/Pipeline/Pipeline.php(209): Illuminate\\Foundation\\Http\\Middleware\\PreventRequestsDuringMaintenance->handle(Object(Illuminate\\Http\\Request), Object(Closure))
#50 /Users/elijahisrael/Desktop/Projects/chil/LARAVELBACKENDCHIL/vendor/laravel/framework/src/Illuminate/Pipeline/Pipeline.php(127): Illuminate\\Pipeline\\Pipeline->{closure:{closure:Illuminate\\Pipeline\\Pipeline::carry():184}:185}(Object(Illuminate\\Http\\Request))
#51 /Users/elijahisrael/Desktop/Projects/chil/LARAVELBACKENDCHIL/vendor/laravel/framework/src/Illuminate/Foundation/Http/Kernel.php(176): Illuminate\\Pipeline\\Pipeline->then(Object(Closure))
#52 /Users/elijahisrael/Desktop/Projects/chil/LARAVELBACKENDCHIL/vendor/laravel/framework/src/Illuminate/Foundation/Http/Kernel.php(145): Illuminate\\Foundation\\Http\\Kernel->sendRequestThroughRouter(Object(Illuminate\\Http\\Request))
#53 /Users/elijahisrael/Desktop/Projects/chil/LARAVELBACKENDCHIL/public/index.php(54): Illuminate\\Foundation\\Http\\Kernel->handle(Object(Illuminate\\Http\\Request))
#54 /Users/elijahisrael/Desktop/Projects/chil/LARAVELBACKENDCHIL/server.php(21): require_once('/Users/elijahis...')
#55 {main}

[previous exception] [object] (ErrorException(code: 0): Undefined variable $students at /Users/elijahisrael/Desktop/Projects/chil/LARAVELBACKENDCHIL/storage/framework/views/4416501ec3c9aa76a323e066880bdf71.php:69)
[stacktrace]
#0 /Users/elijahisrael/Desktop/Projects/chil/LARAVELBACKENDCHIL/vendor/laravel/framework/src/Illuminate/Foundation/Bootstrap/HandleExceptions.php(256): Illuminate\\Foundation\\Bootstrap\\HandleExceptions->handleError(2, 'Undefined varia...', '/Users/elijahis...', 69)
#1 /Users/elijahisrael/Desktop/Projects/chil/LARAVELBACKENDCHIL/storage/framework/views/4416501ec3c9aa76a323e066880bdf71.php(69): Illuminate\\Foundation\\Bootstrap\\HandleExceptions->{closure:Illuminate\\Foundation\\Bootstrap\\HandleExceptions::forwardsTo():255}(2, 'Undefined varia...', '/Users/elijahis...', 69)
#2 /Users/elijahisrael/Desktop/Projects/chil/LARAVELBACKENDCHIL/vendor/laravel/framework/src/Illuminate/Filesystem/Filesystem.php(123): require('/Users/elijahis...')
#3 /Users/elijahisrael/Desktop/Projects/chil/LARAVELBACKENDCHIL/vendor/laravel/framework/src/Illuminate/Filesystem/Filesystem.php(124): Illuminate\\Filesystem\\Filesystem::{closure:Illuminate\\Filesystem\\Filesystem::getRequire():120}()
#4 /Users/elijahisrael/Desktop/Projects/chil/LARAVELBACKENDCHIL/vendor/laravel/framework/src/Illuminate/View/Engines/PhpEngine.php(58): Illuminate\\Filesystem\\Filesystem->getRequire('/Users/elijahis...', Array)
#5 /Users/elijahisrael/Desktop/Projects/chil/LARAVELBACKENDCHIL/vendor/livewire/livewire/src/Mechanisms/ExtendBlade/ExtendedCompilerEngine.php(22): Illuminate\\View\\Engines\\PhpEngine->evaluatePath('/Users/elijahis...', Array)
#6 /Users/elijahisrael/Desktop/Projects/chil/LARAVELBACKENDCHIL/vendor/laravel/framework/src/Illuminate/View/Engines/CompilerEngine.php(75): Livewire\\Mechanisms\\ExtendBlade\\ExtendedCompilerEngine->evaluatePath('/Users/elijahis...', Array)
#7 /Users/elijahisrael/Desktop/Projects/chil/LARAVELBACKENDCHIL/vendor/livewire/livewire/src/Mechanisms/ExtendBlade/ExtendedCompilerEngine.php(10): Illuminate\\View\\Engines\\CompilerEngine->get('/Users/elijahis...', Array)
#8 /Users/elijahisrael/Desktop/Projects/chil/LARAVELBACKENDCHIL/vendor/laravel/framework/src/Illuminate/View/View.php(209): Livewire\\Mechanisms\\ExtendBlade\\ExtendedCompilerEngine->get('/Users/elijahis...', Array)
#9 /Users/elijahisrael/Desktop/Projects/chil/LARAVELBACKENDCHIL/vendor/laravel/framework/src/Illuminate/View/View.php(192): Illuminate\\View\\View->getContents()
#10 /Users/elijahisrael/Desktop/Projects/chil/LARAVELBACKENDCHIL/vendor/laravel/framework/src/Illuminate/View/View.php(161): Illuminate\\View\\View->renderContents()
#11 /Users/elijahisrael/Desktop/Projects/chil/LARAVELBACKENDCHIL/vendor/laravel/framework/src/Illuminate/Http/Response.php(79): Illuminate\\View\\View->render()
#12 /Users/elijahisrael/Desktop/Projects/chil/LARAVELBACKENDCHIL/vendor/laravel/framework/src/Illuminate/Http/Response.php(35): Illuminate\\Http\\Response->setContent(Object(Illuminate\\View\\View))
#13 /Users/elijahisrael/Desktop/Projects/chil/LARAVELBACKENDCHIL/vendor/laravel/framework/src/Illuminate/Routing/Router.php(920): Illuminate\\Http\\Response->__construct(Object(Illuminate\\View\\View), 200, Array)
#14 /Users/elijahisrael/Desktop/Projects/chil/LARAVELBACKENDCHIL/vendor/laravel/framework/src/Illuminate/Routing/Router.php(887): Illuminate\\Routing\\Router::toResponse(Object(Illuminate\\Http\\Request), Object(Illuminate\\View\\View))
#15 /Users/elijahisrael/Desktop/Projects/chil/LARAVELBACKENDCHIL/vendor/laravel/framework/src/Illuminate/Routing/Router.php(807): Illuminate\\Routing\\Router->prepareResponse(Object(Illuminate\\Http\\Request), Object(Illuminate\\View\\View))
#16 /Users/elijahisrael/Desktop/Projects/chil/LARAVELBACKENDCHIL/vendor/laravel/framework/src/Illuminate/Pipeline/Pipeline.php(170): Illuminate\\Routing\\Router->{closure:Illuminate\\Routing\\Router::runRouteWithinStack():807}(Object(Illuminate\\Http\\Request))
#17 /Users/elijahisrael/Desktop/Projects/chil/LARAVELBACKENDCHIL/vendor/laravel/framework/src/Illuminate/Routing/Middleware/SubstituteBindings.php(51): Illuminate\\Pipeline\\Pipeline->{closure:Illuminate\\Pipeline\\Pipeline::prepareDestination():168}(Object(Illuminate\\Http\\Request))
#18 /Users/elijahisrael/Desktop/Projects/chil/LARAVELBACKENDCHIL/vendor/laravel/framework/src/Illuminate/Pipeline/Pipeline.php(209): Illuminate\\Routing\\Middleware\\SubstituteBindings->handle(Object(Illuminate\\Http\\Request), Object(Closure))
#19 /Users/elijahisrael/Desktop/Projects/chil/LARAVELBACKENDCHIL/vendor/laravel/framework/src/Illuminate/Foundation/Http/Middleware/VerifyCsrfToken.php(88): Illuminate\\Pipeline\\Pipeline->{closure:{closure:Illuminate\\Pipeline\\Pipeline::carry():184}:185}(Object(Illuminate\\Http\\Request))
#20 /Users/elijahisrael/Desktop/Projects/chil/LARAVELBACKENDCHIL/vendor/laravel/framework/src/Illuminate/Pipeline/Pipeline.php(209): Illuminate\\Foundation\\Http\\Middleware\\VerifyCsrfToken->handle(Object(Illuminate\\Http\\Request), Object(Closure))
#21 /Users/elijahisrael/Desktop/Projects/chil/LARAVELBACKENDCHIL/vendor/laravel/framework/src/Illuminate/View/Middleware/ShareErrorsFromSession.php(49): Illuminate\\Pipeline\\Pipeline->{closure:{closure:Illuminate\\Pipeline\\Pipeline::carry():184}:185}(Object(Illuminate\\Http\\Request))
#22 /Users/elijahisrael/Desktop/Projects/chil/LARAVELBACKENDCHIL/vendor/laravel/framework/src/Illuminate/Pipeline/Pipeline.php(209): Illuminate\\View\\Middleware\\ShareErrorsFromSession->handle(Object(Illuminate\\Http\\Request), Object(Closure))
#23 /Users/elijahisrael/Desktop/Projects/chil/LARAVELBACKENDCHIL/vendor/laravel/framework/src/Illuminate/Session/Middleware/StartSession.php(121): Illuminate\\Pipeline\\Pipeline->{closure:{closure:Illuminate\\Pipeline\\Pipeline::carry():184}:185}(Object(Illuminate\\Http\\Request))
#24 /Users/elijahisrael/Desktop/Projects/chil/LARAVELBACKENDCHIL/vendor/laravel/framework/src/Illuminate/Session/Middleware/StartSession.php(64): Illuminate\\Session\\Middleware\\StartSession->handleStatefulRequest(Object(Illuminate\\Http\\Request), Object(Illuminate\\Session\\Store), Object(Closure))
#25 /Users/elijahisrael/Desktop/Projects/chil/LARAVELBACKENDCHIL/vendor/laravel/framework/src/Illuminate/Pipeline/Pipeline.php(209): Illuminate\\Session\\Middleware\\StartSession->handle(Object(Illuminate\\Http\\Request), Object(Closure))
#26 /Users/elijahisrael/Desktop/Projects/chil/LARAVELBACKENDCHIL/vendor/laravel/framework/src/Illuminate/Cookie/Middleware/AddQueuedCookiesToResponse.php(37): Illuminate\\Pipeline\\Pipeline->{closure:{closure:Illuminate\\Pipeline\\Pipeline::carry():184}:185}(Object(Illuminate\\Http\\Request))
#27 /Users/elijahisrael/Desktop/Projects/chil/LARAVELBACKENDCHIL/vendor/laravel/framework/src/Illuminate/Pipeline/Pipeline.php(209): Illuminate\\Cookie\\Middleware\\AddQueuedCookiesToResponse->handle(Object(Illuminate\\Http\\Request), Object(Closure))
#28 /Users/elijahisrael/Desktop/Projects/chil/LARAVELBACKENDCHIL/vendor/laravel/framework/src/Illuminate/Cookie/Middleware/EncryptCookies.php(75): Illuminate\\Pipeline\\Pipeline->{closure:{closure:Illuminate\\Pipeline\\Pipeline::carry():184}:185}(Object(Illuminate\\Http\\Request))
#29 /Users/elijahisrael/Desktop/Projects/chil/LARAVELBACKENDCHIL/vendor/laravel/framework/src/Illuminate/Pipeline/Pipeline.php(209): Illuminate\\Cookie\\Middleware\\EncryptCookies->handle(Object(Illuminate\\Http\\Request), Object(Closure))
#30 /Users/elijahisrael/Desktop/Projects/chil/LARAVELBACKENDCHIL/vendor/laravel/framework/src/Illuminate/Pipeline/Pipeline.php(127): Illuminate\\Pipeline\\Pipeline->{closure:{closure:Illuminate\\Pipeline\\Pipeline::carry():184}:185}(Object(Illuminate\\Http\\Request))
#31 /Users/elijahisrael/Desktop/Projects/chil/LARAVELBACKENDCHIL/vendor/laravel/framework/src/Illuminate/Routing/Router.php(807): Illuminate\\Pipeline\\Pipeline->then(Object(Closure))
#32 /Users/elijahisrael/Desktop/Projects/chil/LARAVELBACKENDCHIL/vendor/laravel/framework/src/Illuminate/Routing/Router.php(786): Illuminate\\Routing\\Router->runRouteWithinStack(Object(Illuminate\\Routing\\Route), Object(Illuminate\\Http\\Request))
#33 /Users/elijahisrael/Desktop/Projects/chil/LARAVELBACKENDCHIL/vendor/laravel/framework/src/Illuminate/Routing/Router.php(750): Illuminate\\Routing\\Router->runRoute(Object(Illuminate\\Http\\Request), Object(Illuminate\\Routing\\Route))
#34 /Users/elijahisrael/Desktop/Projects/chil/LARAVELBACKENDCHIL/vendor/laravel/framework/src/Illuminate/Routing/Router.php(739): Illuminate\\Routing\\Router->dispatchToRoute(Object(Illuminate\\Http\\Request))
#35 /Users/elijahisrael/Desktop/Projects/chil/LARAVELBACKENDCHIL/vendor/laravel/framework/src/Illuminate/Foundation/Http/Kernel.php(201): Illuminate\\Routing\\Router->dispatch(Object(Illuminate\\Http\\Request))
#36 /Users/elijahisrael/Desktop/Projects/chil/LARAVELBACKENDCHIL/vendor/laravel/framework/src/Illuminate/Pipeline/Pipeline.php(170): Illuminate\\Foundation\\Http\\Kernel->{closure:Illuminate\\Foundation\\Http\\Kernel::dispatchToRouter():198}(Object(Illuminate\\Http\\Request))
#37 /Users/elijahisrael/Desktop/Projects/chil/LARAVELBACKENDCHIL/vendor/livewire/livewire/src/Features/SupportDisablingBackButtonCache/DisableBackButtonCacheMiddleware.php(19): Illuminate\\Pipeline\\Pipeline->{closure:Illuminate\\Pipeline\\Pipeline::prepareDestination():168}(Object(Illuminate\\Http\\Request))
#38 /Users/elijahisrael/Desktop/Projects/chil/LARAVELBACKENDCHIL/vendor/laravel/framework/src/Illuminate/Pipeline/Pipeline.php(209): Livewire\\Features\\SupportDisablingBackButtonCache\\DisableBackButtonCacheMiddleware->handle(Object(Illuminate\\Http\\Request), Object(Closure))
#39 /Users/elijahisrael/Desktop/Projects/chil/LARAVELBACKENDCHIL/app/Http/Middleware/Cors.php(31): Illuminate\\Pipeline\\Pipeline->{closure:{closure:Illuminate\\Pipeline\\Pipeline::carry():184}:185}(Object(Illuminate\\Http\\Request))
#40 /Users/elijahisrael/Desktop/Projects/chil/LARAVELBACKENDCHIL/vendor/laravel/framework/src/Illuminate/Pipeline/Pipeline.php(209): App\\Http\\Middleware\\Cors->handle(Object(Illuminate\\Http\\Request), Object(Closure))
#41 /Users/elijahisrael/Desktop/Projects/chil/LARAVELBACKENDCHIL/vendor/laravel/framework/src/Illuminate/Http/Middleware/TrustProxies.php(58): Illuminate\\Pipeline\\Pipeline->{closure:{closure:Illuminate\\Pipeline\\Pipeline::carry():184}:185}(Object(Illuminate\\Http\\Request))
#42 /Users/elijahisrael/Desktop/Projects/chil/LARAVELBACKENDCHIL/vendor/laravel/framework/src/Illuminate/Pipeline/Pipeline.php(209): Illuminate\\Http\\Middleware\\TrustProxies->handle(Object(Illuminate\\Http\\Request), Object(Closure))
#43 /Users/elijahisrael/Desktop/Projects/chil/LARAVELBACKENDCHIL/vendor/laravel/framework/src/Illuminate/Foundation/Http/Middleware/TransformsRequest.php(21): Illuminate\\Pipeline\\Pipeline->{closure:{closure:Illuminate\\Pipeline\\Pipeline::carry():184}:185}(Object(Illuminate\\Http\\Request))
#44 /Users/elijahisrael/Desktop/Projects/chil/LARAVELBACKENDCHIL/vendor/laravel/framework/src/Illuminate/Foundation/Http/Middleware/ConvertEmptyStringsToNull.php(31): Illuminate\\Foundation\\Http\\Middleware\\TransformsRequest->handle(Object(Illuminate\\Http\\Request), Object(Closure))
#45 /Users/elijahisrael/Desktop/Projects/chil/LARAVELBACKENDCHIL/vendor/laravel/framework/src/Illuminate/Pipeline/Pipeline.php(209): Illuminate\\Foundation\\Http\\Middleware\\ConvertEmptyStringsToNull->handle(Object(Illuminate\\Http\\Request), Object(Closure))
#46 /Users/elijahisrael/Desktop/Projects/chil/LARAVELBACKENDCHIL/vendor/laravel/framework/src/Illuminate/Foundation/Http/Middleware/TransformsRequest.php(21): Illuminate\\Pipeline\\Pipeline->{closure:{closure:Illuminate\\Pipeline\\Pipeline::carry():184}:185}(Object(Illuminate\\Http\\Request))
#47 /Users/elijahisrael/Desktop/Projects/chil/LARAVELBACKENDCHIL/vendor/laravel/framework/src/Illuminate/Foundation/Http/Middleware/TrimStrings.php(51): Illuminate\\Foundation\\Http\\Middleware\\TransformsRequest->handle(Object(Illuminate\\Http\\Request), Object(Closure))
#48 /Users/elijahisrael/Desktop/Projects/chil/LARAVELBACKENDCHIL/vendor/laravel/framework/src/Illuminate/Pipeline/Pipeline.php(209): Illuminate\\Foundation\\Http\\Middleware\\TrimStrings->handle(Object(Illuminate\\Http\\Request), Object(Closure))
#49 /Users/elijahisrael/Desktop/Projects/chil/LARAVELBACKENDCHIL/vendor/laravel/framework/src/Illuminate/Http/Middleware/ValidatePostSize.php(27): Illuminate\\Pipeline\\Pipeline->{closure:{closure:Illuminate\\Pipeline\\Pipeline::carry():184}:185}(Object(Illuminate\\Http\\Request))
#50 /Users/elijahisrael/Desktop/Projects/chil/LARAVELBACKENDCHIL/vendor/laravel/framework/src/Illuminate/Pipeline/Pipeline.php(209): Illuminate\\Http\\Middleware\\ValidatePostSize->handle(Object(Illuminate\\Http\\Request), Object(Closure))
#51 /Users/elijahisrael/Desktop/Projects/chil/LARAVELBACKENDCHIL/vendor/laravel/framework/src/Illuminate/Foundation/Http/Middleware/PreventRequestsDuringMaintenance.php(110): Illuminate\\Pipeline\\Pipeline->{closure:{closure:Illuminate\\Pipeline\\Pipeline::carry():184}:185}(Object(Illuminate\\Http\\Request))
#52 /Users/elijahisrael/Desktop/Projects/chil/LARAVELBACKENDCHIL/vendor/laravel/framework/src/Illuminate/Pipeline/Pipeline.php(209): Illuminate\\Foundation\\Http\\Middleware\\PreventRequestsDuringMaintenance->handle(Object(Illuminate\\Http\\Request), Object(Closure))
#53 /Users/elijahisrael/Desktop/Projects/chil/LARAVELBACKENDCHIL/vendor/laravel/framework/src/Illuminate/Pipeline/Pipeline.php(127): Illuminate\\Pipeline\\Pipeline->{closure:{closure:Illuminate\\Pipeline\\Pipeline::carry():184}:185}(Object(Illuminate\\Http\\Request))
#54 /Users/elijahisrael/Desktop/Projects/chil/LARAVELBACKENDCHIL/vendor/laravel/framework/src/Illuminate/Foundation/Http/Kernel.php(176): Illuminate\\Pipeline\\Pipeline->then(Object(Closure))
#55 /Users/elijahisrael/Desktop/Projects/chil/LARAVELBACKENDCHIL/vendor/laravel/framework/src/Illuminate/Foundation/Http/Kernel.php(145): Illuminate\\Foundation\\Http\\Kernel->sendRequestThroughRouter(Object(Illuminate\\Http\\Request))
#56 /Users/elijahisrael/Desktop/Projects/chil/LARAVELBACKENDCHIL/public/index.php(54): Illuminate\\Foundation\\Http\\Kernel->handle(Object(Illuminate\\Http\\Request))
#57 /Users/elijahisrael/Desktop/Projects/chil/LARAVELBACKENDCHIL/server.php(21): require_once('/Users/elijahis...')
#58 {main}
"} 
