[2025-10-01 11:14:04] local.ERROR: syntax error, unexpected token ";", expecting ")" (View: /Users/elijahisrael/Desktop/Projects/chil/LARAVELBACKENDCHIL/resources/views/layouts/sidebar.blade.php) (View: /Users/elijahisrael/Desktop/Projects/chil/LARAVELBACKENDCHIL/resources/views/layouts/sidebar.blade.php) (View: /Users/elijahisrael/Desktop/Projects/chil/LARAVELBACKENDCHIL/resources/views/layouts/sidebar.blade.php) {"exception":"[object] (Illuminate\\View\\ViewException(code: 0): syntax error, unexpected token \";\", expecting \")\" (View: /Users/elijahisrael/Desktop/Projects/chil/LARAVELBACKENDCHIL/resources/views/layouts/sidebar.blade.php) (View: /Users/elijahisrael/Desktop/Projects/chil/LARAVELBACKENDCHIL/resources/views/layouts/sidebar.blade.php) (View: /Users/elijahisrael/Desktop/Projects/chil/LARAVELBACKENDCHIL/resources/views/layouts/sidebar.blade.php) at /Users/elijahisrael/Desktop/Projects/chil/LARAVELBACKENDCHIL/storage/framework/views/c0667ced79c677f8fee0566ce64d6e5a.php:16)
[stacktrace]
#0 /Users/elijahisrael/Desktop/Projects/chil/LARAVELBACKENDCHIL/vendor/livewire/livewire/src/Mechanisms/ExtendBlade/ExtendedCompilerEngine.php(58): Illuminate\\View\\Engines\\CompilerEngine->handleViewException(Object(Illuminate\\View\\ViewException), 0)
#1 /Users/elijahisrael/Desktop/Projects/chil/LARAVELBACKENDCHIL/vendor/laravel/framework/src/Illuminate/View/Engines/PhpEngine.php(60): Livewire\\Mechanisms\\ExtendBlade\\ExtendedCompilerEngine->handleViewException(Object(Illuminate\\View\\ViewException), 0)
#2 /Users/elijahisrael/Desktop/Projects/chil/LARAVELBACKENDCHIL/vendor/livewire/livewire/src/Mechanisms/ExtendBlade/ExtendedCompilerEngine.php(22): Illuminate\\View\\Engines\\PhpEngine->evaluatePath('/Users/elijahis...', Array)
#3 /Users/elijahisrael/Desktop/Projects/chil/LARAVELBACKENDCHIL/vendor/laravel/framework/src/Illuminate/View/Engines/CompilerEngine.php(75): Livewire\\Mechanisms\\ExtendBlade\\ExtendedCompilerEngine->evaluatePath('/Users/elijahis...', Array)
#4 /Users/elijahisrael/Desktop/Projects/chil/LARAVELBACKENDCHIL/vendor/livewire/livewire/src/Mechanisms/ExtendBlade/ExtendedCompilerEngine.php(10): Illuminate\\View\\Engines\\CompilerEngine->get('/Users/elijahis...', Array)
#5 /Users/elijahisrael/Desktop/Projects/chil/LARAVELBACKENDCHIL/vendor/laravel/framework/src/Illuminate/View/View.php(209): Livewire\\Mechanisms\\ExtendBlade\\ExtendedCompilerEngine->get('/Users/elijahis...', Array)
#6 /Users/elijahisrael/Desktop/Projects/chil/LARAVELBACKENDCHIL/vendor/laravel/framework/src/Illuminate/View/View.php(192): Illuminate\\View\\View->getContents()
#7 /Users/elijahisrael/Desktop/Projects/chil/LARAVELBACKENDCHIL/vendor/laravel/framework/src/Illuminate/View/View.php(161): Illuminate\\View\\View->renderContents()
#8 /Users/elijahisrael/Desktop/Projects/chil/LARAVELBACKENDCHIL/vendor/laravel/framework/src/Illuminate/Http/Response.php(79): Illuminate\\View\\View->render()
#9 /Users/elijahisrael/Desktop/Projects/chil/LARAVELBACKENDCHIL/vendor/laravel/framework/src/Illuminate/Http/Response.php(35): Illuminate\\Http\\Response->setContent(Object(Illuminate\\View\\View))
#10 /Users/elijahisrael/Desktop/Projects/chil/LARAVELBACKENDCHIL/vendor/laravel/framework/src/Illuminate/Routing/Router.php(920): Illuminate\\Http\\Response->__construct(Object(Illuminate\\View\\View), 200, Array)
#11 /Users/elijahisrael/Desktop/Projects/chil/LARAVELBACKENDCHIL/vendor/laravel/framework/src/Illuminate/Routing/Router.php(887): Illuminate\\Routing\\Router::toResponse(Object(Illuminate\\Http\\Request), Object(Illuminate\\View\\View))
#12 /Users/elijahisrael/Desktop/Projects/chil/LARAVELBACKENDCHIL/vendor/laravel/framework/src/Illuminate/Routing/Router.php(807): Illuminate\\Routing\\Router->prepareResponse(Object(Illuminate\\Http\\Request), Object(Illuminate\\View\\View))
#13 /Users/elijahisrael/Desktop/Projects/chil/LARAVELBACKENDCHIL/vendor/laravel/framework/src/Illuminate/Pipeline/Pipeline.php(170): Illuminate\\Routing\\Router->{closure:Illuminate\\Routing\\Router::runRouteWithinStack():807}(Object(Illuminate\\Http\\Request))
#14 /Users/elijahisrael/Desktop/Projects/chil/LARAVELBACKENDCHIL/vendor/laravel/framework/src/Illuminate/Routing/Middleware/SubstituteBindings.php(51): Illuminate\\Pipeline\\Pipeline->{closure:Illuminate\\Pipeline\\Pipeline::prepareDestination():168}(Object(Illuminate\\Http\\Request))
#15 /Users/elijahisrael/Desktop/Projects/chil/LARAVELBACKENDCHIL/vendor/laravel/framework/src/Illuminate/Pipeline/Pipeline.php(209): Illuminate\\Routing\\Middleware\\SubstituteBindings->handle(Object(Illuminate\\Http\\Request), Object(Closure))
#16 /Users/elijahisrael/Desktop/Projects/chil/LARAVELBACKENDCHIL/vendor/laravel/framework/src/Illuminate/Foundation/Http/Middleware/VerifyCsrfToken.php(88): Illuminate\\Pipeline\\Pipeline->{closure:{closure:Illuminate\\Pipeline\\Pipeline::carry():184}:185}(Object(Illuminate\\Http\\Request))
#17 /Users/elijahisrael/Desktop/Projects/chil/LARAVELBACKENDCHIL/vendor/laravel/framework/src/Illuminate/Pipeline/Pipeline.php(209): Illuminate\\Foundation\\Http\\Middleware\\VerifyCsrfToken->handle(Object(Illuminate\\Http\\Request), Object(Closure))
#18 /Users/elijahisrael/Desktop/Projects/chil/LARAVELBACKENDCHIL/vendor/laravel/framework/src/Illuminate/View/Middleware/ShareErrorsFromSession.php(49): Illuminate\\Pipeline\\Pipeline->{closure:{closure:Illuminate\\Pipeline\\Pipeline::carry():184}:185}(Object(Illuminate\\Http\\Request))
#19 /Users/elijahisrael/Desktop/Projects/chil/LARAVELBACKENDCHIL/vendor/laravel/framework/src/Illuminate/Pipeline/Pipeline.php(209): Illuminate\\View\\Middleware\\ShareErrorsFromSession->handle(Object(Illuminate\\Http\\Request), Object(Closure))
#20 /Users/elijahisrael/Desktop/Projects/chil/LARAVELBACKENDCHIL/vendor/laravel/framework/src/Illuminate/Session/Middleware/StartSession.php(121): Illuminate\\Pipeline\\Pipeline->{closure:{closure:Illuminate\\Pipeline\\Pipeline::carry():184}:185}(Object(Illuminate\\Http\\Request))
#21 /Users/elijahisrael/Desktop/Projects/chil/LARAVELBACKENDCHIL/vendor/laravel/framework/src/Illuminate/Session/Middleware/StartSession.php(64): Illuminate\\Session\\Middleware\\StartSession->handleStatefulRequest(Object(Illuminate\\Http\\Request), Object(Illuminate\\Session\\Store), Object(Closure))
#22 /Users/elijahisrael/Desktop/Projects/chil/LARAVELBACKENDCHIL/vendor/laravel/framework/src/Illuminate/Pipeline/Pipeline.php(209): Illuminate\\Session\\Middleware\\StartSession->handle(Object(Illuminate\\Http\\Request), Object(Closure))
#23 /Users/elijahisrael/Desktop/Projects/chil/LARAVELBACKENDCHIL/vendor/laravel/framework/src/Illuminate/Cookie/Middleware/AddQueuedCookiesToResponse.php(37): Illuminate\\Pipeline\\Pipeline->{closure:{closure:Illuminate\\Pipeline\\Pipeline::carry():184}:185}(Object(Illuminate\\Http\\Request))
#24 /Users/elijahisrael/Desktop/Projects/chil/LARAVELBACKENDCHIL/vendor/laravel/framework/src/Illuminate/Pipeline/Pipeline.php(209): Illuminate\\Cookie\\Middleware\\AddQueuedCookiesToResponse->handle(Object(Illuminate\\Http\\Request), Object(Closure))
#25 /Users/elijahisrael/Desktop/Projects/chil/LARAVELBACKENDCHIL/vendor/laravel/framework/src/Illuminate/Cookie/Middleware/EncryptCookies.php(75): Illuminate\\Pipeline\\Pipeline->{closure:{closure:Illuminate\\Pipeline\\Pipeline::carry():184}:185}(Object(Illuminate\\Http\\Request))
#26 /Users/elijahisrael/Desktop/Projects/chil/LARAVELBACKENDCHIL/vendor/laravel/framework/src/Illuminate/Pipeline/Pipeline.php(209): Illuminate\\Cookie\\Middleware\\EncryptCookies->handle(Object(Illuminate\\Http\\Request), Object(Closure))
#27 /Users/elijahisrael/Desktop/Projects/chil/LARAVELBACKENDCHIL/vendor/laravel/framework/src/Illuminate/Pipeline/Pipeline.php(127): Illuminate\\Pipeline\\Pipeline->{closure:{closure:Illuminate\\Pipeline\\Pipeline::carry():184}:185}(Object(Illuminate\\Http\\Request))
#28 /Users/elijahisrael/Desktop/Projects/chil/LARAVELBACKENDCHIL/vendor/laravel/framework/src/Illuminate/Routing/Router.php(807): Illuminate\\Pipeline\\Pipeline->then(Object(Closure))
#29 /Users/elijahisrael/Desktop/Projects/chil/LARAVELBACKENDCHIL/vendor/laravel/framework/src/Illuminate/Routing/Router.php(786): Illuminate\\Routing\\Router->runRouteWithinStack(Object(Illuminate\\Routing\\Route), Object(Illuminate\\Http\\Request))
#30 /Users/elijahisrael/Desktop/Projects/chil/LARAVELBACKENDCHIL/vendor/laravel/framework/src/Illuminate/Routing/Router.php(750): Illuminate\\Routing\\Router->runRoute(Object(Illuminate\\Http\\Request), Object(Illuminate\\Routing\\Route))
#31 /Users/elijahisrael/Desktop/Projects/chil/LARAVELBACKENDCHIL/vendor/laravel/framework/src/Illuminate/Routing/Router.php(739): Illuminate\\Routing\\Router->dispatchToRoute(Object(Illuminate\\Http\\Request))
#32 /Users/elijahisrael/Desktop/Projects/chil/LARAVELBACKENDCHIL/vendor/laravel/framework/src/Illuminate/Foundation/Http/Kernel.php(201): Illuminate\\Routing\\Router->dispatch(Object(Illuminate\\Http\\Request))
#33 /Users/elijahisrael/Desktop/Projects/chil/LARAVELBACKENDCHIL/vendor/laravel/framework/src/Illuminate/Pipeline/Pipeline.php(170): Illuminate\\Foundation\\Http\\Kernel->{closure:Illuminate\\Foundation\\Http\\Kernel::dispatchToRouter():198}(Object(Illuminate\\Http\\Request))
#34 /Users/elijahisrael/Desktop/Projects/chil/LARAVELBACKENDCHIL/vendor/livewire/livewire/src/Features/SupportDisablingBackButtonCache/DisableBackButtonCacheMiddleware.php(19): Illuminate\\Pipeline\\Pipeline->{closure:Illuminate\\Pipeline\\Pipeline::prepareDestination():168}(Object(Illuminate\\Http\\Request))
#35 /Users/elijahisrael/Desktop/Projects/chil/LARAVELBACKENDCHIL/vendor/laravel/framework/src/Illuminate/Pipeline/Pipeline.php(209): Livewire\\Features\\SupportDisablingBackButtonCache\\DisableBackButtonCacheMiddleware->handle(Object(Illuminate\\Http\\Request), Object(Closure))
#36 /Users/elijahisrael/Desktop/Projects/chil/LARAVELBACKENDCHIL/app/Http/Middleware/Cors.php(31): Illuminate\\Pipeline\\Pipeline->{closure:{closure:Illuminate\\Pipeline\\Pipeline::carry():184}:185}(Object(Illuminate\\Http\\Request))
#37 /Users/elijahisrael/Desktop/Projects/chil/LARAVELBACKENDCHIL/vendor/laravel/framework/src/Illuminate/Pipeline/Pipeline.php(209): App\\Http\\Middleware\\Cors->handle(Object(Illuminate\\Http\\Request), Object(Closure))
#38 /Users/elijahisrael/Desktop/Projects/chil/LARAVELBACKENDCHIL/vendor/laravel/framework/src/Illuminate/Http/Middleware/TrustProxies.php(58): Illuminate\\Pipeline\\Pipeline->{closure:{closure:Illuminate\\Pipeline\\Pipeline::carry():184}:185}(Object(Illuminate\\Http\\Request))
#39 /Users/elijahisrael/Desktop/Projects/chil/LARAVELBACKENDCHIL/vendor/laravel/framework/src/Illuminate/Pipeline/Pipeline.php(209): Illuminate\\Http\\Middleware\\TrustProxies->handle(Object(Illuminate\\Http\\Request), Object(Closure))
#40 /Users/elijahisrael/Desktop/Projects/chil/LARAVELBACKENDCHIL/vendor/laravel/framework/src/Illuminate/Foundation/Http/Middleware/TransformsRequest.php(21): Illuminate\\Pipeline\\Pipeline->{closure:{closure:Illuminate\\Pipeline\\Pipeline::carry():184}:185}(Object(Illuminate\\Http\\Request))
#41 /Users/elijahisrael/Desktop/Projects/chil/LARAVELBACKENDCHIL/vendor/laravel/framework/src/Illuminate/Foundation/Http/Middleware/ConvertEmptyStringsToNull.php(31): Illuminate\\Foundation\\Http\\Middleware\\TransformsRequest->handle(Object(Illuminate\\Http\\Request), Object(Closure))
#42 /Users/elijahisrael/Desktop/Projects/chil/LARAVELBACKENDCHIL/vendor/laravel/framework/src/Illuminate/Pipeline/Pipeline.php(209): Illuminate\\Foundation\\Http\\Middleware\\ConvertEmptyStringsToNull->handle(Object(Illuminate\\Http\\Request), Object(Closure))
#43 /Users/elijahisrael/Desktop/Projects/chil/LARAVELBACKENDCHIL/vendor/laravel/framework/src/Illuminate/Foundation/Http/Middleware/TransformsRequest.php(21): Illuminate\\Pipeline\\Pipeline->{closure:{closure:Illuminate\\Pipeline\\Pipeline::carry():184}:185}(Object(Illuminate\\Http\\Request))
#44 /Users/elijahisrael/Desktop/Projects/chil/LARAVELBACKENDCHIL/vendor/laravel/framework/src/Illuminate/Foundation/Http/Middleware/TrimStrings.php(51): Illuminate\\Foundation\\Http\\Middleware\\TransformsRequest->handle(Object(Illuminate\\Http\\Request), Object(Closure))
#45 /Users/elijahisrael/Desktop/Projects/chil/LARAVELBACKENDCHIL/vendor/laravel/framework/src/Illuminate/Pipeline/Pipeline.php(209): Illuminate\\Foundation\\Http\\Middleware\\TrimStrings->handle(Object(Illuminate\\Http\\Request), Object(Closure))
#46 /Users/elijahisrael/Desktop/Projects/chil/LARAVELBACKENDCHIL/vendor/laravel/framework/src/Illuminate/Http/Middleware/ValidatePostSize.php(27): Illuminate\\Pipeline\\Pipeline->{closure:{closure:Illuminate\\Pipeline\\Pipeline::carry():184}:185}(Object(Illuminate\\Http\\Request))
#47 /Users/elijahisrael/Desktop/Projects/chil/LARAVELBACKENDCHIL/vendor/laravel/framework/src/Illuminate/Pipeline/Pipeline.php(209): Illuminate\\Http\\Middleware\\ValidatePostSize->handle(Object(Illuminate\\Http\\Request), Object(Closure))
#48 /Users/elijahisrael/Desktop/Projects/chil/LARAVELBACKENDCHIL/vendor/laravel/framework/src/Illuminate/Foundation/Http/Middleware/PreventRequestsDuringMaintenance.php(110): Illuminate\\Pipeline\\Pipeline->{closure:{closure:Illuminate\\Pipeline\\Pipeline::carry():184}:185}(Object(Illuminate\\Http\\Request))
#49 /Users/elijahisrael/Desktop/Projects/chil/LARAVELBACKENDCHIL/vendor/laravel/framework/src/Illuminate/Pipeline/Pipeline.php(209): Illuminate\\Foundation\\Http\\Middleware\\PreventRequestsDuringMaintenance->handle(Object(Illuminate\\Http\\Request), Object(Closure))
#50 /Users/elijahisrael/Desktop/Projects/chil/LARAVELBACKENDCHIL/vendor/laravel/framework/src/Illuminate/Pipeline/Pipeline.php(127): Illuminate\\Pipeline\\Pipeline->{closure:{closure:Illuminate\\Pipeline\\Pipeline::carry():184}:185}(Object(Illuminate\\Http\\Request))
#51 /Users/elijahisrael/Desktop/Projects/chil/LARAVELBACKENDCHIL/vendor/laravel/framework/src/Illuminate/Foundation/Http/Kernel.php(176): Illuminate\\Pipeline\\Pipeline->then(Object(Closure))
#52 /Users/elijahisrael/Desktop/Projects/chil/LARAVELBACKENDCHIL/vendor/laravel/framework/src/Illuminate/Foundation/Http/Kernel.php(145): Illuminate\\Foundation\\Http\\Kernel->sendRequestThroughRouter(Object(Illuminate\\Http\\Request))
#53 /Users/elijahisrael/Desktop/Projects/chil/LARAVELBACKENDCHIL/public/index.php(54): Illuminate\\Foundation\\Http\\Kernel->handle(Object(Illuminate\\Http\\Request))
#54 /Users/elijahisrael/Desktop/Projects/chil/LARAVELBACKENDCHIL/server.php(21): require_once('/Users/elijahis...')
#55 {main}

[previous exception] [object] (Illuminate\\View\\ViewException(code: 0): syntax error, unexpected token \";\", expecting \")\" (View: /Users/elijahisrael/Desktop/Projects/chil/LARAVELBACKENDCHIL/resources/views/layouts/sidebar.blade.php) (View: /Users/elijahisrael/Desktop/Projects/chil/LARAVELBACKENDCHIL/resources/views/layouts/sidebar.blade.php) at /Users/elijahisrael/Desktop/Projects/chil/LARAVELBACKENDCHIL/storage/framework/views/c0667ced79c677f8fee0566ce64d6e5a.php:16)
[stacktrace]
#0 /Users/elijahisrael/Desktop/Projects/chil/LARAVELBACKENDCHIL/vendor/livewire/livewire/src/Mechanisms/ExtendBlade/ExtendedCompilerEngine.php(58): Illuminate\\View\\Engines\\CompilerEngine->handleViewException(Object(Illuminate\\View\\ViewException), 1)
#1 /Users/elijahisrael/Desktop/Projects/chil/LARAVELBACKENDCHIL/vendor/laravel/framework/src/Illuminate/View/Engines/PhpEngine.php(60): Livewire\\Mechanisms\\ExtendBlade\\ExtendedCompilerEngine->handleViewException(Object(Illuminate\\View\\ViewException), 1)
#2 /Users/elijahisrael/Desktop/Projects/chil/LARAVELBACKENDCHIL/vendor/livewire/livewire/src/Mechanisms/ExtendBlade/ExtendedCompilerEngine.php(22): Illuminate\\View\\Engines\\PhpEngine->evaluatePath('/Users/elijahis...', Array)
#3 /Users/elijahisrael/Desktop/Projects/chil/LARAVELBACKENDCHIL/vendor/laravel/framework/src/Illuminate/View/Engines/CompilerEngine.php(75): Livewire\\Mechanisms\\ExtendBlade\\ExtendedCompilerEngine->evaluatePath('/Users/elijahis...', Array)
#4 /Users/elijahisrael/Desktop/Projects/chil/LARAVELBACKENDCHIL/vendor/livewire/livewire/src/Mechanisms/ExtendBlade/ExtendedCompilerEngine.php(10): Illuminate\\View\\Engines\\CompilerEngine->get('/Users/elijahis...', Array)
#5 /Users/elijahisrael/Desktop/Projects/chil/LARAVELBACKENDCHIL/vendor/laravel/framework/src/Illuminate/View/View.php(209): Livewire\\Mechanisms\\ExtendBlade\\ExtendedCompilerEngine->get('/Users/elijahis...', Array)
#6 /Users/elijahisrael/Desktop/Projects/chil/LARAVELBACKENDCHIL/vendor/laravel/framework/src/Illuminate/View/View.php(192): Illuminate\\View\\View->getContents()
#7 /Users/elijahisrael/Desktop/Projects/chil/LARAVELBACKENDCHIL/vendor/laravel/framework/src/Illuminate/View/View.php(161): Illuminate\\View\\View->renderContents()
#8 /Users/elijahisrael/Desktop/Projects/chil/LARAVELBACKENDCHIL/storage/framework/views/4416501ec3c9aa76a323e066880bdf71.php(100): Illuminate\\View\\View->render()
#9 /Users/elijahisrael/Desktop/Projects/chil/LARAVELBACKENDCHIL/vendor/laravel/framework/src/Illuminate/Filesystem/Filesystem.php(123): require('/Users/elijahis...')
#10 /Users/elijahisrael/Desktop/Projects/chil/LARAVELBACKENDCHIL/vendor/laravel/framework/src/Illuminate/Filesystem/Filesystem.php(124): Illuminate\\Filesystem\\Filesystem::{closure:Illuminate\\Filesystem\\Filesystem::getRequire():120}()
#11 /Users/elijahisrael/Desktop/Projects/chil/LARAVELBACKENDCHIL/vendor/laravel/framework/src/Illuminate/View/Engines/PhpEngine.php(58): Illuminate\\Filesystem\\Filesystem->getRequire('/Users/elijahis...', Array)
#12 /Users/elijahisrael/Desktop/Projects/chil/LARAVELBACKENDCHIL/vendor/livewire/livewire/src/Mechanisms/ExtendBlade/ExtendedCompilerEngine.php(22): Illuminate\\View\\Engines\\PhpEngine->evaluatePath('/Users/elijahis...', Array)
#13 /Users/elijahisrael/Desktop/Projects/chil/LARAVELBACKENDCHIL/vendor/laravel/framework/src/Illuminate/View/Engines/CompilerEngine.php(75): Livewire\\Mechanisms\\ExtendBlade\\ExtendedCompilerEngine->evaluatePath('/Users/elijahis...', Array)
#14 /Users/elijahisrael/Desktop/Projects/chil/LARAVELBACKENDCHIL/vendor/livewire/livewire/src/Mechanisms/ExtendBlade/ExtendedCompilerEngine.php(10): Illuminate\\View\\Engines\\CompilerEngine->get('/Users/elijahis...', Array)
#15 /Users/elijahisrael/Desktop/Projects/chil/LARAVELBACKENDCHIL/vendor/laravel/framework/src/Illuminate/View/View.php(209): Livewire\\Mechanisms\\ExtendBlade\\ExtendedCompilerEngine->get('/Users/elijahis...', Array)
#16 /Users/elijahisrael/Desktop/Projects/chil/LARAVELBACKENDCHIL/vendor/laravel/framework/src/Illuminate/View/View.php(192): Illuminate\\View\\View->getContents()
#17 /Users/elijahisrael/Desktop/Projects/chil/LARAVELBACKENDCHIL/vendor/laravel/framework/src/Illuminate/View/View.php(161): Illuminate\\View\\View->renderContents()
#18 /Users/elijahisrael/Desktop/Projects/chil/LARAVELBACKENDCHIL/vendor/laravel/framework/src/Illuminate/Http/Response.php(79): Illuminate\\View\\View->render()
#19 /Users/elijahisrael/Desktop/Projects/chil/LARAVELBACKENDCHIL/vendor/laravel/framework/src/Illuminate/Http/Response.php(35): Illuminate\\Http\\Response->setContent(Object(Illuminate\\View\\View))
#20 /Users/elijahisrael/Desktop/Projects/chil/LARAVELBACKENDCHIL/vendor/laravel/framework/src/Illuminate/Routing/Router.php(920): Illuminate\\Http\\Response->__construct(Object(Illuminate\\View\\View), 200, Array)
#21 /Users/elijahisrael/Desktop/Projects/chil/LARAVELBACKENDCHIL/vendor/laravel/framework/src/Illuminate/Routing/Router.php(887): Illuminate\\Routing\\Router::toResponse(Object(Illuminate\\Http\\Request), Object(Illuminate\\View\\View))
#22 /Users/elijahisrael/Desktop/Projects/chil/LARAVELBACKENDCHIL/vendor/laravel/framework/src/Illuminate/Routing/Router.php(807): Illuminate\\Routing\\Router->prepareResponse(Object(Illuminate\\Http\\Request), Object(Illuminate\\View\\View))
#23 /Users/elijahisrael/Desktop/Projects/chil/LARAVELBACKENDCHIL/vendor/laravel/framework/src/Illuminate/Pipeline/Pipeline.php(170): Illuminate\\Routing\\Router->{closure:Illuminate\\Routing\\Router::runRouteWithinStack():807}(Object(Illuminate\\Http\\Request))
#24 /Users/elijahisrael/Desktop/Projects/chil/LARAVELBACKENDCHIL/vendor/laravel/framework/src/Illuminate/Routing/Middleware/SubstituteBindings.php(51): Illuminate\\Pipeline\\Pipeline->{closure:Illuminate\\Pipeline\\Pipeline::prepareDestination():168}(Object(Illuminate\\Http\\Request))
#25 /Users/elijahisrael/Desktop/Projects/chil/LARAVELBACKENDCHIL/vendor/laravel/framework/src/Illuminate/Pipeline/Pipeline.php(209): Illuminate\\Routing\\Middleware\\SubstituteBindings->handle(Object(Illuminate\\Http\\Request), Object(Closure))
#26 /Users/elijahisrael/Desktop/Projects/chil/LARAVELBACKENDCHIL/vendor/laravel/framework/src/Illuminate/Foundation/Http/Middleware/VerifyCsrfToken.php(88): Illuminate\\Pipeline\\Pipeline->{closure:{closure:Illuminate\\Pipeline\\Pipeline::carry():184}:185}(Object(Illuminate\\Http\\Request))
#27 /Users/elijahisrael/Desktop/Projects/chil/LARAVELBACKENDCHIL/vendor/laravel/framework/src/Illuminate/Pipeline/Pipeline.php(209): Illuminate\\Foundation\\Http\\Middleware\\VerifyCsrfToken->handle(Object(Illuminate\\Http\\Request), Object(Closure))
#28 /Users/elijahisrael/Desktop/Projects/chil/LARAVELBACKENDCHIL/vendor/laravel/framework/src/Illuminate/View/Middleware/ShareErrorsFromSession.php(49): Illuminate\\Pipeline\\Pipeline->{closure:{closure:Illuminate\\Pipeline\\Pipeline::carry():184}:185}(Object(Illuminate\\Http\\Request))
#29 /Users/elijahisrael/Desktop/Projects/chil/LARAVELBACKENDCHIL/vendor/laravel/framework/src/Illuminate/Pipeline/Pipeline.php(209): Illuminate\\View\\Middleware\\ShareErrorsFromSession->handle(Object(Illuminate\\Http\\Request), Object(Closure))
#30 /Users/elijahisrael/Desktop/Projects/chil/LARAVELBACKENDCHIL/vendor/laravel/framework/src/Illuminate/Session/Middleware/StartSession.php(121): Illuminate\\Pipeline\\Pipeline->{closure:{closure:Illuminate\\Pipeline\\Pipeline::carry():184}:185}(Object(Illuminate\\Http\\Request))
#31 /Users/elijahisrael/Desktop/Projects/chil/LARAVELBACKENDCHIL/vendor/laravel/framework/src/Illuminate/Session/Middleware/StartSession.php(64): Illuminate\\Session\\Middleware\\StartSession->handleStatefulRequest(Object(Illuminate\\Http\\Request), Object(Illuminate\\Session\\Store), Object(Closure))
#32 /Users/elijahisrael/Desktop/Projects/chil/LARAVELBACKENDCHIL/vendor/laravel/framework/src/Illuminate/Pipeline/Pipeline.php(209): Illuminate\\Session\\Middleware\\StartSession->handle(Object(Illuminate\\Http\\Request), Object(Closure))
#33 /Users/elijahisrael/Desktop/Projects/chil/LARAVELBACKENDCHIL/vendor/laravel/framework/src/Illuminate/Cookie/Middleware/AddQueuedCookiesToResponse.php(37): Illuminate\\Pipeline\\Pipeline->{closure:{closure:Illuminate\\Pipeline\\Pipeline::carry():184}:185}(Object(Illuminate\\Http\\Request))
#34 /Users/elijahisrael/Desktop/Projects/chil/LARAVELBACKENDCHIL/vendor/laravel/framework/src/Illuminate/Pipeline/Pipeline.php(209): Illuminate\\Cookie\\Middleware\\AddQueuedCookiesToResponse->handle(Object(Illuminate\\Http\\Request), Object(Closure))
#35 /Users/elijahisrael/Desktop/Projects/chil/LARAVELBACKENDCHIL/vendor/laravel/framework/src/Illuminate/Cookie/Middleware/EncryptCookies.php(75): Illuminate\\Pipeline\\Pipeline->{closure:{closure:Illuminate\\Pipeline\\Pipeline::carry():184}:185}(Object(Illuminate\\Http\\Request))
#36 /Users/elijahisrael/Desktop/Projects/chil/LARAVELBACKENDCHIL/vendor/laravel/framework/src/Illuminate/Pipeline/Pipeline.php(209): Illuminate\\Cookie\\Middleware\\EncryptCookies->handle(Object(Illuminate\\Http\\Request), Object(Closure))
#37 /Users/elijahisrael/Desktop/Projects/chil/LARAVELBACKENDCHIL/vendor/laravel/framework/src/Illuminate/Pipeline/Pipeline.php(127): Illuminate\\Pipeline\\Pipeline->{closure:{closure:Illuminate\\Pipeline\\Pipeline::carry():184}:185}(Object(Illuminate\\Http\\Request))
#38 /Users/elijahisrael/Desktop/Projects/chil/LARAVELBACKENDCHIL/vendor/laravel/framework/src/Illuminate/Routing/Router.php(807): Illuminate\\Pipeline\\Pipeline->then(Object(Closure))
#39 /Users/elijahisrael/Desktop/Projects/chil/LARAVELBACKENDCHIL/vendor/laravel/framework/src/Illuminate/Routing/Router.php(786): Illuminate\\Routing\\Router->runRouteWithinStack(Object(Illuminate\\Routing\\Route), Object(Illuminate\\Http\\Request))
#40 /Users/elijahisrael/Desktop/Projects/chil/LARAVELBACKENDCHIL/vendor/laravel/framework/src/Illuminate/Routing/Router.php(750): Illuminate\\Routing\\Router->runRoute(Object(Illuminate\\Http\\Request), Object(Illuminate\\Routing\\Route))
#41 /Users/elijahisrael/Desktop/Projects/chil/LARAVELBACKENDCHIL/vendor/laravel/framework/src/Illuminate/Routing/Router.php(739): Illuminate\\Routing\\Router->dispatchToRoute(Object(Illuminate\\Http\\Request))
#42 /Users/elijahisrael/Desktop/Projects/chil/LARAVELBACKENDCHIL/vendor/laravel/framework/src/Illuminate/Foundation/Http/Kernel.php(201): Illuminate\\Routing\\Router->dispatch(Object(Illuminate\\Http\\Request))
#43 /Users/elijahisrael/Desktop/Projects/chil/LARAVELBACKENDCHIL/vendor/laravel/framework/src/Illuminate/Pipeline/Pipeline.php(170): Illuminate\\Foundation\\Http\\Kernel->{closure:Illuminate\\Foundation\\Http\\Kernel::dispatchToRouter():198}(Object(Illuminate\\Http\\Request))
#44 /Users/elijahisrael/Desktop/Projects/chil/LARAVELBACKENDCHIL/vendor/livewire/livewire/src/Features/SupportDisablingBackButtonCache/DisableBackButtonCacheMiddleware.php(19): Illuminate\\Pipeline\\Pipeline->{closure:Illuminate\\Pipeline\\Pipeline::prepareDestination():168}(Object(Illuminate\\Http\\Request))
#45 /Users/elijahisrael/Desktop/Projects/chil/LARAVELBACKENDCHIL/vendor/laravel/framework/src/Illuminate/Pipeline/Pipeline.php(209): Livewire\\Features\\SupportDisablingBackButtonCache\\DisableBackButtonCacheMiddleware->handle(Object(Illuminate\\Http\\Request), Object(Closure))
#46 /Users/elijahisrael/Desktop/Projects/chil/LARAVELBACKENDCHIL/app/Http/Middleware/Cors.php(31): Illuminate\\Pipeline\\Pipeline->{closure:{closure:Illuminate\\Pipeline\\Pipeline::carry():184}:185}(Object(Illuminate\\Http\\Request))
#47 /Users/elijahisrael/Desktop/Projects/chil/LARAVELBACKENDCHIL/vendor/laravel/framework/src/Illuminate/Pipeline/Pipeline.php(209): App\\Http\\Middleware\\Cors->handle(Object(Illuminate\\Http\\Request), Object(Closure))
#48 /Users/elijahisrael/Desktop/Projects/chil/LARAVELBACKENDCHIL/vendor/laravel/framework/src/Illuminate/Http/Middleware/TrustProxies.php(58): Illuminate\\Pipeline\\Pipeline->{closure:{closure:Illuminate\\Pipeline\\Pipeline::carry():184}:185}(Object(Illuminate\\Http\\Request))
#49 /Users/elijahisrael/Desktop/Projects/chil/LARAVELBACKENDCHIL/vendor/laravel/framework/src/Illuminate/Pipeline/Pipeline.php(209): Illuminate\\Http\\Middleware\\TrustProxies->handle(Object(Illuminate\\Http\\Request), Object(Closure))
#50 /Users/elijahisrael/Desktop/Projects/chil/LARAVELBACKENDCHIL/vendor/laravel/framework/src/Illuminate/Foundation/Http/Middleware/TransformsRequest.php(21): Illuminate\\Pipeline\\Pipeline->{closure:{closure:Illuminate\\Pipeline\\Pipeline::carry():184}:185}(Object(Illuminate\\Http\\Request))
#51 /Users/elijahisrael/Desktop/Projects/chil/LARAVELBACKENDCHIL/vendor/laravel/framework/src/Illuminate/Foundation/Http/Middleware/ConvertEmptyStringsToNull.php(31): Illuminate\\Foundation\\Http\\Middleware\\TransformsRequest->handle(Object(Illuminate\\Http\\Request), Object(Closure))
#52 /Users/elijahisrael/Desktop/Projects/chil/LARAVELBACKENDCHIL/vendor/laravel/framework/src/Illuminate/Pipeline/Pipeline.php(209): Illuminate\\Foundation\\Http\\Middleware\\ConvertEmptyStringsToNull->handle(Object(Illuminate\\Http\\Request), Object(Closure))
#53 /Users/elijahisrael/Desktop/Projects/chil/LARAVELBACKENDCHIL/vendor/laravel/framework/src/Illuminate/Foundation/Http/Middleware/TransformsRequest.php(21): Illuminate\\Pipeline\\Pipeline->{closure:{closure:Illuminate\\Pipeline\\Pipeline::carry():184}:185}(Object(Illuminate\\Http\\Request))
#54 /Users/elijahisrael/Desktop/Projects/chil/LARAVELBACKENDCHIL/vendor/laravel/framework/src/Illuminate/Foundation/Http/Middleware/TrimStrings.php(51): Illuminate\\Foundation\\Http\\Middleware\\TransformsRequest->handle(Object(Illuminate\\Http\\Request), Object(Closure))
#55 /Users/elijahisrael/Desktop/Projects/chil/LARAVELBACKENDCHIL/vendor/laravel/framework/src/Illuminate/Pipeline/Pipeline.php(209): Illuminate\\Foundation\\Http\\Middleware\\TrimStrings->handle(Object(Illuminate\\Http\\Request), Object(Closure))
#56 /Users/elijahisrael/Desktop/Projects/chil/LARAVELBACKENDCHIL/vendor/laravel/framework/src/Illuminate/Http/Middleware/ValidatePostSize.php(27): Illuminate\\Pipeline\\Pipeline->{closure:{closure:Illuminate\\Pipeline\\Pipeline::carry():184}:185}(Object(Illuminate\\Http\\Request))
#57 /Users/elijahisrael/Desktop/Projects/chil/LARAVELBACKENDCHIL/vendor/laravel/framework/src/Illuminate/Pipeline/Pipeline.php(209): Illuminate\\Http\\Middleware\\ValidatePostSize->handle(Object(Illuminate\\Http\\Request), Object(Closure))
#58 /Users/elijahisrael/Desktop/Projects/chil/LARAVELBACKENDCHIL/vendor/laravel/framework/src/Illuminate/Foundation/Http/Middleware/PreventRequestsDuringMaintenance.php(110): Illuminate\\Pipeline\\Pipeline->{closure:{closure:Illuminate\\Pipeline\\Pipeline::carry():184}:185}(Object(Illuminate\\Http\\Request))
#59 /Users/elijahisrael/Desktop/Projects/chil/LARAVELBACKENDCHIL/vendor/laravel/framework/src/Illuminate/Pipeline/Pipeline.php(209): Illuminate\\Foundation\\Http\\Middleware\\PreventRequestsDuringMaintenance->handle(Object(Illuminate\\Http\\Request), Object(Closure))
#60 /Users/elijahisrael/Desktop/Projects/chil/LARAVELBACKENDCHIL/vendor/laravel/framework/src/Illuminate/Pipeline/Pipeline.php(127): Illuminate\\Pipeline\\Pipeline->{closure:{closure:Illuminate\\Pipeline\\Pipeline::carry():184}:185}(Object(Illuminate\\Http\\Request))
#61 /Users/elijahisrael/Desktop/Projects/chil/LARAVELBACKENDCHIL/vendor/laravel/framework/src/Illuminate/Foundation/Http/Kernel.php(176): Illuminate\\Pipeline\\Pipeline->then(Object(Closure))
#62 /Users/elijahisrael/Desktop/Projects/chil/LARAVELBACKENDCHIL/vendor/laravel/framework/src/Illuminate/Foundation/Http/Kernel.php(145): Illuminate\\Foundation\\Http\\Kernel->sendRequestThroughRouter(Object(Illuminate\\Http\\Request))
#63 /Users/elijahisrael/Desktop/Projects/chil/LARAVELBACKENDCHIL/public/index.php(54): Illuminate\\Foundation\\Http\\Kernel->handle(Object(Illuminate\\Http\\Request))
#64 /Users/elijahisrael/Desktop/Projects/chil/LARAVELBACKENDCHIL/server.php(21): require_once('/Users/elijahis...')
#65 {main}

[previous exception] [object] (Illuminate\\View\\ViewException(code: 0): syntax error, unexpected token \";\", expecting \")\" (View: /Users/elijahisrael/Desktop/Projects/chil/LARAVELBACKENDCHIL/resources/views/layouts/sidebar.blade.php) at /Users/elijahisrael/Desktop/Projects/chil/LARAVELBACKENDCHIL/storage/framework/views/c0667ced79c677f8fee0566ce64d6e5a.php:16)
[stacktrace]
#0 /Users/elijahisrael/Desktop/Projects/chil/LARAVELBACKENDCHIL/vendor/livewire/livewire/src/Mechanisms/ExtendBlade/ExtendedCompilerEngine.php(58): Illuminate\\View\\Engines\\CompilerEngine->handleViewException(Object(ParseError), 2)
#1 /Users/elijahisrael/Desktop/Projects/chil/LARAVELBACKENDCHIL/vendor/laravel/framework/src/Illuminate/View/Engines/PhpEngine.php(60): Livewire\\Mechanisms\\ExtendBlade\\ExtendedCompilerEngine->handleViewException(Object(ParseError), 2)
#2 /Users/elijahisrael/Desktop/Projects/chil/LARAVELBACKENDCHIL/vendor/livewire/livewire/src/Mechanisms/ExtendBlade/ExtendedCompilerEngine.php(22): Illuminate\\View\\Engines\\PhpEngine->evaluatePath('/Users/elijahis...', Array)
#3 /Users/elijahisrael/Desktop/Projects/chil/LARAVELBACKENDCHIL/vendor/laravel/framework/src/Illuminate/View/Engines/CompilerEngine.php(75): Livewire\\Mechanisms\\ExtendBlade\\ExtendedCompilerEngine->evaluatePath('/Users/elijahis...', Array)
#4 /Users/elijahisrael/Desktop/Projects/chil/LARAVELBACKENDCHIL/vendor/livewire/livewire/src/Mechanisms/ExtendBlade/ExtendedCompilerEngine.php(10): Illuminate\\View\\Engines\\CompilerEngine->get('/Users/elijahis...', Array)
#5 /Users/elijahisrael/Desktop/Projects/chil/LARAVELBACKENDCHIL/vendor/laravel/framework/src/Illuminate/View/View.php(209): Livewire\\Mechanisms\\ExtendBlade\\ExtendedCompilerEngine->get('/Users/elijahis...', Array)
#6 /Users/elijahisrael/Desktop/Projects/chil/LARAVELBACKENDCHIL/vendor/laravel/framework/src/Illuminate/View/View.php(192): Illuminate\\View\\View->getContents()
#7 /Users/elijahisrael/Desktop/Projects/chil/LARAVELBACKENDCHIL/vendor/laravel/framework/src/Illuminate/View/View.php(161): Illuminate\\View\\View->renderContents()
#8 /Users/elijahisrael/Desktop/Projects/chil/LARAVELBACKENDCHIL/storage/framework/views/8543c75aea23cb66ed4e20af308d23ec.php(126): Illuminate\\View\\View->render()
#9 /Users/elijahisrael/Desktop/Projects/chil/LARAVELBACKENDCHIL/vendor/laravel/framework/src/Illuminate/Filesystem/Filesystem.php(123): require('/Users/elijahis...')
#10 /Users/elijahisrael/Desktop/Projects/chil/LARAVELBACKENDCHIL/vendor/laravel/framework/src/Illuminate/Filesystem/Filesystem.php(124): Illuminate\\Filesystem\\Filesystem::{closure:Illuminate\\Filesystem\\Filesystem::getRequire():120}()
#11 /Users/elijahisrael/Desktop/Projects/chil/LARAVELBACKENDCHIL/vendor/laravel/framework/src/Illuminate/View/Engines/PhpEngine.php(58): Illuminate\\Filesystem\\Filesystem->getRequire('/Users/elijahis...', Array)
#12 /Users/elijahisrael/Desktop/Projects/chil/LARAVELBACKENDCHIL/vendor/livewire/livewire/src/Mechanisms/ExtendBlade/ExtendedCompilerEngine.php(22): Illuminate\\View\\Engines\\PhpEngine->evaluatePath('/Users/elijahis...', Array)
#13 /Users/elijahisrael/Desktop/Projects/chil/LARAVELBACKENDCHIL/vendor/laravel/framework/src/Illuminate/View/Engines/CompilerEngine.php(75): Livewire\\Mechanisms\\ExtendBlade\\ExtendedCompilerEngine->evaluatePath('/Users/elijahis...', Array)
#14 /Users/elijahisrael/Desktop/Projects/chil/LARAVELBACKENDCHIL/vendor/livewire/livewire/src/Mechanisms/ExtendBlade/ExtendedCompilerEngine.php(10): Illuminate\\View\\Engines\\CompilerEngine->get('/Users/elijahis...', Array)
#15 /Users/elijahisrael/Desktop/Projects/chil/LARAVELBACKENDCHIL/vendor/laravel/framework/src/Illuminate/View/View.php(209): Livewire\\Mechanisms\\ExtendBlade\\ExtendedCompilerEngine->get('/Users/elijahis...', Array)
#16 /Users/elijahisrael/Desktop/Projects/chil/LARAVELBACKENDCHIL/vendor/laravel/framework/src/Illuminate/View/View.php(192): Illuminate\\View\\View->getContents()
#17 /Users/elijahisrael/Desktop/Projects/chil/LARAVELBACKENDCHIL/vendor/laravel/framework/src/Illuminate/View/View.php(161): Illuminate\\View\\View->renderContents()
#18 /Users/elijahisrael/Desktop/Projects/chil/LARAVELBACKENDCHIL/storage/framework/views/4416501ec3c9aa76a323e066880bdf71.php(100): Illuminate\\View\\View->render()
#19 /Users/elijahisrael/Desktop/Projects/chil/LARAVELBACKENDCHIL/vendor/laravel/framework/src/Illuminate/Filesystem/Filesystem.php(123): require('/Users/elijahis...')
#20 /Users/elijahisrael/Desktop/Projects/chil/LARAVELBACKENDCHIL/vendor/laravel/framework/src/Illuminate/Filesystem/Filesystem.php(124): Illuminate\\Filesystem\\Filesystem::{closure:Illuminate\\Filesystem\\Filesystem::getRequire():120}()
#21 /Users/elijahisrael/Desktop/Projects/chil/LARAVELBACKENDCHIL/vendor/laravel/framework/src/Illuminate/View/Engines/PhpEngine.php(58): Illuminate\\Filesystem\\Filesystem->getRequire('/Users/elijahis...', Array)
#22 /Users/elijahisrael/Desktop/Projects/chil/LARAVELBACKENDCHIL/vendor/livewire/livewire/src/Mechanisms/ExtendBlade/ExtendedCompilerEngine.php(22): Illuminate\\View\\Engines\\PhpEngine->evaluatePath('/Users/elijahis...', Array)
#23 /Users/elijahisrael/Desktop/Projects/chil/LARAVELBACKENDCHIL/vendor/laravel/framework/src/Illuminate/View/Engines/CompilerEngine.php(75): Livewire\\Mechanisms\\ExtendBlade\\ExtendedCompilerEngine->evaluatePath('/Users/elijahis...', Array)
#24 /Users/elijahisrael/Desktop/Projects/chil/LARAVELBACKENDCHIL/vendor/livewire/livewire/src/Mechanisms/ExtendBlade/ExtendedCompilerEngine.php(10): Illuminate\\View\\Engines\\CompilerEngine->get('/Users/elijahis...', Array)
#25 /Users/elijahisrael/Desktop/Projects/chil/LARAVELBACKENDCHIL/vendor/laravel/framework/src/Illuminate/View/View.php(209): Livewire\\Mechanisms\\ExtendBlade\\ExtendedCompilerEngine->get('/Users/elijahis...', Array)
#26 /Users/elijahisrael/Desktop/Projects/chil/LARAVELBACKENDCHIL/vendor/laravel/framework/src/Illuminate/View/View.php(192): Illuminate\\View\\View->getContents()
#27 /Users/elijahisrael/Desktop/Projects/chil/LARAVELBACKENDCHIL/vendor/laravel/framework/src/Illuminate/View/View.php(161): Illuminate\\View\\View->renderContents()
#28 /Users/elijahisrael/Desktop/Projects/chil/LARAVELBACKENDCHIL/vendor/laravel/framework/src/Illuminate/Http/Response.php(79): Illuminate\\View\\View->render()
#29 /Users/elijahisrael/Desktop/Projects/chil/LARAVELBACKENDCHIL/vendor/laravel/framework/src/Illuminate/Http/Response.php(35): Illuminate\\Http\\Response->setContent(Object(Illuminate\\View\\View))
#30 /Users/elijahisrael/Desktop/Projects/chil/LARAVELBACKENDCHIL/vendor/laravel/framework/src/Illuminate/Routing/Router.php(920): Illuminate\\Http\\Response->__construct(Object(Illuminate\\View\\View), 200, Array)
#31 /Users/elijahisrael/Desktop/Projects/chil/LARAVELBACKENDCHIL/vendor/laravel/framework/src/Illuminate/Routing/Router.php(887): Illuminate\\Routing\\Router::toResponse(Object(Illuminate\\Http\\Request), Object(Illuminate\\View\\View))
#32 /Users/elijahisrael/Desktop/Projects/chil/LARAVELBACKENDCHIL/vendor/laravel/framework/src/Illuminate/Routing/Router.php(807): Illuminate\\Routing\\Router->prepareResponse(Object(Illuminate\\Http\\Request), Object(Illuminate\\View\\View))
#33 /Users/elijahisrael/Desktop/Projects/chil/LARAVELBACKENDCHIL/vendor/laravel/framework/src/Illuminate/Pipeline/Pipeline.php(170): Illuminate\\Routing\\Router->{closure:Illuminate\\Routing\\Router::runRouteWithinStack():807}(Object(Illuminate\\Http\\Request))
#34 /Users/elijahisrael/Desktop/Projects/chil/LARAVELBACKENDCHIL/vendor/laravel/framework/src/Illuminate/Routing/Middleware/SubstituteBindings.php(51): Illuminate\\Pipeline\\Pipeline->{closure:Illuminate\\Pipeline\\Pipeline::prepareDestination():168}(Object(Illuminate\\Http\\Request))
#35 /Users/elijahisrael/Desktop/Projects/chil/LARAVELBACKENDCHIL/vendor/laravel/framework/src/Illuminate/Pipeline/Pipeline.php(209): Illuminate\\Routing\\Middleware\\SubstituteBindings->handle(Object(Illuminate\\Http\\Request), Object(Closure))
#36 /Users/elijahisrael/Desktop/Projects/chil/LARAVELBACKENDCHIL/vendor/laravel/framework/src/Illuminate/Foundation/Http/Middleware/VerifyCsrfToken.php(88): Illuminate\\Pipeline\\Pipeline->{closure:{closure:Illuminate\\Pipeline\\Pipeline::carry():184}:185}(Object(Illuminate\\Http\\Request))
#37 /Users/elijahisrael/Desktop/Projects/chil/LARAVELBACKENDCHIL/vendor/laravel/framework/src/Illuminate/Pipeline/Pipeline.php(209): Illuminate\\Foundation\\Http\\Middleware\\VerifyCsrfToken->handle(Object(Illuminate\\Http\\Request), Object(Closure))
#38 /Users/elijahisrael/Desktop/Projects/chil/LARAVELBACKENDCHIL/vendor/laravel/framework/src/Illuminate/View/Middleware/ShareErrorsFromSession.php(49): Illuminate\\Pipeline\\Pipeline->{closure:{closure:Illuminate\\Pipeline\\Pipeline::carry():184}:185}(Object(Illuminate\\Http\\Request))
#39 /Users/elijahisrael/Desktop/Projects/chil/LARAVELBACKENDCHIL/vendor/laravel/framework/src/Illuminate/Pipeline/Pipeline.php(209): Illuminate\\View\\Middleware\\ShareErrorsFromSession->handle(Object(Illuminate\\Http\\Request), Object(Closure))
#40 /Users/elijahisrael/Desktop/Projects/chil/LARAVELBACKENDCHIL/vendor/laravel/framework/src/Illuminate/Session/Middleware/StartSession.php(121): Illuminate\\Pipeline\\Pipeline->{closure:{closure:Illuminate\\Pipeline\\Pipeline::carry():184}:185}(Object(Illuminate\\Http\\Request))
#41 /Users/elijahisrael/Desktop/Projects/chil/LARAVELBACKENDCHIL/vendor/laravel/framework/src/Illuminate/Session/Middleware/StartSession.php(64): Illuminate\\Session\\Middleware\\StartSession->handleStatefulRequest(Object(Illuminate\\Http\\Request), Object(Illuminate\\Session\\Store), Object(Closure))
#42 /Users/elijahisrael/Desktop/Projects/chil/LARAVELBACKENDCHIL/vendor/laravel/framework/src/Illuminate/Pipeline/Pipeline.php(209): Illuminate\\Session\\Middleware\\StartSession->handle(Object(Illuminate\\Http\\Request), Object(Closure))
#43 /Users/elijahisrael/Desktop/Projects/chil/LARAVELBACKENDCHIL/vendor/laravel/framework/src/Illuminate/Cookie/Middleware/AddQueuedCookiesToResponse.php(37): Illuminate\\Pipeline\\Pipeline->{closure:{closure:Illuminate\\Pipeline\\Pipeline::carry():184}:185}(Object(Illuminate\\Http\\Request))
#44 /Users/elijahisrael/Desktop/Projects/chil/LARAVELBACKENDCHIL/vendor/laravel/framework/src/Illuminate/Pipeline/Pipeline.php(209): Illuminate\\Cookie\\Middleware\\AddQueuedCookiesToResponse->handle(Object(Illuminate\\Http\\Request), Object(Closure))
#45 /Users/elijahisrael/Desktop/Projects/chil/LARAVELBACKENDCHIL/vendor/laravel/framework/src/Illuminate/Cookie/Middleware/EncryptCookies.php(75): Illuminate\\Pipeline\\Pipeline->{closure:{closure:Illuminate\\Pipeline\\Pipeline::carry():184}:185}(Object(Illuminate\\Http\\Request))
#46 /Users/elijahisrael/Desktop/Projects/chil/LARAVELBACKENDCHIL/vendor/laravel/framework/src/Illuminate/Pipeline/Pipeline.php(209): Illuminate\\Cookie\\Middleware\\EncryptCookies->handle(Object(Illuminate\\Http\\Request), Object(Closure))
#47 /Users/elijahisrael/Desktop/Projects/chil/LARAVELBACKENDCHIL/vendor/laravel/framework/src/Illuminate/Pipeline/Pipeline.php(127): Illuminate\\Pipeline\\Pipeline->{closure:{closure:Illuminate\\Pipeline\\Pipeline::carry():184}:185}(Object(Illuminate\\Http\\Request))
#48 /Users/elijahisrael/Desktop/Projects/chil/LARAVELBACKENDCHIL/vendor/laravel/framework/src/Illuminate/Routing/Router.php(807): Illuminate\\Pipeline\\Pipeline->then(Object(Closure))
#49 /Users/elijahisrael/Desktop/Projects/chil/LARAVELBACKENDCHIL/vendor/laravel/framework/src/Illuminate/Routing/Router.php(786): Illuminate\\Routing\\Router->runRouteWithinStack(Object(Illuminate\\Routing\\Route), Object(Illuminate\\Http\\Request))
#50 /Users/elijahisrael/Desktop/Projects/chil/LARAVELBACKENDCHIL/vendor/laravel/framework/src/Illuminate/Routing/Router.php(750): Illuminate\\Routing\\Router->runRoute(Object(Illuminate\\Http\\Request), Object(Illuminate\\Routing\\Route))
#51 /Users/elijahisrael/Desktop/Projects/chil/LARAVELBACKENDCHIL/vendor/laravel/framework/src/Illuminate/Routing/Router.php(739): Illuminate\\Routing\\Router->dispatchToRoute(Object(Illuminate\\Http\\Request))
#52 /Users/elijahisrael/Desktop/Projects/chil/LARAVELBACKENDCHIL/vendor/laravel/framework/src/Illuminate/Foundation/Http/Kernel.php(201): Illuminate\\Routing\\Router->dispatch(Object(Illuminate\\Http\\Request))
#53 /Users/elijahisrael/Desktop/Projects/chil/LARAVELBACKENDCHIL/vendor/laravel/framework/src/Illuminate/Pipeline/Pipeline.php(170): Illuminate\\Foundation\\Http\\Kernel->{closure:Illuminate\\Foundation\\Http\\Kernel::dispatchToRouter():198}(Object(Illuminate\\Http\\Request))
#54 /Users/elijahisrael/Desktop/Projects/chil/LARAVELBACKENDCHIL/vendor/livewire/livewire/src/Features/SupportDisablingBackButtonCache/DisableBackButtonCacheMiddleware.php(19): Illuminate\\Pipeline\\Pipeline->{closure:Illuminate\\Pipeline\\Pipeline::prepareDestination():168}(Object(Illuminate\\Http\\Request))
#55 /Users/elijahisrael/Desktop/Projects/chil/LARAVELBACKENDCHIL/vendor/laravel/framework/src/Illuminate/Pipeline/Pipeline.php(209): Livewire\\Features\\SupportDisablingBackButtonCache\\DisableBackButtonCacheMiddleware->handle(Object(Illuminate\\Http\\Request), Object(Closure))
#56 /Users/elijahisrael/Desktop/Projects/chil/LARAVELBACKENDCHIL/app/Http/Middleware/Cors.php(31): Illuminate\\Pipeline\\Pipeline->{closure:{closure:Illuminate\\Pipeline\\Pipeline::carry():184}:185}(Object(Illuminate\\Http\\Request))
#57 /Users/elijahisrael/Desktop/Projects/chil/LARAVELBACKENDCHIL/vendor/laravel/framework/src/Illuminate/Pipeline/Pipeline.php(209): App\\Http\\Middleware\\Cors->handle(Object(Illuminate\\Http\\Request), Object(Closure))
#58 /Users/elijahisrael/Desktop/Projects/chil/LARAVELBACKENDCHIL/vendor/laravel/framework/src/Illuminate/Http/Middleware/TrustProxies.php(58): Illuminate\\Pipeline\\Pipeline->{closure:{closure:Illuminate\\Pipeline\\Pipeline::carry():184}:185}(Object(Illuminate\\Http\\Request))
#59 /Users/elijahisrael/Desktop/Projects/chil/LARAVELBACKENDCHIL/vendor/laravel/framework/src/Illuminate/Pipeline/Pipeline.php(209): Illuminate\\Http\\Middleware\\TrustProxies->handle(Object(Illuminate\\Http\\Request), Object(Closure))
#60 /Users/elijahisrael/Desktop/Projects/chil/LARAVELBACKENDCHIL/vendor/laravel/framework/src/Illuminate/Foundation/Http/Middleware/TransformsRequest.php(21): Illuminate\\Pipeline\\Pipeline->{closure:{closure:Illuminate\\Pipeline\\Pipeline::carry():184}:185}(Object(Illuminate\\Http\\Request))
#61 /Users/elijahisrael/Desktop/Projects/chil/LARAVELBACKENDCHIL/vendor/laravel/framework/src/Illuminate/Foundation/Http/Middleware/ConvertEmptyStringsToNull.php(31): Illuminate\\Foundation\\Http\\Middleware\\TransformsRequest->handle(Object(Illuminate\\Http\\Request), Object(Closure))
#62 /Users/elijahisrael/Desktop/Projects/chil/LARAVELBACKENDCHIL/vendor/laravel/framework/src/Illuminate/Pipeline/Pipeline.php(209): Illuminate\\Foundation\\Http\\Middleware\\ConvertEmptyStringsToNull->handle(Object(Illuminate\\Http\\Request), Object(Closure))
#63 /Users/elijahisrael/Desktop/Projects/chil/LARAVELBACKENDCHIL/vendor/laravel/framework/src/Illuminate/Foundation/Http/Middleware/TransformsRequest.php(21): Illuminate\\Pipeline\\Pipeline->{closure:{closure:Illuminate\\Pipeline\\Pipeline::carry():184}:185}(Object(Illuminate\\Http\\Request))
#64 /Users/elijahisrael/Desktop/Projects/chil/LARAVELBACKENDCHIL/vendor/laravel/framework/src/Illuminate/Foundation/Http/Middleware/TrimStrings.php(51): Illuminate\\Foundation\\Http\\Middleware\\TransformsRequest->handle(Object(Illuminate\\Http\\Request), Object(Closure))
#65 /Users/elijahisrael/Desktop/Projects/chil/LARAVELBACKENDCHIL/vendor/laravel/framework/src/Illuminate/Pipeline/Pipeline.php(209): Illuminate\\Foundation\\Http\\Middleware\\TrimStrings->handle(Object(Illuminate\\Http\\Request), Object(Closure))
#66 /Users/elijahisrael/Desktop/Projects/chil/LARAVELBACKENDCHIL/vendor/laravel/framework/src/Illuminate/Http/Middleware/ValidatePostSize.php(27): Illuminate\\Pipeline\\Pipeline->{closure:{closure:Illuminate\\Pipeline\\Pipeline::carry():184}:185}(Object(Illuminate\\Http\\Request))
#67 /Users/elijahisrael/Desktop/Projects/chil/LARAVELBACKENDCHIL/vendor/laravel/framework/src/Illuminate/Pipeline/Pipeline.php(209): Illuminate\\Http\\Middleware\\ValidatePostSize->handle(Object(Illuminate\\Http\\Request), Object(Closure))
#68 /Users/elijahisrael/Desktop/Projects/chil/LARAVELBACKENDCHIL/vendor/laravel/framework/src/Illuminate/Foundation/Http/Middleware/PreventRequestsDuringMaintenance.php(110): Illuminate\\Pipeline\\Pipeline->{closure:{closure:Illuminate\\Pipeline\\Pipeline::carry():184}:185}(Object(Illuminate\\Http\\Request))
#69 /Users/elijahisrael/Desktop/Projects/chil/LARAVELBACKENDCHIL/vendor/laravel/framework/src/Illuminate/Pipeline/Pipeline.php(209): Illuminate\\Foundation\\Http\\Middleware\\PreventRequestsDuringMaintenance->handle(Object(Illuminate\\Http\\Request), Object(Closure))
#70 /Users/elijahisrael/Desktop/Projects/chil/LARAVELBACKENDCHIL/vendor/laravel/framework/src/Illuminate/Pipeline/Pipeline.php(127): Illuminate\\Pipeline\\Pipeline->{closure:{closure:Illuminate\\Pipeline\\Pipeline::carry():184}:185}(Object(Illuminate\\Http\\Request))
#71 /Users/elijahisrael/Desktop/Projects/chil/LARAVELBACKENDCHIL/vendor/laravel/framework/src/Illuminate/Foundation/Http/Kernel.php(176): Illuminate\\Pipeline\\Pipeline->then(Object(Closure))
#72 /Users/elijahisrael/Desktop/Projects/chil/LARAVELBACKENDCHIL/vendor/laravel/framework/src/Illuminate/Foundation/Http/Kernel.php(145): Illuminate\\Foundation\\Http\\Kernel->sendRequestThroughRouter(Object(Illuminate\\Http\\Request))
#73 /Users/elijahisrael/Desktop/Projects/chil/LARAVELBACKENDCHIL/public/index.php(54): Illuminate\\Foundation\\Http\\Kernel->handle(Object(Illuminate\\Http\\Request))
#74 /Users/elijahisrael/Desktop/Projects/chil/LARAVELBACKENDCHIL/server.php(21): require_once('/Users/elijahis...')
#75 {main}

[previous exception] [object] (ParseError(code: 0): syntax error, unexpected token \";\", expecting \")\" at /Users/elijahisrael/Desktop/Projects/chil/LARAVELBACKENDCHIL/storage/framework/views/c0667ced79c677f8fee0566ce64d6e5a.php:16)
[stacktrace]
#0 /Users/elijahisrael/Desktop/Projects/chil/LARAVELBACKENDCHIL/vendor/laravel/framework/src/Illuminate/Filesystem/Filesystem.php(124): Illuminate\\Filesystem\\Filesystem::{closure:Illuminate\\Filesystem\\Filesystem::getRequire():120}()
#1 /Users/elijahisrael/Desktop/Projects/chil/LARAVELBACKENDCHIL/vendor/laravel/framework/src/Illuminate/View/Engines/PhpEngine.php(58): Illuminate\\Filesystem\\Filesystem->getRequire('/Users/elijahis...', Array)
#2 /Users/elijahisrael/Desktop/Projects/chil/LARAVELBACKENDCHIL/vendor/livewire/livewire/src/Mechanisms/ExtendBlade/ExtendedCompilerEngine.php(22): Illuminate\\View\\Engines\\PhpEngine->evaluatePath('/Users/elijahis...', Array)
#3 /Users/elijahisrael/Desktop/Projects/chil/LARAVELBACKENDCHIL/vendor/laravel/framework/src/Illuminate/View/Engines/CompilerEngine.php(75): Livewire\\Mechanisms\\ExtendBlade\\ExtendedCompilerEngine->evaluatePath('/Users/elijahis...', Array)
#4 /Users/elijahisrael/Desktop/Projects/chil/LARAVELBACKENDCHIL/vendor/livewire/livewire/src/Mechanisms/ExtendBlade/ExtendedCompilerEngine.php(10): Illuminate\\View\\Engines\\CompilerEngine->get('/Users/elijahis...', Array)
#5 /Users/elijahisrael/Desktop/Projects/chil/LARAVELBACKENDCHIL/vendor/laravel/framework/src/Illuminate/View/View.php(209): Livewire\\Mechanisms\\ExtendBlade\\ExtendedCompilerEngine->get('/Users/elijahis...', Array)
#6 /Users/elijahisrael/Desktop/Projects/chil/LARAVELBACKENDCHIL/vendor/laravel/framework/src/Illuminate/View/View.php(192): Illuminate\\View\\View->getContents()
#7 /Users/elijahisrael/Desktop/Projects/chil/LARAVELBACKENDCHIL/vendor/laravel/framework/src/Illuminate/View/View.php(161): Illuminate\\View\\View->renderContents()
#8 /Users/elijahisrael/Desktop/Projects/chil/LARAVELBACKENDCHIL/storage/framework/views/8543c75aea23cb66ed4e20af308d23ec.php(126): Illuminate\\View\\View->render()
#9 /Users/elijahisrael/Desktop/Projects/chil/LARAVELBACKENDCHIL/vendor/laravel/framework/src/Illuminate/Filesystem/Filesystem.php(123): require('/Users/elijahis...')
#10 /Users/elijahisrael/Desktop/Projects/chil/LARAVELBACKENDCHIL/vendor/laravel/framework/src/Illuminate/Filesystem/Filesystem.php(124): Illuminate\\Filesystem\\Filesystem::{closure:Illuminate\\Filesystem\\Filesystem::getRequire():120}()
#11 /Users/elijahisrael/Desktop/Projects/chil/LARAVELBACKENDCHIL/vendor/laravel/framework/src/Illuminate/View/Engines/PhpEngine.php(58): Illuminate\\Filesystem\\Filesystem->getRequire('/Users/elijahis...', Array)
#12 /Users/elijahisrael/Desktop/Projects/chil/LARAVELBACKENDCHIL/vendor/livewire/livewire/src/Mechanisms/ExtendBlade/ExtendedCompilerEngine.php(22): Illuminate\\View\\Engines\\PhpEngine->evaluatePath('/Users/elijahis...', Array)
#13 /Users/elijahisrael/Desktop/Projects/chil/LARAVELBACKENDCHIL/vendor/laravel/framework/src/Illuminate/View/Engines/CompilerEngine.php(75): Livewire\\Mechanisms\\ExtendBlade\\ExtendedCompilerEngine->evaluatePath('/Users/elijahis...', Array)
#14 /Users/elijahisrael/Desktop/Projects/chil/LARAVELBACKENDCHIL/vendor/livewire/livewire/src/Mechanisms/ExtendBlade/ExtendedCompilerEngine.php(10): Illuminate\\View\\Engines\\CompilerEngine->get('/Users/elijahis...', Array)
#15 /Users/elijahisrael/Desktop/Projects/chil/LARAVELBACKENDCHIL/vendor/laravel/framework/src/Illuminate/View/View.php(209): Livewire\\Mechanisms\\ExtendBlade\\ExtendedCompilerEngine->get('/Users/elijahis...', Array)
#16 /Users/elijahisrael/Desktop/Projects/chil/LARAVELBACKENDCHIL/vendor/laravel/framework/src/Illuminate/View/View.php(192): Illuminate\\View\\View->getContents()
#17 /Users/elijahisrael/Desktop/Projects/chil/LARAVELBACKENDCHIL/vendor/laravel/framework/src/Illuminate/View/View.php(161): Illuminate\\View\\View->renderContents()
#18 /Users/elijahisrael/Desktop/Projects/chil/LARAVELBACKENDCHIL/storage/framework/views/4416501ec3c9aa76a323e066880bdf71.php(100): Illuminate\\View\\View->render()
#19 /Users/elijahisrael/Desktop/Projects/chil/LARAVELBACKENDCHIL/vendor/laravel/framework/src/Illuminate/Filesystem/Filesystem.php(123): require('/Users/elijahis...')
#20 /Users/elijahisrael/Desktop/Projects/chil/LARAVELBACKENDCHIL/vendor/laravel/framework/src/Illuminate/Filesystem/Filesystem.php(124): Illuminate\\Filesystem\\Filesystem::{closure:Illuminate\\Filesystem\\Filesystem::getRequire():120}()
#21 /Users/elijahisrael/Desktop/Projects/chil/LARAVELBACKENDCHIL/vendor/laravel/framework/src/Illuminate/View/Engines/PhpEngine.php(58): Illuminate\\Filesystem\\Filesystem->getRequire('/Users/elijahis...', Array)
#22 /Users/elijahisrael/Desktop/Projects/chil/LARAVELBACKENDCHIL/vendor/livewire/livewire/src/Mechanisms/ExtendBlade/ExtendedCompilerEngine.php(22): Illuminate\\View\\Engines\\PhpEngine->evaluatePath('/Users/elijahis...', Array)
#23 /Users/elijahisrael/Desktop/Projects/chil/LARAVELBACKENDCHIL/vendor/laravel/framework/src/Illuminate/View/Engines/CompilerEngine.php(75): Livewire\\Mechanisms\\ExtendBlade\\ExtendedCompilerEngine->evaluatePath('/Users/elijahis...', Array)
#24 /Users/elijahisrael/Desktop/Projects/chil/LARAVELBACKENDCHIL/vendor/livewire/livewire/src/Mechanisms/ExtendBlade/ExtendedCompilerEngine.php(10): Illuminate\\View\\Engines\\CompilerEngine->get('/Users/elijahis...', Array)
#25 /Users/elijahisrael/Desktop/Projects/chil/LARAVELBACKENDCHIL/vendor/laravel/framework/src/Illuminate/View/View.php(209): Livewire\\Mechanisms\\ExtendBlade\\ExtendedCompilerEngine->get('/Users/elijahis...', Array)
#26 /Users/elijahisrael/Desktop/Projects/chil/LARAVELBACKENDCHIL/vendor/laravel/framework/src/Illuminate/View/View.php(192): Illuminate\\View\\View->getContents()
#27 /Users/elijahisrael/Desktop/Projects/chil/LARAVELBACKENDCHIL/vendor/laravel/framework/src/Illuminate/View/View.php(161): Illuminate\\View\\View->renderContents()
#28 /Users/elijahisrael/Desktop/Projects/chil/LARAVELBACKENDCHIL/vendor/laravel/framework/src/Illuminate/Http/Response.php(79): Illuminate\\View\\View->render()
#29 /Users/elijahisrael/Desktop/Projects/chil/LARAVELBACKENDCHIL/vendor/laravel/framework/src/Illuminate/Http/Response.php(35): Illuminate\\Http\\Response->setContent(Object(Illuminate\\View\\View))
#30 /Users/elijahisrael/Desktop/Projects/chil/LARAVELBACKENDCHIL/vendor/laravel/framework/src/Illuminate/Routing/Router.php(920): Illuminate\\Http\\Response->__construct(Object(Illuminate\\View\\View), 200, Array)
#31 /Users/elijahisrael/Desktop/Projects/chil/LARAVELBACKENDCHIL/vendor/laravel/framework/src/Illuminate/Routing/Router.php(887): Illuminate\\Routing\\Router::toResponse(Object(Illuminate\\Http\\Request), Object(Illuminate\\View\\View))
#32 /Users/elijahisrael/Desktop/Projects/chil/LARAVELBACKENDCHIL/vendor/laravel/framework/src/Illuminate/Routing/Router.php(807): Illuminate\\Routing\\Router->prepareResponse(Object(Illuminate\\Http\\Request), Object(Illuminate\\View\\View))
#33 /Users/elijahisrael/Desktop/Projects/chil/LARAVELBACKENDCHIL/vendor/laravel/framework/src/Illuminate/Pipeline/Pipeline.php(170): Illuminate\\Routing\\Router->{closure:Illuminate\\Routing\\Router::runRouteWithinStack():807}(Object(Illuminate\\Http\\Request))
#34 /Users/elijahisrael/Desktop/Projects/chil/LARAVELBACKENDCHIL/vendor/laravel/framework/src/Illuminate/Routing/Middleware/SubstituteBindings.php(51): Illuminate\\Pipeline\\Pipeline->{closure:Illuminate\\Pipeline\\Pipeline::prepareDestination():168}(Object(Illuminate\\Http\\Request))
#35 /Users/elijahisrael/Desktop/Projects/chil/LARAVELBACKENDCHIL/vendor/laravel/framework/src/Illuminate/Pipeline/Pipeline.php(209): Illuminate\\Routing\\Middleware\\SubstituteBindings->handle(Object(Illuminate\\Http\\Request), Object(Closure))
#36 /Users/elijahisrael/Desktop/Projects/chil/LARAVELBACKENDCHIL/vendor/laravel/framework/src/Illuminate/Foundation/Http/Middleware/VerifyCsrfToken.php(88): Illuminate\\Pipeline\\Pipeline->{closure:{closure:Illuminate\\Pipeline\\Pipeline::carry():184}:185}(Object(Illuminate\\Http\\Request))
#37 /Users/elijahisrael/Desktop/Projects/chil/LARAVELBACKENDCHIL/vendor/laravel/framework/src/Illuminate/Pipeline/Pipeline.php(209): Illuminate\\Foundation\\Http\\Middleware\\VerifyCsrfToken->handle(Object(Illuminate\\Http\\Request), Object(Closure))
#38 /Users/elijahisrael/Desktop/Projects/chil/LARAVELBACKENDCHIL/vendor/laravel/framework/src/Illuminate/View/Middleware/ShareErrorsFromSession.php(49): Illuminate\\Pipeline\\Pipeline->{closure:{closure:Illuminate\\Pipeline\\Pipeline::carry():184}:185}(Object(Illuminate\\Http\\Request))
#39 /Users/elijahisrael/Desktop/Projects/chil/LARAVELBACKENDCHIL/vendor/laravel/framework/src/Illuminate/Pipeline/Pipeline.php(209): Illuminate\\View\\Middleware\\ShareErrorsFromSession->handle(Object(Illuminate\\Http\\Request), Object(Closure))
#40 /Users/elijahisrael/Desktop/Projects/chil/LARAVELBACKENDCHIL/vendor/laravel/framework/src/Illuminate/Session/Middleware/StartSession.php(121): Illuminate\\Pipeline\\Pipeline->{closure:{closure:Illuminate\\Pipeline\\Pipeline::carry():184}:185}(Object(Illuminate\\Http\\Request))
#41 /Users/elijahisrael/Desktop/Projects/chil/LARAVELBACKENDCHIL/vendor/laravel/framework/src/Illuminate/Session/Middleware/StartSession.php(64): Illuminate\\Session\\Middleware\\StartSession->handleStatefulRequest(Object(Illuminate\\Http\\Request), Object(Illuminate\\Session\\Store), Object(Closure))
#42 /Users/elijahisrael/Desktop/Projects/chil/LARAVELBACKENDCHIL/vendor/laravel/framework/src/Illuminate/Pipeline/Pipeline.php(209): Illuminate\\Session\\Middleware\\StartSession->handle(Object(Illuminate\\Http\\Request), Object(Closure))
#43 /Users/elijahisrael/Desktop/Projects/chil/LARAVELBACKENDCHIL/vendor/laravel/framework/src/Illuminate/Cookie/Middleware/AddQueuedCookiesToResponse.php(37): Illuminate\\Pipeline\\Pipeline->{closure:{closure:Illuminate\\Pipeline\\Pipeline::carry():184}:185}(Object(Illuminate\\Http\\Request))
#44 /Users/elijahisrael/Desktop/Projects/chil/LARAVELBACKENDCHIL/vendor/laravel/framework/src/Illuminate/Pipeline/Pipeline.php(209): Illuminate\\Cookie\\Middleware\\AddQueuedCookiesToResponse->handle(Object(Illuminate\\Http\\Request), Object(Closure))
#45 /Users/elijahisrael/Desktop/Projects/chil/LARAVELBACKENDCHIL/vendor/laravel/framework/src/Illuminate/Cookie/Middleware/EncryptCookies.php(75): Illuminate\\Pipeline\\Pipeline->{closure:{closure:Illuminate\\Pipeline\\Pipeline::carry():184}:185}(Object(Illuminate\\Http\\Request))
#46 /Users/elijahisrael/Desktop/Projects/chil/LARAVELBACKENDCHIL/vendor/laravel/framework/src/Illuminate/Pipeline/Pipeline.php(209): Illuminate\\Cookie\\Middleware\\EncryptCookies->handle(Object(Illuminate\\Http\\Request), Object(Closure))
#47 /Users/elijahisrael/Desktop/Projects/chil/LARAVELBACKENDCHIL/vendor/laravel/framework/src/Illuminate/Pipeline/Pipeline.php(127): Illuminate\\Pipeline\\Pipeline->{closure:{closure:Illuminate\\Pipeline\\Pipeline::carry():184}:185}(Object(Illuminate\\Http\\Request))
#48 /Users/elijahisrael/Desktop/Projects/chil/LARAVELBACKENDCHIL/vendor/laravel/framework/src/Illuminate/Routing/Router.php(807): Illuminate\\Pipeline\\Pipeline->then(Object(Closure))
#49 /Users/elijahisrael/Desktop/Projects/chil/LARAVELBACKENDCHIL/vendor/laravel/framework/src/Illuminate/Routing/Router.php(786): Illuminate\\Routing\\Router->runRouteWithinStack(Object(Illuminate\\Routing\\Route), Object(Illuminate\\Http\\Request))
#50 /Users/elijahisrael/Desktop/Projects/chil/LARAVELBACKENDCHIL/vendor/laravel/framework/src/Illuminate/Routing/Router.php(750): Illuminate\\Routing\\Router->runRoute(Object(Illuminate\\Http\\Request), Object(Illuminate\\Routing\\Route))
#51 /Users/elijahisrael/Desktop/Projects/chil/LARAVELBACKENDCHIL/vendor/laravel/framework/src/Illuminate/Routing/Router.php(739): Illuminate\\Routing\\Router->dispatchToRoute(Object(Illuminate\\Http\\Request))
#52 /Users/elijahisrael/Desktop/Projects/chil/LARAVELBACKENDCHIL/vendor/laravel/framework/src/Illuminate/Foundation/Http/Kernel.php(201): Illuminate\\Routing\\Router->dispatch(Object(Illuminate\\Http\\Request))
#53 /Users/elijahisrael/Desktop/Projects/chil/LARAVELBACKENDCHIL/vendor/laravel/framework/src/Illuminate/Pipeline/Pipeline.php(170): Illuminate\\Foundation\\Http\\Kernel->{closure:Illuminate\\Foundation\\Http\\Kernel::dispatchToRouter():198}(Object(Illuminate\\Http\\Request))
#54 /Users/elijahisrael/Desktop/Projects/chil/LARAVELBACKENDCHIL/vendor/livewire/livewire/src/Features/SupportDisablingBackButtonCache/DisableBackButtonCacheMiddleware.php(19): Illuminate\\Pipeline\\Pipeline->{closure:Illuminate\\Pipeline\\Pipeline::prepareDestination():168}(Object(Illuminate\\Http\\Request))
#55 /Users/elijahisrael/Desktop/Projects/chil/LARAVELBACKENDCHIL/vendor/laravel/framework/src/Illuminate/Pipeline/Pipeline.php(209): Livewire\\Features\\SupportDisablingBackButtonCache\\DisableBackButtonCacheMiddleware->handle(Object(Illuminate\\Http\\Request), Object(Closure))
#56 /Users/elijahisrael/Desktop/Projects/chil/LARAVELBACKENDCHIL/app/Http/Middleware/Cors.php(31): Illuminate\\Pipeline\\Pipeline->{closure:{closure:Illuminate\\Pipeline\\Pipeline::carry():184}:185}(Object(Illuminate\\Http\\Request))
#57 /Users/elijahisrael/Desktop/Projects/chil/LARAVELBACKENDCHIL/vendor/laravel/framework/src/Illuminate/Pipeline/Pipeline.php(209): App\\Http\\Middleware\\Cors->handle(Object(Illuminate\\Http\\Request), Object(Closure))
#58 /Users/elijahisrael/Desktop/Projects/chil/LARAVELBACKENDCHIL/vendor/laravel/framework/src/Illuminate/Http/Middleware/TrustProxies.php(58): Illuminate\\Pipeline\\Pipeline->{closure:{closure:Illuminate\\Pipeline\\Pipeline::carry():184}:185}(Object(Illuminate\\Http\\Request))
#59 /Users/elijahisrael/Desktop/Projects/chil/LARAVELBACKENDCHIL/vendor/laravel/framework/src/Illuminate/Pipeline/Pipeline.php(209): Illuminate\\Http\\Middleware\\TrustProxies->handle(Object(Illuminate\\Http\\Request), Object(Closure))
#60 /Users/elijahisrael/Desktop/Projects/chil/LARAVELBACKENDCHIL/vendor/laravel/framework/src/Illuminate/Foundation/Http/Middleware/TransformsRequest.php(21): Illuminate\\Pipeline\\Pipeline->{closure:{closure:Illuminate\\Pipeline\\Pipeline::carry():184}:185}(Object(Illuminate\\Http\\Request))
#61 /Users/elijahisrael/Desktop/Projects/chil/LARAVELBACKENDCHIL/vendor/laravel/framework/src/Illuminate/Foundation/Http/Middleware/ConvertEmptyStringsToNull.php(31): Illuminate\\Foundation\\Http\\Middleware\\TransformsRequest->handle(Object(Illuminate\\Http\\Request), Object(Closure))
#62 /Users/elijahisrael/Desktop/Projects/chil/LARAVELBACKENDCHIL/vendor/laravel/framework/src/Illuminate/Pipeline/Pipeline.php(209): Illuminate\\Foundation\\Http\\Middleware\\ConvertEmptyStringsToNull->handle(Object(Illuminate\\Http\\Request), Object(Closure))
#63 /Users/elijahisrael/Desktop/Projects/chil/LARAVELBACKENDCHIL/vendor/laravel/framework/src/Illuminate/Foundation/Http/Middleware/TransformsRequest.php(21): Illuminate\\Pipeline\\Pipeline->{closure:{closure:Illuminate\\Pipeline\\Pipeline::carry():184}:185}(Object(Illuminate\\Http\\Request))
#64 /Users/elijahisrael/Desktop/Projects/chil/LARAVELBACKENDCHIL/vendor/laravel/framework/src/Illuminate/Foundation/Http/Middleware/TrimStrings.php(51): Illuminate\\Foundation\\Http\\Middleware\\TransformsRequest->handle(Object(Illuminate\\Http\\Request), Object(Closure))
#65 /Users/elijahisrael/Desktop/Projects/chil/LARAVELBACKENDCHIL/vendor/laravel/framework/src/Illuminate/Pipeline/Pipeline.php(209): Illuminate\\Foundation\\Http\\Middleware\\TrimStrings->handle(Object(Illuminate\\Http\\Request), Object(Closure))
#66 /Users/elijahisrael/Desktop/Projects/chil/LARAVELBACKENDCHIL/vendor/laravel/framework/src/Illuminate/Http/Middleware/ValidatePostSize.php(27): Illuminate\\Pipeline\\Pipeline->{closure:{closure:Illuminate\\Pipeline\\Pipeline::carry():184}:185}(Object(Illuminate\\Http\\Request))
#67 /Users/elijahisrael/Desktop/Projects/chil/LARAVELBACKENDCHIL/vendor/laravel/framework/src/Illuminate/Pipeline/Pipeline.php(209): Illuminate\\Http\\Middleware\\ValidatePostSize->handle(Object(Illuminate\\Http\\Request), Object(Closure))
#68 /Users/elijahisrael/Desktop/Projects/chil/LARAVELBACKENDCHIL/vendor/laravel/framework/src/Illuminate/Foundation/Http/Middleware/PreventRequestsDuringMaintenance.php(110): Illuminate\\Pipeline\\Pipeline->{closure:{closure:Illuminate\\Pipeline\\Pipeline::carry():184}:185}(Object(Illuminate\\Http\\Request))
#69 /Users/elijahisrael/Desktop/Projects/chil/LARAVELBACKENDCHIL/vendor/laravel/framework/src/Illuminate/Pipeline/Pipeline.php(209): Illuminate\\Foundation\\Http\\Middleware\\PreventRequestsDuringMaintenance->handle(Object(Illuminate\\Http\\Request), Object(Closure))
#70 /Users/elijahisrael/Desktop/Projects/chil/LARAVELBACKENDCHIL/vendor/laravel/framework/src/Illuminate/Pipeline/Pipeline.php(127): Illuminate\\Pipeline\\Pipeline->{closure:{closure:Illuminate\\Pipeline\\Pipeline::carry():184}:185}(Object(Illuminate\\Http\\Request))
#71 /Users/elijahisrael/Desktop/Projects/chil/LARAVELBACKENDCHIL/vendor/laravel/framework/src/Illuminate/Foundation/Http/Kernel.php(176): Illuminate\\Pipeline\\Pipeline->then(Object(Closure))
#72 /Users/elijahisrael/Desktop/Projects/chil/LARAVELBACKENDCHIL/vendor/laravel/framework/src/Illuminate/Foundation/Http/Kernel.php(145): Illuminate\\Foundation\\Http\\Kernel->sendRequestThroughRouter(Object(Illuminate\\Http\\Request))
#73 /Users/elijahisrael/Desktop/Projects/chil/LARAVELBACKENDCHIL/public/index.php(54): Illuminate\\Foundation\\Http\\Kernel->handle(Object(Illuminate\\Http\\Request))
#74 /Users/elijahisrael/Desktop/Projects/chil/LARAVELBACKENDCHIL/server.php(21): require_once('/Users/elijahis...')
#75 {main}
"} 
[2025-10-01 11:14:20] local.ERROR: Undefined variable $appointments (View: /Users/elijahisrael/Desktop/Projects/chil/LARAVELBACKENDCHIL/resources/views/book-doctor.blade.php) {"exception":"[object] (Illuminate\\View\\ViewException(code: 0): Undefined variable $appointments (View: /Users/elijahisrael/Desktop/Projects/chil/LARAVELBACKENDCHIL/resources/views/book-doctor.blade.php) at /Users/elijahisrael/Desktop/Projects/chil/LARAVELBACKENDCHIL/storage/framework/views/ba982f6c52fa6d545b6d2f4cc9a1658d.php:10)
[stacktrace]
#0 /Users/elijahisrael/Desktop/Projects/chil/LARAVELBACKENDCHIL/vendor/livewire/livewire/src/Mechanisms/ExtendBlade/ExtendedCompilerEngine.php(58): Illuminate\\View\\Engines\\CompilerEngine->handleViewException(Object(ErrorException), 0)
#1 /Users/elijahisrael/Desktop/Projects/chil/LARAVELBACKENDCHIL/vendor/laravel/framework/src/Illuminate/View/Engines/PhpEngine.php(60): Livewire\\Mechanisms\\ExtendBlade\\ExtendedCompilerEngine->handleViewException(Object(ErrorException), 0)
#2 /Users/elijahisrael/Desktop/Projects/chil/LARAVELBACKENDCHIL/vendor/livewire/livewire/src/Mechanisms/ExtendBlade/ExtendedCompilerEngine.php(22): Illuminate\\View\\Engines\\PhpEngine->evaluatePath('/Users/elijahis...', Array)
#3 /Users/elijahisrael/Desktop/Projects/chil/LARAVELBACKENDCHIL/vendor/laravel/framework/src/Illuminate/View/Engines/CompilerEngine.php(75): Livewire\\Mechanisms\\ExtendBlade\\ExtendedCompilerEngine->evaluatePath('/Users/elijahis...', Array)
#4 /Users/elijahisrael/Desktop/Projects/chil/LARAVELBACKENDCHIL/vendor/livewire/livewire/src/Mechanisms/ExtendBlade/ExtendedCompilerEngine.php(10): Illuminate\\View\\Engines\\CompilerEngine->get('/Users/elijahis...', Array)
#5 /Users/elijahisrael/Desktop/Projects/chil/LARAVELBACKENDCHIL/vendor/laravel/framework/src/Illuminate/View/View.php(209): Livewire\\Mechanisms\\ExtendBlade\\ExtendedCompilerEngine->get('/Users/elijahis...', Array)
#6 /Users/elijahisrael/Desktop/Projects/chil/LARAVELBACKENDCHIL/vendor/laravel/framework/src/Illuminate/View/View.php(192): Illuminate\\View\\View->getContents()
#7 /Users/elijahisrael/Desktop/Projects/chil/LARAVELBACKENDCHIL/vendor/laravel/framework/src/Illuminate/View/View.php(161): Illuminate\\View\\View->renderContents()
#8 /Users/elijahisrael/Desktop/Projects/chil/LARAVELBACKENDCHIL/vendor/laravel/framework/src/Illuminate/Http/Response.php(79): Illuminate\\View\\View->render()
#9 /Users/elijahisrael/Desktop/Projects/chil/LARAVELBACKENDCHIL/vendor/laravel/framework/src/Illuminate/Http/Response.php(35): Illuminate\\Http\\Response->setContent(Object(Illuminate\\View\\View))
#10 /Users/elijahisrael/Desktop/Projects/chil/LARAVELBACKENDCHIL/vendor/laravel/framework/src/Illuminate/Routing/Router.php(920): Illuminate\\Http\\Response->__construct(Object(Illuminate\\View\\View), 200, Array)
#11 /Users/elijahisrael/Desktop/Projects/chil/LARAVELBACKENDCHIL/vendor/laravel/framework/src/Illuminate/Routing/Router.php(887): Illuminate\\Routing\\Router::toResponse(Object(Illuminate\\Http\\Request), Object(Illuminate\\View\\View))
#12 /Users/elijahisrael/Desktop/Projects/chil/LARAVELBACKENDCHIL/vendor/laravel/framework/src/Illuminate/Routing/Router.php(807): Illuminate\\Routing\\Router->prepareResponse(Object(Illuminate\\Http\\Request), Object(Illuminate\\View\\View))
#13 /Users/elijahisrael/Desktop/Projects/chil/LARAVELBACKENDCHIL/vendor/laravel/framework/src/Illuminate/Pipeline/Pipeline.php(170): Illuminate\\Routing\\Router->{closure:Illuminate\\Routing\\Router::runRouteWithinStack():807}(Object(Illuminate\\Http\\Request))
#14 /Users/elijahisrael/Desktop/Projects/chil/LARAVELBACKENDCHIL/vendor/laravel/framework/src/Illuminate/Routing/Middleware/SubstituteBindings.php(51): Illuminate\\Pipeline\\Pipeline->{closure:Illuminate\\Pipeline\\Pipeline::prepareDestination():168}(Object(Illuminate\\Http\\Request))
#15 /Users/elijahisrael/Desktop/Projects/chil/LARAVELBACKENDCHIL/vendor/laravel/framework/src/Illuminate/Pipeline/Pipeline.php(209): Illuminate\\Routing\\Middleware\\SubstituteBindings->handle(Object(Illuminate\\Http\\Request), Object(Closure))
#16 /Users/elijahisrael/Desktop/Projects/chil/LARAVELBACKENDCHIL/vendor/laravel/framework/src/Illuminate/Foundation/Http/Middleware/VerifyCsrfToken.php(88): Illuminate\\Pipeline\\Pipeline->{closure:{closure:Illuminate\\Pipeline\\Pipeline::carry():184}:185}(Object(Illuminate\\Http\\Request))
#17 /Users/elijahisrael/Desktop/Projects/chil/LARAVELBACKENDCHIL/vendor/laravel/framework/src/Illuminate/Pipeline/Pipeline.php(209): Illuminate\\Foundation\\Http\\Middleware\\VerifyCsrfToken->handle(Object(Illuminate\\Http\\Request), Object(Closure))
#18 /Users/elijahisrael/Desktop/Projects/chil/LARAVELBACKENDCHIL/vendor/laravel/framework/src/Illuminate/View/Middleware/ShareErrorsFromSession.php(49): Illuminate\\Pipeline\\Pipeline->{closure:{closure:Illuminate\\Pipeline\\Pipeline::carry():184}:185}(Object(Illuminate\\Http\\Request))
#19 /Users/elijahisrael/Desktop/Projects/chil/LARAVELBACKENDCHIL/vendor/laravel/framework/src/Illuminate/Pipeline/Pipeline.php(209): Illuminate\\View\\Middleware\\ShareErrorsFromSession->handle(Object(Illuminate\\Http\\Request), Object(Closure))
#20 /Users/elijahisrael/Desktop/Projects/chil/LARAVELBACKENDCHIL/vendor/laravel/framework/src/Illuminate/Session/Middleware/StartSession.php(121): Illuminate\\Pipeline\\Pipeline->{closure:{closure:Illuminate\\Pipeline\\Pipeline::carry():184}:185}(Object(Illuminate\\Http\\Request))
#21 /Users/elijahisrael/Desktop/Projects/chil/LARAVELBACKENDCHIL/vendor/laravel/framework/src/Illuminate/Session/Middleware/StartSession.php(64): Illuminate\\Session\\Middleware\\StartSession->handleStatefulRequest(Object(Illuminate\\Http\\Request), Object(Illuminate\\Session\\Store), Object(Closure))
#22 /Users/elijahisrael/Desktop/Projects/chil/LARAVELBACKENDCHIL/vendor/laravel/framework/src/Illuminate/Pipeline/Pipeline.php(209): Illuminate\\Session\\Middleware\\StartSession->handle(Object(Illuminate\\Http\\Request), Object(Closure))
#23 /Users/elijahisrael/Desktop/Projects/chil/LARAVELBACKENDCHIL/vendor/laravel/framework/src/Illuminate/Cookie/Middleware/AddQueuedCookiesToResponse.php(37): Illuminate\\Pipeline\\Pipeline->{closure:{closure:Illuminate\\Pipeline\\Pipeline::carry():184}:185}(Object(Illuminate\\Http\\Request))
#24 /Users/elijahisrael/Desktop/Projects/chil/LARAVELBACKENDCHIL/vendor/laravel/framework/src/Illuminate/Pipeline/Pipeline.php(209): Illuminate\\Cookie\\Middleware\\AddQueuedCookiesToResponse->handle(Object(Illuminate\\Http\\Request), Object(Closure))
#25 /Users/elijahisrael/Desktop/Projects/chil/LARAVELBACKENDCHIL/vendor/laravel/framework/src/Illuminate/Cookie/Middleware/EncryptCookies.php(75): Illuminate\\Pipeline\\Pipeline->{closure:{closure:Illuminate\\Pipeline\\Pipeline::carry():184}:185}(Object(Illuminate\\Http\\Request))
#26 /Users/elijahisrael/Desktop/Projects/chil/LARAVELBACKENDCHIL/vendor/laravel/framework/src/Illuminate/Pipeline/Pipeline.php(209): Illuminate\\Cookie\\Middleware\\EncryptCookies->handle(Object(Illuminate\\Http\\Request), Object(Closure))
#27 /Users/elijahisrael/Desktop/Projects/chil/LARAVELBACKENDCHIL/vendor/laravel/framework/src/Illuminate/Pipeline/Pipeline.php(127): Illuminate\\Pipeline\\Pipeline->{closure:{closure:Illuminate\\Pipeline\\Pipeline::carry():184}:185}(Object(Illuminate\\Http\\Request))
#28 /Users/elijahisrael/Desktop/Projects/chil/LARAVELBACKENDCHIL/vendor/laravel/framework/src/Illuminate/Routing/Router.php(807): Illuminate\\Pipeline\\Pipeline->then(Object(Closure))
#29 /Users/elijahisrael/Desktop/Projects/chil/LARAVELBACKENDCHIL/vendor/laravel/framework/src/Illuminate/Routing/Router.php(786): Illuminate\\Routing\\Router->runRouteWithinStack(Object(Illuminate\\Routing\\Route), Object(Illuminate\\Http\\Request))
#30 /Users/elijahisrael/Desktop/Projects/chil/LARAVELBACKENDCHIL/vendor/laravel/framework/src/Illuminate/Routing/Router.php(750): Illuminate\\Routing\\Router->runRoute(Object(Illuminate\\Http\\Request), Object(Illuminate\\Routing\\Route))
#31 /Users/elijahisrael/Desktop/Projects/chil/LARAVELBACKENDCHIL/vendor/laravel/framework/src/Illuminate/Routing/Router.php(739): Illuminate\\Routing\\Router->dispatchToRoute(Object(Illuminate\\Http\\Request))
#32 /Users/elijahisrael/Desktop/Projects/chil/LARAVELBACKENDCHIL/vendor/laravel/framework/src/Illuminate/Foundation/Http/Kernel.php(201): Illuminate\\Routing\\Router->dispatch(Object(Illuminate\\Http\\Request))
#33 /Users/elijahisrael/Desktop/Projects/chil/LARAVELBACKENDCHIL/vendor/laravel/framework/src/Illuminate/Pipeline/Pipeline.php(170): Illuminate\\Foundation\\Http\\Kernel->{closure:Illuminate\\Foundation\\Http\\Kernel::dispatchToRouter():198}(Object(Illuminate\\Http\\Request))
#34 /Users/elijahisrael/Desktop/Projects/chil/LARAVELBACKENDCHIL/vendor/livewire/livewire/src/Features/SupportDisablingBackButtonCache/DisableBackButtonCacheMiddleware.php(19): Illuminate\\Pipeline\\Pipeline->{closure:Illuminate\\Pipeline\\Pipeline::prepareDestination():168}(Object(Illuminate\\Http\\Request))
#35 /Users/elijahisrael/Desktop/Projects/chil/LARAVELBACKENDCHIL/vendor/laravel/framework/src/Illuminate/Pipeline/Pipeline.php(209): Livewire\\Features\\SupportDisablingBackButtonCache\\DisableBackButtonCacheMiddleware->handle(Object(Illuminate\\Http\\Request), Object(Closure))
#36 /Users/elijahisrael/Desktop/Projects/chil/LARAVELBACKENDCHIL/app/Http/Middleware/Cors.php(31): Illuminate\\Pipeline\\Pipeline->{closure:{closure:Illuminate\\Pipeline\\Pipeline::carry():184}:185}(Object(Illuminate\\Http\\Request))
#37 /Users/elijahisrael/Desktop/Projects/chil/LARAVELBACKENDCHIL/vendor/laravel/framework/src/Illuminate/Pipeline/Pipeline.php(209): App\\Http\\Middleware\\Cors->handle(Object(Illuminate\\Http\\Request), Object(Closure))
#38 /Users/elijahisrael/Desktop/Projects/chil/LARAVELBACKENDCHIL/vendor/laravel/framework/src/Illuminate/Http/Middleware/TrustProxies.php(58): Illuminate\\Pipeline\\Pipeline->{closure:{closure:Illuminate\\Pipeline\\Pipeline::carry():184}:185}(Object(Illuminate\\Http\\Request))
#39 /Users/elijahisrael/Desktop/Projects/chil/LARAVELBACKENDCHIL/vendor/laravel/framework/src/Illuminate/Pipeline/Pipeline.php(209): Illuminate\\Http\\Middleware\\TrustProxies->handle(Object(Illuminate\\Http\\Request), Object(Closure))
#40 /Users/elijahisrael/Desktop/Projects/chil/LARAVELBACKENDCHIL/vendor/laravel/framework/src/Illuminate/Foundation/Http/Middleware/TransformsRequest.php(21): Illuminate\\Pipeline\\Pipeline->{closure:{closure:Illuminate\\Pipeline\\Pipeline::carry():184}:185}(Object(Illuminate\\Http\\Request))
#41 /Users/elijahisrael/Desktop/Projects/chil/LARAVELBACKENDCHIL/vendor/laravel/framework/src/Illuminate/Foundation/Http/Middleware/ConvertEmptyStringsToNull.php(31): Illuminate\\Foundation\\Http\\Middleware\\TransformsRequest->handle(Object(Illuminate\\Http\\Request), Object(Closure))
#42 /Users/elijahisrael/Desktop/Projects/chil/LARAVELBACKENDCHIL/vendor/laravel/framework/src/Illuminate/Pipeline/Pipeline.php(209): Illuminate\\Foundation\\Http\\Middleware\\ConvertEmptyStringsToNull->handle(Object(Illuminate\\Http\\Request), Object(Closure))
#43 /Users/elijahisrael/Desktop/Projects/chil/LARAVELBACKENDCHIL/vendor/laravel/framework/src/Illuminate/Foundation/Http/Middleware/TransformsRequest.php(21): Illuminate\\Pipeline\\Pipeline->{closure:{closure:Illuminate\\Pipeline\\Pipeline::carry():184}:185}(Object(Illuminate\\Http\\Request))
#44 /Users/elijahisrael/Desktop/Projects/chil/LARAVELBACKENDCHIL/vendor/laravel/framework/src/Illuminate/Foundation/Http/Middleware/TrimStrings.php(51): Illuminate\\Foundation\\Http\\Middleware\\TransformsRequest->handle(Object(Illuminate\\Http\\Request), Object(Closure))
#45 /Users/elijahisrael/Desktop/Projects/chil/LARAVELBACKENDCHIL/vendor/laravel/framework/src/Illuminate/Pipeline/Pipeline.php(209): Illuminate\\Foundation\\Http\\Middleware\\TrimStrings->handle(Object(Illuminate\\Http\\Request), Object(Closure))
#46 /Users/elijahisrael/Desktop/Projects/chil/LARAVELBACKENDCHIL/vendor/laravel/framework/src/Illuminate/Http/Middleware/ValidatePostSize.php(27): Illuminate\\Pipeline\\Pipeline->{closure:{closure:Illuminate\\Pipeline\\Pipeline::carry():184}:185}(Object(Illuminate\\Http\\Request))
#47 /Users/elijahisrael/Desktop/Projects/chil/LARAVELBACKENDCHIL/vendor/laravel/framework/src/Illuminate/Pipeline/Pipeline.php(209): Illuminate\\Http\\Middleware\\ValidatePostSize->handle(Object(Illuminate\\Http\\Request), Object(Closure))
#48 /Users/elijahisrael/Desktop/Projects/chil/LARAVELBACKENDCHIL/vendor/laravel/framework/src/Illuminate/Foundation/Http/Middleware/PreventRequestsDuringMaintenance.php(110): Illuminate\\Pipeline\\Pipeline->{closure:{closure:Illuminate\\Pipeline\\Pipeline::carry():184}:185}(Object(Illuminate\\Http\\Request))
#49 /Users/elijahisrael/Desktop/Projects/chil/LARAVELBACKENDCHIL/vendor/laravel/framework/src/Illuminate/Pipeline/Pipeline.php(209): Illuminate\\Foundation\\Http\\Middleware\\PreventRequestsDuringMaintenance->handle(Object(Illuminate\\Http\\Request), Object(Closure))
#50 /Users/elijahisrael/Desktop/Projects/chil/LARAVELBACKENDCHIL/vendor/laravel/framework/src/Illuminate/Pipeline/Pipeline.php(127): Illuminate\\Pipeline\\Pipeline->{closure:{closure:Illuminate\\Pipeline\\Pipeline::carry():184}:185}(Object(Illuminate\\Http\\Request))
#51 /Users/elijahisrael/Desktop/Projects/chil/LARAVELBACKENDCHIL/vendor/laravel/framework/src/Illuminate/Foundation/Http/Kernel.php(176): Illuminate\\Pipeline\\Pipeline->then(Object(Closure))
#52 /Users/elijahisrael/Desktop/Projects/chil/LARAVELBACKENDCHIL/vendor/laravel/framework/src/Illuminate/Foundation/Http/Kernel.php(145): Illuminate\\Foundation\\Http\\Kernel->sendRequestThroughRouter(Object(Illuminate\\Http\\Request))
#53 /Users/elijahisrael/Desktop/Projects/chil/LARAVELBACKENDCHIL/public/index.php(54): Illuminate\\Foundation\\Http\\Kernel->handle(Object(Illuminate\\Http\\Request))
#54 /Users/elijahisrael/Desktop/Projects/chil/LARAVELBACKENDCHIL/server.php(21): require_once('/Users/elijahis...')
#55 {main}

[previous exception] [object] (ErrorException(code: 0): Undefined variable $appointments at /Users/elijahisrael/Desktop/Projects/chil/LARAVELBACKENDCHIL/storage/framework/views/ba982f6c52fa6d545b6d2f4cc9a1658d.php:10)
[stacktrace]
#0 /Users/elijahisrael/Desktop/Projects/chil/LARAVELBACKENDCHIL/vendor/laravel/framework/src/Illuminate/Foundation/Bootstrap/HandleExceptions.php(256): Illuminate\\Foundation\\Bootstrap\\HandleExceptions->handleError(2, 'Undefined varia...', '/Users/elijahis...', 10)
#1 /Users/elijahisrael/Desktop/Projects/chil/LARAVELBACKENDCHIL/storage/framework/views/ba982f6c52fa6d545b6d2f4cc9a1658d.php(10): Illuminate\\Foundation\\Bootstrap\\HandleExceptions->{closure:Illuminate\\Foundation\\Bootstrap\\HandleExceptions::forwardsTo():255}(2, 'Undefined varia...', '/Users/elijahis...', 10)
#2 /Users/elijahisrael/Desktop/Projects/chil/LARAVELBACKENDCHIL/vendor/laravel/framework/src/Illuminate/Filesystem/Filesystem.php(123): require('/Users/elijahis...')
#3 /Users/elijahisrael/Desktop/Projects/chil/LARAVELBACKENDCHIL/vendor/laravel/framework/src/Illuminate/Filesystem/Filesystem.php(124): Illuminate\\Filesystem\\Filesystem::{closure:Illuminate\\Filesystem\\Filesystem::getRequire():120}()
#4 /Users/elijahisrael/Desktop/Projects/chil/LARAVELBACKENDCHIL/vendor/laravel/framework/src/Illuminate/View/Engines/PhpEngine.php(58): Illuminate\\Filesystem\\Filesystem->getRequire('/Users/elijahis...', Array)
#5 /Users/elijahisrael/Desktop/Projects/chil/LARAVELBACKENDCHIL/vendor/livewire/livewire/src/Mechanisms/ExtendBlade/ExtendedCompilerEngine.php(22): Illuminate\\View\\Engines\\PhpEngine->evaluatePath('/Users/elijahis...', Array)
#6 /Users/elijahisrael/Desktop/Projects/chil/LARAVELBACKENDCHIL/vendor/laravel/framework/src/Illuminate/View/Engines/CompilerEngine.php(75): Livewire\\Mechanisms\\ExtendBlade\\ExtendedCompilerEngine->evaluatePath('/Users/elijahis...', Array)
#7 /Users/elijahisrael/Desktop/Projects/chil/LARAVELBACKENDCHIL/vendor/livewire/livewire/src/Mechanisms/ExtendBlade/ExtendedCompilerEngine.php(10): Illuminate\\View\\Engines\\CompilerEngine->get('/Users/elijahis...', Array)
#8 /Users/elijahisrael/Desktop/Projects/chil/LARAVELBACKENDCHIL/vendor/laravel/framework/src/Illuminate/View/View.php(209): Livewire\\Mechanisms\\ExtendBlade\\ExtendedCompilerEngine->get('/Users/elijahis...', Array)
#9 /Users/elijahisrael/Desktop/Projects/chil/LARAVELBACKENDCHIL/vendor/laravel/framework/src/Illuminate/View/View.php(192): Illuminate\\View\\View->getContents()
#10 /Users/elijahisrael/Desktop/Projects/chil/LARAVELBACKENDCHIL/vendor/laravel/framework/src/Illuminate/View/View.php(161): Illuminate\\View\\View->renderContents()
#11 /Users/elijahisrael/Desktop/Projects/chil/LARAVELBACKENDCHIL/vendor/laravel/framework/src/Illuminate/Http/Response.php(79): Illuminate\\View\\View->render()
#12 /Users/elijahisrael/Desktop/Projects/chil/LARAVELBACKENDCHIL/vendor/laravel/framework/src/Illuminate/Http/Response.php(35): Illuminate\\Http\\Response->setContent(Object(Illuminate\\View\\View))
#13 /Users/elijahisrael/Desktop/Projects/chil/LARAVELBACKENDCHIL/vendor/laravel/framework/src/Illuminate/Routing/Router.php(920): Illuminate\\Http\\Response->__construct(Object(Illuminate\\View\\View), 200, Array)
#14 /Users/elijahisrael/Desktop/Projects/chil/LARAVELBACKENDCHIL/vendor/laravel/framework/src/Illuminate/Routing/Router.php(887): Illuminate\\Routing\\Router::toResponse(Object(Illuminate\\Http\\Request), Object(Illuminate\\View\\View))
#15 /Users/elijahisrael/Desktop/Projects/chil/LARAVELBACKENDCHIL/vendor/laravel/framework/src/Illuminate/Routing/Router.php(807): Illuminate\\Routing\\Router->prepareResponse(Object(Illuminate\\Http\\Request), Object(Illuminate\\View\\View))
#16 /Users/elijahisrael/Desktop/Projects/chil/LARAVELBACKENDCHIL/vendor/laravel/framework/src/Illuminate/Pipeline/Pipeline.php(170): Illuminate\\Routing\\Router->{closure:Illuminate\\Routing\\Router::runRouteWithinStack():807}(Object(Illuminate\\Http\\Request))
#17 /Users/elijahisrael/Desktop/Projects/chil/LARAVELBACKENDCHIL/vendor/laravel/framework/src/Illuminate/Routing/Middleware/SubstituteBindings.php(51): Illuminate\\Pipeline\\Pipeline->{closure:Illuminate\\Pipeline\\Pipeline::prepareDestination():168}(Object(Illuminate\\Http\\Request))
#18 /Users/elijahisrael/Desktop/Projects/chil/LARAVELBACKENDCHIL/vendor/laravel/framework/src/Illuminate/Pipeline/Pipeline.php(209): Illuminate\\Routing\\Middleware\\SubstituteBindings->handle(Object(Illuminate\\Http\\Request), Object(Closure))
#19 /Users/elijahisrael/Desktop/Projects/chil/LARAVELBACKENDCHIL/vendor/laravel/framework/src/Illuminate/Foundation/Http/Middleware/VerifyCsrfToken.php(88): Illuminate\\Pipeline\\Pipeline->{closure:{closure:Illuminate\\Pipeline\\Pipeline::carry():184}:185}(Object(Illuminate\\Http\\Request))
#20 /Users/elijahisrael/Desktop/Projects/chil/LARAVELBACKENDCHIL/vendor/laravel/framework/src/Illuminate/Pipeline/Pipeline.php(209): Illuminate\\Foundation\\Http\\Middleware\\VerifyCsrfToken->handle(Object(Illuminate\\Http\\Request), Object(Closure))
#21 /Users/elijahisrael/Desktop/Projects/chil/LARAVELBACKENDCHIL/vendor/laravel/framework/src/Illuminate/View/Middleware/ShareErrorsFromSession.php(49): Illuminate\\Pipeline\\Pipeline->{closure:{closure:Illuminate\\Pipeline\\Pipeline::carry():184}:185}(Object(Illuminate\\Http\\Request))
#22 /Users/elijahisrael/Desktop/Projects/chil/LARAVELBACKENDCHIL/vendor/laravel/framework/src/Illuminate/Pipeline/Pipeline.php(209): Illuminate\\View\\Middleware\\ShareErrorsFromSession->handle(Object(Illuminate\\Http\\Request), Object(Closure))
#23 /Users/elijahisrael/Desktop/Projects/chil/LARAVELBACKENDCHIL/vendor/laravel/framework/src/Illuminate/Session/Middleware/StartSession.php(121): Illuminate\\Pipeline\\Pipeline->{closure:{closure:Illuminate\\Pipeline\\Pipeline::carry():184}:185}(Object(Illuminate\\Http\\Request))
#24 /Users/elijahisrael/Desktop/Projects/chil/LARAVELBACKENDCHIL/vendor/laravel/framework/src/Illuminate/Session/Middleware/StartSession.php(64): Illuminate\\Session\\Middleware\\StartSession->handleStatefulRequest(Object(Illuminate\\Http\\Request), Object(Illuminate\\Session\\Store), Object(Closure))
#25 /Users/elijahisrael/Desktop/Projects/chil/LARAVELBACKENDCHIL/vendor/laravel/framework/src/Illuminate/Pipeline/Pipeline.php(209): Illuminate\\Session\\Middleware\\StartSession->handle(Object(Illuminate\\Http\\Request), Object(Closure))
#26 /Users/elijahisrael/Desktop/Projects/chil/LARAVELBACKENDCHIL/vendor/laravel/framework/src/Illuminate/Cookie/Middleware/AddQueuedCookiesToResponse.php(37): Illuminate\\Pipeline\\Pipeline->{closure:{closure:Illuminate\\Pipeline\\Pipeline::carry():184}:185}(Object(Illuminate\\Http\\Request))
#27 /Users/elijahisrael/Desktop/Projects/chil/LARAVELBACKENDCHIL/vendor/laravel/framework/src/Illuminate/Pipeline/Pipeline.php(209): Illuminate\\Cookie\\Middleware\\AddQueuedCookiesToResponse->handle(Object(Illuminate\\Http\\Request), Object(Closure))
#28 /Users/elijahisrael/Desktop/Projects/chil/LARAVELBACKENDCHIL/vendor/laravel/framework/src/Illuminate/Cookie/Middleware/EncryptCookies.php(75): Illuminate\\Pipeline\\Pipeline->{closure:{closure:Illuminate\\Pipeline\\Pipeline::carry():184}:185}(Object(Illuminate\\Http\\Request))
#29 /Users/elijahisrael/Desktop/Projects/chil/LARAVELBACKENDCHIL/vendor/laravel/framework/src/Illuminate/Pipeline/Pipeline.php(209): Illuminate\\Cookie\\Middleware\\EncryptCookies->handle(Object(Illuminate\\Http\\Request), Object(Closure))
#30 /Users/elijahisrael/Desktop/Projects/chil/LARAVELBACKENDCHIL/vendor/laravel/framework/src/Illuminate/Pipeline/Pipeline.php(127): Illuminate\\Pipeline\\Pipeline->{closure:{closure:Illuminate\\Pipeline\\Pipeline::carry():184}:185}(Object(Illuminate\\Http\\Request))
#31 /Users/elijahisrael/Desktop/Projects/chil/LARAVELBACKENDCHIL/vendor/laravel/framework/src/Illuminate/Routing/Router.php(807): Illuminate\\Pipeline\\Pipeline->then(Object(Closure))
#32 /Users/elijahisrael/Desktop/Projects/chil/LARAVELBACKENDCHIL/vendor/laravel/framework/src/Illuminate/Routing/Router.php(786): Illuminate\\Routing\\Router->runRouteWithinStack(Object(Illuminate\\Routing\\Route), Object(Illuminate\\Http\\Request))
#33 /Users/elijahisrael/Desktop/Projects/chil/LARAVELBACKENDCHIL/vendor/laravel/framework/src/Illuminate/Routing/Router.php(750): Illuminate\\Routing\\Router->runRoute(Object(Illuminate\\Http\\Request), Object(Illuminate\\Routing\\Route))
#34 /Users/elijahisrael/Desktop/Projects/chil/LARAVELBACKENDCHIL/vendor/laravel/framework/src/Illuminate/Routing/Router.php(739): Illuminate\\Routing\\Router->dispatchToRoute(Object(Illuminate\\Http\\Request))
#35 /Users/elijahisrael/Desktop/Projects/chil/LARAVELBACKENDCHIL/vendor/laravel/framework/src/Illuminate/Foundation/Http/Kernel.php(201): Illuminate\\Routing\\Router->dispatch(Object(Illuminate\\Http\\Request))
#36 /Users/elijahisrael/Desktop/Projects/chil/LARAVELBACKENDCHIL/vendor/laravel/framework/src/Illuminate/Pipeline/Pipeline.php(170): Illuminate\\Foundation\\Http\\Kernel->{closure:Illuminate\\Foundation\\Http\\Kernel::dispatchToRouter():198}(Object(Illuminate\\Http\\Request))
#37 /Users/elijahisrael/Desktop/Projects/chil/LARAVELBACKENDCHIL/vendor/livewire/livewire/src/Features/SupportDisablingBackButtonCache/DisableBackButtonCacheMiddleware.php(19): Illuminate\\Pipeline\\Pipeline->{closure:Illuminate\\Pipeline\\Pipeline::prepareDestination():168}(Object(Illuminate\\Http\\Request))
#38 /Users/elijahisrael/Desktop/Projects/chil/LARAVELBACKENDCHIL/vendor/laravel/framework/src/Illuminate/Pipeline/Pipeline.php(209): Livewire\\Features\\SupportDisablingBackButtonCache\\DisableBackButtonCacheMiddleware->handle(Object(Illuminate\\Http\\Request), Object(Closure))
#39 /Users/elijahisrael/Desktop/Projects/chil/LARAVELBACKENDCHIL/app/Http/Middleware/Cors.php(31): Illuminate\\Pipeline\\Pipeline->{closure:{closure:Illuminate\\Pipeline\\Pipeline::carry():184}:185}(Object(Illuminate\\Http\\Request))
#40 /Users/elijahisrael/Desktop/Projects/chil/LARAVELBACKENDCHIL/vendor/laravel/framework/src/Illuminate/Pipeline/Pipeline.php(209): App\\Http\\Middleware\\Cors->handle(Object(Illuminate\\Http\\Request), Object(Closure))
#41 /Users/elijahisrael/Desktop/Projects/chil/LARAVELBACKENDCHIL/vendor/laravel/framework/src/Illuminate/Http/Middleware/TrustProxies.php(58): Illuminate\\Pipeline\\Pipeline->{closure:{closure:Illuminate\\Pipeline\\Pipeline::carry():184}:185}(Object(Illuminate\\Http\\Request))
#42 /Users/elijahisrael/Desktop/Projects/chil/LARAVELBACKENDCHIL/vendor/laravel/framework/src/Illuminate/Pipeline/Pipeline.php(209): Illuminate\\Http\\Middleware\\TrustProxies->handle(Object(Illuminate\\Http\\Request), Object(Closure))
#43 /Users/elijahisrael/Desktop/Projects/chil/LARAVELBACKENDCHIL/vendor/laravel/framework/src/Illuminate/Foundation/Http/Middleware/TransformsRequest.php(21): Illuminate\\Pipeline\\Pipeline->{closure:{closure:Illuminate\\Pipeline\\Pipeline::carry():184}:185}(Object(Illuminate\\Http\\Request))
#44 /Users/elijahisrael/Desktop/Projects/chil/LARAVELBACKENDCHIL/vendor/laravel/framework/src/Illuminate/Foundation/Http/Middleware/ConvertEmptyStringsToNull.php(31): Illuminate\\Foundation\\Http\\Middleware\\TransformsRequest->handle(Object(Illuminate\\Http\\Request), Object(Closure))
#45 /Users/elijahisrael/Desktop/Projects/chil/LARAVELBACKENDCHIL/vendor/laravel/framework/src/Illuminate/Pipeline/Pipeline.php(209): Illuminate\\Foundation\\Http\\Middleware\\ConvertEmptyStringsToNull->handle(Object(Illuminate\\Http\\Request), Object(Closure))
#46 /Users/elijahisrael/Desktop/Projects/chil/LARAVELBACKENDCHIL/vendor/laravel/framework/src/Illuminate/Foundation/Http/Middleware/TransformsRequest.php(21): Illuminate\\Pipeline\\Pipeline->{closure:{closure:Illuminate\\Pipeline\\Pipeline::carry():184}:185}(Object(Illuminate\\Http\\Request))
#47 /Users/elijahisrael/Desktop/Projects/chil/LARAVELBACKENDCHIL/vendor/laravel/framework/src/Illuminate/Foundation/Http/Middleware/TrimStrings.php(51): Illuminate\\Foundation\\Http\\Middleware\\TransformsRequest->handle(Object(Illuminate\\Http\\Request), Object(Closure))
#48 /Users/elijahisrael/Desktop/Projects/chil/LARAVELBACKENDCHIL/vendor/laravel/framework/src/Illuminate/Pipeline/Pipeline.php(209): Illuminate\\Foundation\\Http\\Middleware\\TrimStrings->handle(Object(Illuminate\\Http\\Request), Object(Closure))
#49 /Users/elijahisrael/Desktop/Projects/chil/LARAVELBACKENDCHIL/vendor/laravel/framework/src/Illuminate/Http/Middleware/ValidatePostSize.php(27): Illuminate\\Pipeline\\Pipeline->{closure:{closure:Illuminate\\Pipeline\\Pipeline::carry():184}:185}(Object(Illuminate\\Http\\Request))
#50 /Users/elijahisrael/Desktop/Projects/chil/LARAVELBACKENDCHIL/vendor/laravel/framework/src/Illuminate/Pipeline/Pipeline.php(209): Illuminate\\Http\\Middleware\\ValidatePostSize->handle(Object(Illuminate\\Http\\Request), Object(Closure))
#51 /Users/elijahisrael/Desktop/Projects/chil/LARAVELBACKENDCHIL/vendor/laravel/framework/src/Illuminate/Foundation/Http/Middleware/PreventRequestsDuringMaintenance.php(110): Illuminate\\Pipeline\\Pipeline->{closure:{closure:Illuminate\\Pipeline\\Pipeline::carry():184}:185}(Object(Illuminate\\Http\\Request))
#52 /Users/elijahisrael/Desktop/Projects/chil/LARAVELBACKENDCHIL/vendor/laravel/framework/src/Illuminate/Pipeline/Pipeline.php(209): Illuminate\\Foundation\\Http\\Middleware\\PreventRequestsDuringMaintenance->handle(Object(Illuminate\\Http\\Request), Object(Closure))
#53 /Users/elijahisrael/Desktop/Projects/chil/LARAVELBACKENDCHIL/vendor/laravel/framework/src/Illuminate/Pipeline/Pipeline.php(127): Illuminate\\Pipeline\\Pipeline->{closure:{closure:Illuminate\\Pipeline\\Pipeline::carry():184}:185}(Object(Illuminate\\Http\\Request))
#54 /Users/elijahisrael/Desktop/Projects/chil/LARAVELBACKENDCHIL/vendor/laravel/framework/src/Illuminate/Foundation/Http/Kernel.php(176): Illuminate\\Pipeline\\Pipeline->then(Object(Closure))
#55 /Users/elijahisrael/Desktop/Projects/chil/LARAVELBACKENDCHIL/vendor/laravel/framework/src/Illuminate/Foundation/Http/Kernel.php(145): Illuminate\\Foundation\\Http\\Kernel->sendRequestThroughRouter(Object(Illuminate\\Http\\Request))
#56 /Users/elijahisrael/Desktop/Projects/chil/LARAVELBACKENDCHIL/public/index.php(54): Illuminate\\Foundation\\Http\\Kernel->handle(Object(Illuminate\\Http\\Request))
#57 /Users/elijahisrael/Desktop/Projects/chil/LARAVELBACKENDCHIL/server.php(21): require_once('/Users/elijahis...')
#58 {main}
"} 
[2025-10-01 11:20:33] local.ERROR: Undefined variable $school (View: /Users/elijahisrael/Desktop/Projects/chil/LARAVELBACKENDCHIL/resources/views/layouts/base.blade.php) (View: /Users/elijahisrael/Desktop/Projects/chil/LARAVELBACKENDCHIL/resources/views/layouts/base.blade.php) {"exception":"[object] (Illuminate\\View\\ViewException(code: 0): Undefined variable $school (View: /Users/elijahisrael/Desktop/Projects/chil/LARAVELBACKENDCHIL/resources/views/layouts/base.blade.php) (View: /Users/elijahisrael/Desktop/Projects/chil/LARAVELBACKENDCHIL/resources/views/layouts/base.blade.php) at /Users/elijahisrael/Desktop/Projects/chil/LARAVELBACKENDCHIL/storage/framework/views/8543c75aea23cb66ed4e20af308d23ec.php:8)
[stacktrace]
#0 /Users/elijahisrael/Desktop/Projects/chil/LARAVELBACKENDCHIL/vendor/livewire/livewire/src/Mechanisms/ExtendBlade/ExtendedCompilerEngine.php(58): Illuminate\\View\\Engines\\CompilerEngine->handleViewException(Object(Illuminate\\View\\ViewException), 0)
#1 /Users/elijahisrael/Desktop/Projects/chil/LARAVELBACKENDCHIL/vendor/laravel/framework/src/Illuminate/View/Engines/PhpEngine.php(60): Livewire\\Mechanisms\\ExtendBlade\\ExtendedCompilerEngine->handleViewException(Object(Illuminate\\View\\ViewException), 0)
#2 /Users/elijahisrael/Desktop/Projects/chil/LARAVELBACKENDCHIL/vendor/livewire/livewire/src/Mechanisms/ExtendBlade/ExtendedCompilerEngine.php(22): Illuminate\\View\\Engines\\PhpEngine->evaluatePath('/Users/elijahis...', Array)
#3 /Users/elijahisrael/Desktop/Projects/chil/LARAVELBACKENDCHIL/vendor/laravel/framework/src/Illuminate/View/Engines/CompilerEngine.php(75): Livewire\\Mechanisms\\ExtendBlade\\ExtendedCompilerEngine->evaluatePath('/Users/elijahis...', Array)
#4 /Users/elijahisrael/Desktop/Projects/chil/LARAVELBACKENDCHIL/vendor/livewire/livewire/src/Mechanisms/ExtendBlade/ExtendedCompilerEngine.php(10): Illuminate\\View\\Engines\\CompilerEngine->get('/Users/elijahis...', Array)
#5 /Users/elijahisrael/Desktop/Projects/chil/LARAVELBACKENDCHIL/vendor/laravel/framework/src/Illuminate/View/View.php(209): Livewire\\Mechanisms\\ExtendBlade\\ExtendedCompilerEngine->get('/Users/elijahis...', Array)
#6 /Users/elijahisrael/Desktop/Projects/chil/LARAVELBACKENDCHIL/vendor/laravel/framework/src/Illuminate/View/View.php(192): Illuminate\\View\\View->getContents()
#7 /Users/elijahisrael/Desktop/Projects/chil/LARAVELBACKENDCHIL/vendor/laravel/framework/src/Illuminate/View/View.php(161): Illuminate\\View\\View->renderContents()
#8 /Users/elijahisrael/Desktop/Projects/chil/LARAVELBACKENDCHIL/vendor/laravel/framework/src/Illuminate/Http/Response.php(79): Illuminate\\View\\View->render()
#9 /Users/elijahisrael/Desktop/Projects/chil/LARAVELBACKENDCHIL/vendor/laravel/framework/src/Illuminate/Http/Response.php(35): Illuminate\\Http\\Response->setContent(Object(Illuminate\\View\\View))
#10 /Users/elijahisrael/Desktop/Projects/chil/LARAVELBACKENDCHIL/vendor/laravel/framework/src/Illuminate/Routing/Router.php(920): Illuminate\\Http\\Response->__construct(Object(Illuminate\\View\\View), 200, Array)
#11 /Users/elijahisrael/Desktop/Projects/chil/LARAVELBACKENDCHIL/vendor/laravel/framework/src/Illuminate/Routing/Router.php(887): Illuminate\\Routing\\Router::toResponse(Object(Illuminate\\Http\\Request), Object(Illuminate\\View\\View))
#12 /Users/elijahisrael/Desktop/Projects/chil/LARAVELBACKENDCHIL/vendor/laravel/framework/src/Illuminate/Routing/Router.php(807): Illuminate\\Routing\\Router->prepareResponse(Object(Illuminate\\Http\\Request), Object(Illuminate\\View\\View))
#13 /Users/elijahisrael/Desktop/Projects/chil/LARAVELBACKENDCHIL/vendor/laravel/framework/src/Illuminate/Pipeline/Pipeline.php(170): Illuminate\\Routing\\Router->{closure:Illuminate\\Routing\\Router::runRouteWithinStack():807}(Object(Illuminate\\Http\\Request))
#14 /Users/elijahisrael/Desktop/Projects/chil/LARAVELBACKENDCHIL/vendor/laravel/framework/src/Illuminate/Routing/Middleware/SubstituteBindings.php(51): Illuminate\\Pipeline\\Pipeline->{closure:Illuminate\\Pipeline\\Pipeline::prepareDestination():168}(Object(Illuminate\\Http\\Request))
#15 /Users/elijahisrael/Desktop/Projects/chil/LARAVELBACKENDCHIL/vendor/laravel/framework/src/Illuminate/Pipeline/Pipeline.php(209): Illuminate\\Routing\\Middleware\\SubstituteBindings->handle(Object(Illuminate\\Http\\Request), Object(Closure))
#16 /Users/elijahisrael/Desktop/Projects/chil/LARAVELBACKENDCHIL/vendor/laravel/framework/src/Illuminate/Foundation/Http/Middleware/VerifyCsrfToken.php(88): Illuminate\\Pipeline\\Pipeline->{closure:{closure:Illuminate\\Pipeline\\Pipeline::carry():184}:185}(Object(Illuminate\\Http\\Request))
#17 /Users/elijahisrael/Desktop/Projects/chil/LARAVELBACKENDCHIL/vendor/laravel/framework/src/Illuminate/Pipeline/Pipeline.php(209): Illuminate\\Foundation\\Http\\Middleware\\VerifyCsrfToken->handle(Object(Illuminate\\Http\\Request), Object(Closure))
#18 /Users/elijahisrael/Desktop/Projects/chil/LARAVELBACKENDCHIL/vendor/laravel/framework/src/Illuminate/View/Middleware/ShareErrorsFromSession.php(49): Illuminate\\Pipeline\\Pipeline->{closure:{closure:Illuminate\\Pipeline\\Pipeline::carry():184}:185}(Object(Illuminate\\Http\\Request))
#19 /Users/elijahisrael/Desktop/Projects/chil/LARAVELBACKENDCHIL/vendor/laravel/framework/src/Illuminate/Pipeline/Pipeline.php(209): Illuminate\\View\\Middleware\\ShareErrorsFromSession->handle(Object(Illuminate\\Http\\Request), Object(Closure))
#20 /Users/elijahisrael/Desktop/Projects/chil/LARAVELBACKENDCHIL/vendor/laravel/framework/src/Illuminate/Session/Middleware/StartSession.php(121): Illuminate\\Pipeline\\Pipeline->{closure:{closure:Illuminate\\Pipeline\\Pipeline::carry():184}:185}(Object(Illuminate\\Http\\Request))
#21 /Users/elijahisrael/Desktop/Projects/chil/LARAVELBACKENDCHIL/vendor/laravel/framework/src/Illuminate/Session/Middleware/StartSession.php(64): Illuminate\\Session\\Middleware\\StartSession->handleStatefulRequest(Object(Illuminate\\Http\\Request), Object(Illuminate\\Session\\Store), Object(Closure))
#22 /Users/elijahisrael/Desktop/Projects/chil/LARAVELBACKENDCHIL/vendor/laravel/framework/src/Illuminate/Pipeline/Pipeline.php(209): Illuminate\\Session\\Middleware\\StartSession->handle(Object(Illuminate\\Http\\Request), Object(Closure))
#23 /Users/elijahisrael/Desktop/Projects/chil/LARAVELBACKENDCHIL/vendor/laravel/framework/src/Illuminate/Cookie/Middleware/AddQueuedCookiesToResponse.php(37): Illuminate\\Pipeline\\Pipeline->{closure:{closure:Illuminate\\Pipeline\\Pipeline::carry():184}:185}(Object(Illuminate\\Http\\Request))
#24 /Users/elijahisrael/Desktop/Projects/chil/LARAVELBACKENDCHIL/vendor/laravel/framework/src/Illuminate/Pipeline/Pipeline.php(209): Illuminate\\Cookie\\Middleware\\AddQueuedCookiesToResponse->handle(Object(Illuminate\\Http\\Request), Object(Closure))
#25 /Users/elijahisrael/Desktop/Projects/chil/LARAVELBACKENDCHIL/vendor/laravel/framework/src/Illuminate/Cookie/Middleware/EncryptCookies.php(75): Illuminate\\Pipeline\\Pipeline->{closure:{closure:Illuminate\\Pipeline\\Pipeline::carry():184}:185}(Object(Illuminate\\Http\\Request))
#26 /Users/elijahisrael/Desktop/Projects/chil/LARAVELBACKENDCHIL/vendor/laravel/framework/src/Illuminate/Pipeline/Pipeline.php(209): Illuminate\\Cookie\\Middleware\\EncryptCookies->handle(Object(Illuminate\\Http\\Request), Object(Closure))
#27 /Users/elijahisrael/Desktop/Projects/chil/LARAVELBACKENDCHIL/vendor/laravel/framework/src/Illuminate/Pipeline/Pipeline.php(127): Illuminate\\Pipeline\\Pipeline->{closure:{closure:Illuminate\\Pipeline\\Pipeline::carry():184}:185}(Object(Illuminate\\Http\\Request))
#28 /Users/elijahisrael/Desktop/Projects/chil/LARAVELBACKENDCHIL/vendor/laravel/framework/src/Illuminate/Routing/Router.php(807): Illuminate\\Pipeline\\Pipeline->then(Object(Closure))
#29 /Users/elijahisrael/Desktop/Projects/chil/LARAVELBACKENDCHIL/vendor/laravel/framework/src/Illuminate/Routing/Router.php(786): Illuminate\\Routing\\Router->runRouteWithinStack(Object(Illuminate\\Routing\\Route), Object(Illuminate\\Http\\Request))
#30 /Users/elijahisrael/Desktop/Projects/chil/LARAVELBACKENDCHIL/vendor/laravel/framework/src/Illuminate/Routing/Router.php(750): Illuminate\\Routing\\Router->runRoute(Object(Illuminate\\Http\\Request), Object(Illuminate\\Routing\\Route))
#31 /Users/elijahisrael/Desktop/Projects/chil/LARAVELBACKENDCHIL/vendor/laravel/framework/src/Illuminate/Routing/Router.php(739): Illuminate\\Routing\\Router->dispatchToRoute(Object(Illuminate\\Http\\Request))
#32 /Users/elijahisrael/Desktop/Projects/chil/LARAVELBACKENDCHIL/vendor/laravel/framework/src/Illuminate/Foundation/Http/Kernel.php(201): Illuminate\\Routing\\Router->dispatch(Object(Illuminate\\Http\\Request))
#33 /Users/elijahisrael/Desktop/Projects/chil/LARAVELBACKENDCHIL/vendor/laravel/framework/src/Illuminate/Pipeline/Pipeline.php(170): Illuminate\\Foundation\\Http\\Kernel->{closure:Illuminate\\Foundation\\Http\\Kernel::dispatchToRouter():198}(Object(Illuminate\\Http\\Request))
#34 /Users/elijahisrael/Desktop/Projects/chil/LARAVELBACKENDCHIL/vendor/livewire/livewire/src/Features/SupportDisablingBackButtonCache/DisableBackButtonCacheMiddleware.php(19): Illuminate\\Pipeline\\Pipeline->{closure:Illuminate\\Pipeline\\Pipeline::prepareDestination():168}(Object(Illuminate\\Http\\Request))
#35 /Users/elijahisrael/Desktop/Projects/chil/LARAVELBACKENDCHIL/vendor/laravel/framework/src/Illuminate/Pipeline/Pipeline.php(209): Livewire\\Features\\SupportDisablingBackButtonCache\\DisableBackButtonCacheMiddleware->handle(Object(Illuminate\\Http\\Request), Object(Closure))
#36 /Users/elijahisrael/Desktop/Projects/chil/LARAVELBACKENDCHIL/app/Http/Middleware/Cors.php(31): Illuminate\\Pipeline\\Pipeline->{closure:{closure:Illuminate\\Pipeline\\Pipeline::carry():184}:185}(Object(Illuminate\\Http\\Request))
#37 /Users/elijahisrael/Desktop/Projects/chil/LARAVELBACKENDCHIL/vendor/laravel/framework/src/Illuminate/Pipeline/Pipeline.php(209): App\\Http\\Middleware\\Cors->handle(Object(Illuminate\\Http\\Request), Object(Closure))
#38 /Users/elijahisrael/Desktop/Projects/chil/LARAVELBACKENDCHIL/vendor/laravel/framework/src/Illuminate/Http/Middleware/TrustProxies.php(58): Illuminate\\Pipeline\\Pipeline->{closure:{closure:Illuminate\\Pipeline\\Pipeline::carry():184}:185}(Object(Illuminate\\Http\\Request))
#39 /Users/elijahisrael/Desktop/Projects/chil/LARAVELBACKENDCHIL/vendor/laravel/framework/src/Illuminate/Pipeline/Pipeline.php(209): Illuminate\\Http\\Middleware\\TrustProxies->handle(Object(Illuminate\\Http\\Request), Object(Closure))
#40 /Users/elijahisrael/Desktop/Projects/chil/LARAVELBACKENDCHIL/vendor/laravel/framework/src/Illuminate/Foundation/Http/Middleware/TransformsRequest.php(21): Illuminate\\Pipeline\\Pipeline->{closure:{closure:Illuminate\\Pipeline\\Pipeline::carry():184}:185}(Object(Illuminate\\Http\\Request))
#41 /Users/elijahisrael/Desktop/Projects/chil/LARAVELBACKENDCHIL/vendor/laravel/framework/src/Illuminate/Foundation/Http/Middleware/ConvertEmptyStringsToNull.php(31): Illuminate\\Foundation\\Http\\Middleware\\TransformsRequest->handle(Object(Illuminate\\Http\\Request), Object(Closure))
#42 /Users/elijahisrael/Desktop/Projects/chil/LARAVELBACKENDCHIL/vendor/laravel/framework/src/Illuminate/Pipeline/Pipeline.php(209): Illuminate\\Foundation\\Http\\Middleware\\ConvertEmptyStringsToNull->handle(Object(Illuminate\\Http\\Request), Object(Closure))
#43 /Users/elijahisrael/Desktop/Projects/chil/LARAVELBACKENDCHIL/vendor/laravel/framework/src/Illuminate/Foundation/Http/Middleware/TransformsRequest.php(21): Illuminate\\Pipeline\\Pipeline->{closure:{closure:Illuminate\\Pipeline\\Pipeline::carry():184}:185}(Object(Illuminate\\Http\\Request))
#44 /Users/elijahisrael/Desktop/Projects/chil/LARAVELBACKENDCHIL/vendor/laravel/framework/src/Illuminate/Foundation/Http/Middleware/TrimStrings.php(51): Illuminate\\Foundation\\Http\\Middleware\\TransformsRequest->handle(Object(Illuminate\\Http\\Request), Object(Closure))
#45 /Users/elijahisrael/Desktop/Projects/chil/LARAVELBACKENDCHIL/vendor/laravel/framework/src/Illuminate/Pipeline/Pipeline.php(209): Illuminate\\Foundation\\Http\\Middleware\\TrimStrings->handle(Object(Illuminate\\Http\\Request), Object(Closure))
#46 /Users/elijahisrael/Desktop/Projects/chil/LARAVELBACKENDCHIL/vendor/laravel/framework/src/Illuminate/Http/Middleware/ValidatePostSize.php(27): Illuminate\\Pipeline\\Pipeline->{closure:{closure:Illuminate\\Pipeline\\Pipeline::carry():184}:185}(Object(Illuminate\\Http\\Request))
#47 /Users/elijahisrael/Desktop/Projects/chil/LARAVELBACKENDCHIL/vendor/laravel/framework/src/Illuminate/Pipeline/Pipeline.php(209): Illuminate\\Http\\Middleware\\ValidatePostSize->handle(Object(Illuminate\\Http\\Request), Object(Closure))
#48 /Users/elijahisrael/Desktop/Projects/chil/LARAVELBACKENDCHIL/vendor/laravel/framework/src/Illuminate/Foundation/Http/Middleware/PreventRequestsDuringMaintenance.php(110): Illuminate\\Pipeline\\Pipeline->{closure:{closure:Illuminate\\Pipeline\\Pipeline::carry():184}:185}(Object(Illuminate\\Http\\Request))
#49 /Users/elijahisrael/Desktop/Projects/chil/LARAVELBACKENDCHIL/vendor/laravel/framework/src/Illuminate/Pipeline/Pipeline.php(209): Illuminate\\Foundation\\Http\\Middleware\\PreventRequestsDuringMaintenance->handle(Object(Illuminate\\Http\\Request), Object(Closure))
#50 /Users/elijahisrael/Desktop/Projects/chil/LARAVELBACKENDCHIL/vendor/laravel/framework/src/Illuminate/Pipeline/Pipeline.php(127): Illuminate\\Pipeline\\Pipeline->{closure:{closure:Illuminate\\Pipeline\\Pipeline::carry():184}:185}(Object(Illuminate\\Http\\Request))
#51 /Users/elijahisrael/Desktop/Projects/chil/LARAVELBACKENDCHIL/vendor/laravel/framework/src/Illuminate/Foundation/Http/Kernel.php(176): Illuminate\\Pipeline\\Pipeline->then(Object(Closure))
#52 /Users/elijahisrael/Desktop/Projects/chil/LARAVELBACKENDCHIL/vendor/laravel/framework/src/Illuminate/Foundation/Http/Kernel.php(145): Illuminate\\Foundation\\Http\\Kernel->sendRequestThroughRouter(Object(Illuminate\\Http\\Request))
#53 /Users/elijahisrael/Desktop/Projects/chil/LARAVELBACKENDCHIL/public/index.php(54): Illuminate\\Foundation\\Http\\Kernel->handle(Object(Illuminate\\Http\\Request))
#54 /Users/elijahisrael/Desktop/Projects/chil/LARAVELBACKENDCHIL/server.php(21): require_once('/Users/elijahis...')
#55 {main}

[previous exception] [object] (Illuminate\\View\\ViewException(code: 0): Undefined variable $school (View: /Users/elijahisrael/Desktop/Projects/chil/LARAVELBACKENDCHIL/resources/views/layouts/base.blade.php) at /Users/elijahisrael/Desktop/Projects/chil/LARAVELBACKENDCHIL/storage/framework/views/8543c75aea23cb66ed4e20af308d23ec.php:8)
[stacktrace]
#0 /Users/elijahisrael/Desktop/Projects/chil/LARAVELBACKENDCHIL/vendor/livewire/livewire/src/Mechanisms/ExtendBlade/ExtendedCompilerEngine.php(58): Illuminate\\View\\Engines\\CompilerEngine->handleViewException(Object(ErrorException), 1)
#1 /Users/elijahisrael/Desktop/Projects/chil/LARAVELBACKENDCHIL/vendor/laravel/framework/src/Illuminate/View/Engines/PhpEngine.php(60): Livewire\\Mechanisms\\ExtendBlade\\ExtendedCompilerEngine->handleViewException(Object(ErrorException), 1)
#2 /Users/elijahisrael/Desktop/Projects/chil/LARAVELBACKENDCHIL/vendor/livewire/livewire/src/Mechanisms/ExtendBlade/ExtendedCompilerEngine.php(22): Illuminate\\View\\Engines\\PhpEngine->evaluatePath('/Users/elijahis...', Array)
#3 /Users/elijahisrael/Desktop/Projects/chil/LARAVELBACKENDCHIL/vendor/laravel/framework/src/Illuminate/View/Engines/CompilerEngine.php(75): Livewire\\Mechanisms\\ExtendBlade\\ExtendedCompilerEngine->evaluatePath('/Users/elijahis...', Array)
#4 /Users/elijahisrael/Desktop/Projects/chil/LARAVELBACKENDCHIL/vendor/livewire/livewire/src/Mechanisms/ExtendBlade/ExtendedCompilerEngine.php(10): Illuminate\\View\\Engines\\CompilerEngine->get('/Users/elijahis...', Array)
#5 /Users/elijahisrael/Desktop/Projects/chil/LARAVELBACKENDCHIL/vendor/laravel/framework/src/Illuminate/View/View.php(209): Livewire\\Mechanisms\\ExtendBlade\\ExtendedCompilerEngine->get('/Users/elijahis...', Array)
#6 /Users/elijahisrael/Desktop/Projects/chil/LARAVELBACKENDCHIL/vendor/laravel/framework/src/Illuminate/View/View.php(192): Illuminate\\View\\View->getContents()
#7 /Users/elijahisrael/Desktop/Projects/chil/LARAVELBACKENDCHIL/vendor/laravel/framework/src/Illuminate/View/View.php(161): Illuminate\\View\\View->renderContents()
#8 /Users/elijahisrael/Desktop/Projects/chil/LARAVELBACKENDCHIL/storage/framework/views/ba982f6c52fa6d545b6d2f4cc9a1658d.php(52): Illuminate\\View\\View->render()
#9 /Users/elijahisrael/Desktop/Projects/chil/LARAVELBACKENDCHIL/vendor/laravel/framework/src/Illuminate/Filesystem/Filesystem.php(123): require('/Users/elijahis...')
#10 /Users/elijahisrael/Desktop/Projects/chil/LARAVELBACKENDCHIL/vendor/laravel/framework/src/Illuminate/Filesystem/Filesystem.php(124): Illuminate\\Filesystem\\Filesystem::{closure:Illuminate\\Filesystem\\Filesystem::getRequire():120}()
#11 /Users/elijahisrael/Desktop/Projects/chil/LARAVELBACKENDCHIL/vendor/laravel/framework/src/Illuminate/View/Engines/PhpEngine.php(58): Illuminate\\Filesystem\\Filesystem->getRequire('/Users/elijahis...', Array)
#12 /Users/elijahisrael/Desktop/Projects/chil/LARAVELBACKENDCHIL/vendor/livewire/livewire/src/Mechanisms/ExtendBlade/ExtendedCompilerEngine.php(22): Illuminate\\View\\Engines\\PhpEngine->evaluatePath('/Users/elijahis...', Array)
#13 /Users/elijahisrael/Desktop/Projects/chil/LARAVELBACKENDCHIL/vendor/laravel/framework/src/Illuminate/View/Engines/CompilerEngine.php(75): Livewire\\Mechanisms\\ExtendBlade\\ExtendedCompilerEngine->evaluatePath('/Users/elijahis...', Array)
#14 /Users/elijahisrael/Desktop/Projects/chil/LARAVELBACKENDCHIL/vendor/livewire/livewire/src/Mechanisms/ExtendBlade/ExtendedCompilerEngine.php(10): Illuminate\\View\\Engines\\CompilerEngine->get('/Users/elijahis...', Array)
#15 /Users/elijahisrael/Desktop/Projects/chil/LARAVELBACKENDCHIL/vendor/laravel/framework/src/Illuminate/View/View.php(209): Livewire\\Mechanisms\\ExtendBlade\\ExtendedCompilerEngine->get('/Users/elijahis...', Array)
#16 /Users/elijahisrael/Desktop/Projects/chil/LARAVELBACKENDCHIL/vendor/laravel/framework/src/Illuminate/View/View.php(192): Illuminate\\View\\View->getContents()
#17 /Users/elijahisrael/Desktop/Projects/chil/LARAVELBACKENDCHIL/vendor/laravel/framework/src/Illuminate/View/View.php(161): Illuminate\\View\\View->renderContents()
#18 /Users/elijahisrael/Desktop/Projects/chil/LARAVELBACKENDCHIL/vendor/laravel/framework/src/Illuminate/Http/Response.php(79): Illuminate\\View\\View->render()
#19 /Users/elijahisrael/Desktop/Projects/chil/LARAVELBACKENDCHIL/vendor/laravel/framework/src/Illuminate/Http/Response.php(35): Illuminate\\Http\\Response->setContent(Object(Illuminate\\View\\View))
#20 /Users/elijahisrael/Desktop/Projects/chil/LARAVELBACKENDCHIL/vendor/laravel/framework/src/Illuminate/Routing/Router.php(920): Illuminate\\Http\\Response->__construct(Object(Illuminate\\View\\View), 200, Array)
#21 /Users/elijahisrael/Desktop/Projects/chil/LARAVELBACKENDCHIL/vendor/laravel/framework/src/Illuminate/Routing/Router.php(887): Illuminate\\Routing\\Router::toResponse(Object(Illuminate\\Http\\Request), Object(Illuminate\\View\\View))
#22 /Users/elijahisrael/Desktop/Projects/chil/LARAVELBACKENDCHIL/vendor/laravel/framework/src/Illuminate/Routing/Router.php(807): Illuminate\\Routing\\Router->prepareResponse(Object(Illuminate\\Http\\Request), Object(Illuminate\\View\\View))
#23 /Users/elijahisrael/Desktop/Projects/chil/LARAVELBACKENDCHIL/vendor/laravel/framework/src/Illuminate/Pipeline/Pipeline.php(170): Illuminate\\Routing\\Router->{closure:Illuminate\\Routing\\Router::runRouteWithinStack():807}(Object(Illuminate\\Http\\Request))
#24 /Users/elijahisrael/Desktop/Projects/chil/LARAVELBACKENDCHIL/vendor/laravel/framework/src/Illuminate/Routing/Middleware/SubstituteBindings.php(51): Illuminate\\Pipeline\\Pipeline->{closure:Illuminate\\Pipeline\\Pipeline::prepareDestination():168}(Object(Illuminate\\Http\\Request))
#25 /Users/elijahisrael/Desktop/Projects/chil/LARAVELBACKENDCHIL/vendor/laravel/framework/src/Illuminate/Pipeline/Pipeline.php(209): Illuminate\\Routing\\Middleware\\SubstituteBindings->handle(Object(Illuminate\\Http\\Request), Object(Closure))
#26 /Users/elijahisrael/Desktop/Projects/chil/LARAVELBACKENDCHIL/vendor/laravel/framework/src/Illuminate/Foundation/Http/Middleware/VerifyCsrfToken.php(88): Illuminate\\Pipeline\\Pipeline->{closure:{closure:Illuminate\\Pipeline\\Pipeline::carry():184}:185}(Object(Illuminate\\Http\\Request))
#27 /Users/elijahisrael/Desktop/Projects/chil/LARAVELBACKENDCHIL/vendor/laravel/framework/src/Illuminate/Pipeline/Pipeline.php(209): Illuminate\\Foundation\\Http\\Middleware\\VerifyCsrfToken->handle(Object(Illuminate\\Http\\Request), Object(Closure))
#28 /Users/elijahisrael/Desktop/Projects/chil/LARAVELBACKENDCHIL/vendor/laravel/framework/src/Illuminate/View/Middleware/ShareErrorsFromSession.php(49): Illuminate\\Pipeline\\Pipeline->{closure:{closure:Illuminate\\Pipeline\\Pipeline::carry():184}:185}(Object(Illuminate\\Http\\Request))
#29 /Users/elijahisrael/Desktop/Projects/chil/LARAVELBACKENDCHIL/vendor/laravel/framework/src/Illuminate/Pipeline/Pipeline.php(209): Illuminate\\View\\Middleware\\ShareErrorsFromSession->handle(Object(Illuminate\\Http\\Request), Object(Closure))
#30 /Users/elijahisrael/Desktop/Projects/chil/LARAVELBACKENDCHIL/vendor/laravel/framework/src/Illuminate/Session/Middleware/StartSession.php(121): Illuminate\\Pipeline\\Pipeline->{closure:{closure:Illuminate\\Pipeline\\Pipeline::carry():184}:185}(Object(Illuminate\\Http\\Request))
#31 /Users/elijahisrael/Desktop/Projects/chil/LARAVELBACKENDCHIL/vendor/laravel/framework/src/Illuminate/Session/Middleware/StartSession.php(64): Illuminate\\Session\\Middleware\\StartSession->handleStatefulRequest(Object(Illuminate\\Http\\Request), Object(Illuminate\\Session\\Store), Object(Closure))
#32 /Users/elijahisrael/Desktop/Projects/chil/LARAVELBACKENDCHIL/vendor/laravel/framework/src/Illuminate/Pipeline/Pipeline.php(209): Illuminate\\Session\\Middleware\\StartSession->handle(Object(Illuminate\\Http\\Request), Object(Closure))
#33 /Users/elijahisrael/Desktop/Projects/chil/LARAVELBACKENDCHIL/vendor/laravel/framework/src/Illuminate/Cookie/Middleware/AddQueuedCookiesToResponse.php(37): Illuminate\\Pipeline\\Pipeline->{closure:{closure:Illuminate\\Pipeline\\Pipeline::carry():184}:185}(Object(Illuminate\\Http\\Request))
#34 /Users/elijahisrael/Desktop/Projects/chil/LARAVELBACKENDCHIL/vendor/laravel/framework/src/Illuminate/Pipeline/Pipeline.php(209): Illuminate\\Cookie\\Middleware\\AddQueuedCookiesToResponse->handle(Object(Illuminate\\Http\\Request), Object(Closure))
#35 /Users/elijahisrael/Desktop/Projects/chil/LARAVELBACKENDCHIL/vendor/laravel/framework/src/Illuminate/Cookie/Middleware/EncryptCookies.php(75): Illuminate\\Pipeline\\Pipeline->{closure:{closure:Illuminate\\Pipeline\\Pipeline::carry():184}:185}(Object(Illuminate\\Http\\Request))
#36 /Users/elijahisrael/Desktop/Projects/chil/LARAVELBACKENDCHIL/vendor/laravel/framework/src/Illuminate/Pipeline/Pipeline.php(209): Illuminate\\Cookie\\Middleware\\EncryptCookies->handle(Object(Illuminate\\Http\\Request), Object(Closure))
#37 /Users/elijahisrael/Desktop/Projects/chil/LARAVELBACKENDCHIL/vendor/laravel/framework/src/Illuminate/Pipeline/Pipeline.php(127): Illuminate\\Pipeline\\Pipeline->{closure:{closure:Illuminate\\Pipeline\\Pipeline::carry():184}:185}(Object(Illuminate\\Http\\Request))
#38 /Users/elijahisrael/Desktop/Projects/chil/LARAVELBACKENDCHIL/vendor/laravel/framework/src/Illuminate/Routing/Router.php(807): Illuminate\\Pipeline\\Pipeline->then(Object(Closure))
#39 /Users/elijahisrael/Desktop/Projects/chil/LARAVELBACKENDCHIL/vendor/laravel/framework/src/Illuminate/Routing/Router.php(786): Illuminate\\Routing\\Router->runRouteWithinStack(Object(Illuminate\\Routing\\Route), Object(Illuminate\\Http\\Request))
#40 /Users/elijahisrael/Desktop/Projects/chil/LARAVELBACKENDCHIL/vendor/laravel/framework/src/Illuminate/Routing/Router.php(750): Illuminate\\Routing\\Router->runRoute(Object(Illuminate\\Http\\Request), Object(Illuminate\\Routing\\Route))
#41 /Users/elijahisrael/Desktop/Projects/chil/LARAVELBACKENDCHIL/vendor/laravel/framework/src/Illuminate/Routing/Router.php(739): Illuminate\\Routing\\Router->dispatchToRoute(Object(Illuminate\\Http\\Request))
#42 /Users/elijahisrael/Desktop/Projects/chil/LARAVELBACKENDCHIL/vendor/laravel/framework/src/Illuminate/Foundation/Http/Kernel.php(201): Illuminate\\Routing\\Router->dispatch(Object(Illuminate\\Http\\Request))
#43 /Users/elijahisrael/Desktop/Projects/chil/LARAVELBACKENDCHIL/vendor/laravel/framework/src/Illuminate/Pipeline/Pipeline.php(170): Illuminate\\Foundation\\Http\\Kernel->{closure:Illuminate\\Foundation\\Http\\Kernel::dispatchToRouter():198}(Object(Illuminate\\Http\\Request))
#44 /Users/elijahisrael/Desktop/Projects/chil/LARAVELBACKENDCHIL/vendor/livewire/livewire/src/Features/SupportDisablingBackButtonCache/DisableBackButtonCacheMiddleware.php(19): Illuminate\\Pipeline\\Pipeline->{closure:Illuminate\\Pipeline\\Pipeline::prepareDestination():168}(Object(Illuminate\\Http\\Request))
#45 /Users/elijahisrael/Desktop/Projects/chil/LARAVELBACKENDCHIL/vendor/laravel/framework/src/Illuminate/Pipeline/Pipeline.php(209): Livewire\\Features\\SupportDisablingBackButtonCache\\DisableBackButtonCacheMiddleware->handle(Object(Illuminate\\Http\\Request), Object(Closure))
#46 /Users/elijahisrael/Desktop/Projects/chil/LARAVELBACKENDCHIL/app/Http/Middleware/Cors.php(31): Illuminate\\Pipeline\\Pipeline->{closure:{closure:Illuminate\\Pipeline\\Pipeline::carry():184}:185}(Object(Illuminate\\Http\\Request))
#47 /Users/elijahisrael/Desktop/Projects/chil/LARAVELBACKENDCHIL/vendor/laravel/framework/src/Illuminate/Pipeline/Pipeline.php(209): App\\Http\\Middleware\\Cors->handle(Object(Illuminate\\Http\\Request), Object(Closure))
#48 /Users/elijahisrael/Desktop/Projects/chil/LARAVELBACKENDCHIL/vendor/laravel/framework/src/Illuminate/Http/Middleware/TrustProxies.php(58): Illuminate\\Pipeline\\Pipeline->{closure:{closure:Illuminate\\Pipeline\\Pipeline::carry():184}:185}(Object(Illuminate\\Http\\Request))
#49 /Users/elijahisrael/Desktop/Projects/chil/LARAVELBACKENDCHIL/vendor/laravel/framework/src/Illuminate/Pipeline/Pipeline.php(209): Illuminate\\Http\\Middleware\\TrustProxies->handle(Object(Illuminate\\Http\\Request), Object(Closure))
#50 /Users/elijahisrael/Desktop/Projects/chil/LARAVELBACKENDCHIL/vendor/laravel/framework/src/Illuminate/Foundation/Http/Middleware/TransformsRequest.php(21): Illuminate\\Pipeline\\Pipeline->{closure:{closure:Illuminate\\Pipeline\\Pipeline::carry():184}:185}(Object(Illuminate\\Http\\Request))
#51 /Users/elijahisrael/Desktop/Projects/chil/LARAVELBACKENDCHIL/vendor/laravel/framework/src/Illuminate/Foundation/Http/Middleware/ConvertEmptyStringsToNull.php(31): Illuminate\\Foundation\\Http\\Middleware\\TransformsRequest->handle(Object(Illuminate\\Http\\Request), Object(Closure))
#52 /Users/elijahisrael/Desktop/Projects/chil/LARAVELBACKENDCHIL/vendor/laravel/framework/src/Illuminate/Pipeline/Pipeline.php(209): Illuminate\\Foundation\\Http\\Middleware\\ConvertEmptyStringsToNull->handle(Object(Illuminate\\Http\\Request), Object(Closure))
#53 /Users/elijahisrael/Desktop/Projects/chil/LARAVELBACKENDCHIL/vendor/laravel/framework/src/Illuminate/Foundation/Http/Middleware/TransformsRequest.php(21): Illuminate\\Pipeline\\Pipeline->{closure:{closure:Illuminate\\Pipeline\\Pipeline::carry():184}:185}(Object(Illuminate\\Http\\Request))
#54 /Users/elijahisrael/Desktop/Projects/chil/LARAVELBACKENDCHIL/vendor/laravel/framework/src/Illuminate/Foundation/Http/Middleware/TrimStrings.php(51): Illuminate\\Foundation\\Http\\Middleware\\TransformsRequest->handle(Object(Illuminate\\Http\\Request), Object(Closure))
#55 /Users/elijahisrael/Desktop/Projects/chil/LARAVELBACKENDCHIL/vendor/laravel/framework/src/Illuminate/Pipeline/Pipeline.php(209): Illuminate\\Foundation\\Http\\Middleware\\TrimStrings->handle(Object(Illuminate\\Http\\Request), Object(Closure))
#56 /Users/elijahisrael/Desktop/Projects/chil/LARAVELBACKENDCHIL/vendor/laravel/framework/src/Illuminate/Http/Middleware/ValidatePostSize.php(27): Illuminate\\Pipeline\\Pipeline->{closure:{closure:Illuminate\\Pipeline\\Pipeline::carry():184}:185}(Object(Illuminate\\Http\\Request))
#57 /Users/elijahisrael/Desktop/Projects/chil/LARAVELBACKENDCHIL/vendor/laravel/framework/src/Illuminate/Pipeline/Pipeline.php(209): Illuminate\\Http\\Middleware\\ValidatePostSize->handle(Object(Illuminate\\Http\\Request), Object(Closure))
#58 /Users/elijahisrael/Desktop/Projects/chil/LARAVELBACKENDCHIL/vendor/laravel/framework/src/Illuminate/Foundation/Http/Middleware/PreventRequestsDuringMaintenance.php(110): Illuminate\\Pipeline\\Pipeline->{closure:{closure:Illuminate\\Pipeline\\Pipeline::carry():184}:185}(Object(Illuminate\\Http\\Request))
#59 /Users/elijahisrael/Desktop/Projects/chil/LARAVELBACKENDCHIL/vendor/laravel/framework/src/Illuminate/Pipeline/Pipeline.php(209): Illuminate\\Foundation\\Http\\Middleware\\PreventRequestsDuringMaintenance->handle(Object(Illuminate\\Http\\Request), Object(Closure))
#60 /Users/elijahisrael/Desktop/Projects/chil/LARAVELBACKENDCHIL/vendor/laravel/framework/src/Illuminate/Pipeline/Pipeline.php(127): Illuminate\\Pipeline\\Pipeline->{closure:{closure:Illuminate\\Pipeline\\Pipeline::carry():184}:185}(Object(Illuminate\\Http\\Request))
#61 /Users/elijahisrael/Desktop/Projects/chil/LARAVELBACKENDCHIL/vendor/laravel/framework/src/Illuminate/Foundation/Http/Kernel.php(176): Illuminate\\Pipeline\\Pipeline->then(Object(Closure))
#62 /Users/elijahisrael/Desktop/Projects/chil/LARAVELBACKENDCHIL/vendor/laravel/framework/src/Illuminate/Foundation/Http/Kernel.php(145): Illuminate\\Foundation\\Http\\Kernel->sendRequestThroughRouter(Object(Illuminate\\Http\\Request))
#63 /Users/elijahisrael/Desktop/Projects/chil/LARAVELBACKENDCHIL/public/index.php(54): Illuminate\\Foundation\\Http\\Kernel->handle(Object(Illuminate\\Http\\Request))
#64 /Users/elijahisrael/Desktop/Projects/chil/LARAVELBACKENDCHIL/server.php(21): require_once('/Users/elijahis...')
#65 {main}

[previous exception] [object] (ErrorException(code: 0): Undefined variable $school at /Users/elijahisrael/Desktop/Projects/chil/LARAVELBACKENDCHIL/storage/framework/views/8543c75aea23cb66ed4e20af308d23ec.php:8)
[stacktrace]
#0 /Users/elijahisrael/Desktop/Projects/chil/LARAVELBACKENDCHIL/vendor/laravel/framework/src/Illuminate/Foundation/Bootstrap/HandleExceptions.php(256): Illuminate\\Foundation\\Bootstrap\\HandleExceptions->handleError(2, 'Undefined varia...', '/Users/elijahis...', 8)
#1 /Users/elijahisrael/Desktop/Projects/chil/LARAVELBACKENDCHIL/storage/framework/views/8543c75aea23cb66ed4e20af308d23ec.php(8): Illuminate\\Foundation\\Bootstrap\\HandleExceptions->{closure:Illuminate\\Foundation\\Bootstrap\\HandleExceptions::forwardsTo():255}(2, 'Undefined varia...', '/Users/elijahis...', 8)
#2 /Users/elijahisrael/Desktop/Projects/chil/LARAVELBACKENDCHIL/vendor/laravel/framework/src/Illuminate/Filesystem/Filesystem.php(123): require('/Users/elijahis...')
#3 /Users/elijahisrael/Desktop/Projects/chil/LARAVELBACKENDCHIL/vendor/laravel/framework/src/Illuminate/Filesystem/Filesystem.php(124): Illuminate\\Filesystem\\Filesystem::{closure:Illuminate\\Filesystem\\Filesystem::getRequire():120}()
#4 /Users/elijahisrael/Desktop/Projects/chil/LARAVELBACKENDCHIL/vendor/laravel/framework/src/Illuminate/View/Engines/PhpEngine.php(58): Illuminate\\Filesystem\\Filesystem->getRequire('/Users/elijahis...', Array)
#5 /Users/elijahisrael/Desktop/Projects/chil/LARAVELBACKENDCHIL/vendor/livewire/livewire/src/Mechanisms/ExtendBlade/ExtendedCompilerEngine.php(22): Illuminate\\View\\Engines\\PhpEngine->evaluatePath('/Users/elijahis...', Array)
#6 /Users/elijahisrael/Desktop/Projects/chil/LARAVELBACKENDCHIL/vendor/laravel/framework/src/Illuminate/View/Engines/CompilerEngine.php(75): Livewire\\Mechanisms\\ExtendBlade\\ExtendedCompilerEngine->evaluatePath('/Users/elijahis...', Array)
#7 /Users/elijahisrael/Desktop/Projects/chil/LARAVELBACKENDCHIL/vendor/livewire/livewire/src/Mechanisms/ExtendBlade/ExtendedCompilerEngine.php(10): Illuminate\\View\\Engines\\CompilerEngine->get('/Users/elijahis...', Array)
#8 /Users/elijahisrael/Desktop/Projects/chil/LARAVELBACKENDCHIL/vendor/laravel/framework/src/Illuminate/View/View.php(209): Livewire\\Mechanisms\\ExtendBlade\\ExtendedCompilerEngine->get('/Users/elijahis...', Array)
#9 /Users/elijahisrael/Desktop/Projects/chil/LARAVELBACKENDCHIL/vendor/laravel/framework/src/Illuminate/View/View.php(192): Illuminate\\View\\View->getContents()
#10 /Users/elijahisrael/Desktop/Projects/chil/LARAVELBACKENDCHIL/vendor/laravel/framework/src/Illuminate/View/View.php(161): Illuminate\\View\\View->renderContents()
#11 /Users/elijahisrael/Desktop/Projects/chil/LARAVELBACKENDCHIL/storage/framework/views/ba982f6c52fa6d545b6d2f4cc9a1658d.php(52): Illuminate\\View\\View->render()
#12 /Users/elijahisrael/Desktop/Projects/chil/LARAVELBACKENDCHIL/vendor/laravel/framework/src/Illuminate/Filesystem/Filesystem.php(123): require('/Users/elijahis...')
#13 /Users/elijahisrael/Desktop/Projects/chil/LARAVELBACKENDCHIL/vendor/laravel/framework/src/Illuminate/Filesystem/Filesystem.php(124): Illuminate\\Filesystem\\Filesystem::{closure:Illuminate\\Filesystem\\Filesystem::getRequire():120}()
#14 /Users/elijahisrael/Desktop/Projects/chil/LARAVELBACKENDCHIL/vendor/laravel/framework/src/Illuminate/View/Engines/PhpEngine.php(58): Illuminate\\Filesystem\\Filesystem->getRequire('/Users/elijahis...', Array)
#15 /Users/elijahisrael/Desktop/Projects/chil/LARAVELBACKENDCHIL/vendor/livewire/livewire/src/Mechanisms/ExtendBlade/ExtendedCompilerEngine.php(22): Illuminate\\View\\Engines\\PhpEngine->evaluatePath('/Users/elijahis...', Array)
#16 /Users/elijahisrael/Desktop/Projects/chil/LARAVELBACKENDCHIL/vendor/laravel/framework/src/Illuminate/View/Engines/CompilerEngine.php(75): Livewire\\Mechanisms\\ExtendBlade\\ExtendedCompilerEngine->evaluatePath('/Users/elijahis...', Array)
#17 /Users/elijahisrael/Desktop/Projects/chil/LARAVELBACKENDCHIL/vendor/livewire/livewire/src/Mechanisms/ExtendBlade/ExtendedCompilerEngine.php(10): Illuminate\\View\\Engines\\CompilerEngine->get('/Users/elijahis...', Array)
#18 /Users/elijahisrael/Desktop/Projects/chil/LARAVELBACKENDCHIL/vendor/laravel/framework/src/Illuminate/View/View.php(209): Livewire\\Mechanisms\\ExtendBlade\\ExtendedCompilerEngine->get('/Users/elijahis...', Array)
#19 /Users/elijahisrael/Desktop/Projects/chil/LARAVELBACKENDCHIL/vendor/laravel/framework/src/Illuminate/View/View.php(192): Illuminate\\View\\View->getContents()
#20 /Users/elijahisrael/Desktop/Projects/chil/LARAVELBACKENDCHIL/vendor/laravel/framework/src/Illuminate/View/View.php(161): Illuminate\\View\\View->renderContents()
#21 /Users/elijahisrael/Desktop/Projects/chil/LARAVELBACKENDCHIL/vendor/laravel/framework/src/Illuminate/Http/Response.php(79): Illuminate\\View\\View->render()
#22 /Users/elijahisrael/Desktop/Projects/chil/LARAVELBACKENDCHIL/vendor/laravel/framework/src/Illuminate/Http/Response.php(35): Illuminate\\Http\\Response->setContent(Object(Illuminate\\View\\View))
#23 /Users/elijahisrael/Desktop/Projects/chil/LARAVELBACKENDCHIL/vendor/laravel/framework/src/Illuminate/Routing/Router.php(920): Illuminate\\Http\\Response->__construct(Object(Illuminate\\View\\View), 200, Array)
#24 /Users/elijahisrael/Desktop/Projects/chil/LARAVELBACKENDCHIL/vendor/laravel/framework/src/Illuminate/Routing/Router.php(887): Illuminate\\Routing\\Router::toResponse(Object(Illuminate\\Http\\Request), Object(Illuminate\\View\\View))
#25 /Users/elijahisrael/Desktop/Projects/chil/LARAVELBACKENDCHIL/vendor/laravel/framework/src/Illuminate/Routing/Router.php(807): Illuminate\\Routing\\Router->prepareResponse(Object(Illuminate\\Http\\Request), Object(Illuminate\\View\\View))
#26 /Users/elijahisrael/Desktop/Projects/chil/LARAVELBACKENDCHIL/vendor/laravel/framework/src/Illuminate/Pipeline/Pipeline.php(170): Illuminate\\Routing\\Router->{closure:Illuminate\\Routing\\Router::runRouteWithinStack():807}(Object(Illuminate\\Http\\Request))
#27 /Users/elijahisrael/Desktop/Projects/chil/LARAVELBACKENDCHIL/vendor/laravel/framework/src/Illuminate/Routing/Middleware/SubstituteBindings.php(51): Illuminate\\Pipeline\\Pipeline->{closure:Illuminate\\Pipeline\\Pipeline::prepareDestination():168}(Object(Illuminate\\Http\\Request))
#28 /Users/elijahisrael/Desktop/Projects/chil/LARAVELBACKENDCHIL/vendor/laravel/framework/src/Illuminate/Pipeline/Pipeline.php(209): Illuminate\\Routing\\Middleware\\SubstituteBindings->handle(Object(Illuminate\\Http\\Request), Object(Closure))
#29 /Users/elijahisrael/Desktop/Projects/chil/LARAVELBACKENDCHIL/vendor/laravel/framework/src/Illuminate/Foundation/Http/Middleware/VerifyCsrfToken.php(88): Illuminate\\Pipeline\\Pipeline->{closure:{closure:Illuminate\\Pipeline\\Pipeline::carry():184}:185}(Object(Illuminate\\Http\\Request))
#30 /Users/elijahisrael/Desktop/Projects/chil/LARAVELBACKENDCHIL/vendor/laravel/framework/src/Illuminate/Pipeline/Pipeline.php(209): Illuminate\\Foundation\\Http\\Middleware\\VerifyCsrfToken->handle(Object(Illuminate\\Http\\Request), Object(Closure))
#31 /Users/elijahisrael/Desktop/Projects/chil/LARAVELBACKENDCHIL/vendor/laravel/framework/src/Illuminate/View/Middleware/ShareErrorsFromSession.php(49): Illuminate\\Pipeline\\Pipeline->{closure:{closure:Illuminate\\Pipeline\\Pipeline::carry():184}:185}(Object(Illuminate\\Http\\Request))
#32 /Users/elijahisrael/Desktop/Projects/chil/LARAVELBACKENDCHIL/vendor/laravel/framework/src/Illuminate/Pipeline/Pipeline.php(209): Illuminate\\View\\Middleware\\ShareErrorsFromSession->handle(Object(Illuminate\\Http\\Request), Object(Closure))
#33 /Users/elijahisrael/Desktop/Projects/chil/LARAVELBACKENDCHIL/vendor/laravel/framework/src/Illuminate/Session/Middleware/StartSession.php(121): Illuminate\\Pipeline\\Pipeline->{closure:{closure:Illuminate\\Pipeline\\Pipeline::carry():184}:185}(Object(Illuminate\\Http\\Request))
#34 /Users/elijahisrael/Desktop/Projects/chil/LARAVELBACKENDCHIL/vendor/laravel/framework/src/Illuminate/Session/Middleware/StartSession.php(64): Illuminate\\Session\\Middleware\\StartSession->handleStatefulRequest(Object(Illuminate\\Http\\Request), Object(Illuminate\\Session\\Store), Object(Closure))
#35 /Users/elijahisrael/Desktop/Projects/chil/LARAVELBACKENDCHIL/vendor/laravel/framework/src/Illuminate/Pipeline/Pipeline.php(209): Illuminate\\Session\\Middleware\\StartSession->handle(Object(Illuminate\\Http\\Request), Object(Closure))
#36 /Users/elijahisrael/Desktop/Projects/chil/LARAVELBACKENDCHIL/vendor/laravel/framework/src/Illuminate/Cookie/Middleware/AddQueuedCookiesToResponse.php(37): Illuminate\\Pipeline\\Pipeline->{closure:{closure:Illuminate\\Pipeline\\Pipeline::carry():184}:185}(Object(Illuminate\\Http\\Request))
#37 /Users/elijahisrael/Desktop/Projects/chil/LARAVELBACKENDCHIL/vendor/laravel/framework/src/Illuminate/Pipeline/Pipeline.php(209): Illuminate\\Cookie\\Middleware\\AddQueuedCookiesToResponse->handle(Object(Illuminate\\Http\\Request), Object(Closure))
#38 /Users/elijahisrael/Desktop/Projects/chil/LARAVELBACKENDCHIL/vendor/laravel/framework/src/Illuminate/Cookie/Middleware/EncryptCookies.php(75): Illuminate\\Pipeline\\Pipeline->{closure:{closure:Illuminate\\Pipeline\\Pipeline::carry():184}:185}(Object(Illuminate\\Http\\Request))
#39 /Users/elijahisrael/Desktop/Projects/chil/LARAVELBACKENDCHIL/vendor/laravel/framework/src/Illuminate/Pipeline/Pipeline.php(209): Illuminate\\Cookie\\Middleware\\EncryptCookies->handle(Object(Illuminate\\Http\\Request), Object(Closure))
#40 /Users/elijahisrael/Desktop/Projects/chil/LARAVELBACKENDCHIL/vendor/laravel/framework/src/Illuminate/Pipeline/Pipeline.php(127): Illuminate\\Pipeline\\Pipeline->{closure:{closure:Illuminate\\Pipeline\\Pipeline::carry():184}:185}(Object(Illuminate\\Http\\Request))
#41 /Users/elijahisrael/Desktop/Projects/chil/LARAVELBACKENDCHIL/vendor/laravel/framework/src/Illuminate/Routing/Router.php(807): Illuminate\\Pipeline\\Pipeline->then(Object(Closure))
#42 /Users/elijahisrael/Desktop/Projects/chil/LARAVELBACKENDCHIL/vendor/laravel/framework/src/Illuminate/Routing/Router.php(786): Illuminate\\Routing\\Router->runRouteWithinStack(Object(Illuminate\\Routing\\Route), Object(Illuminate\\Http\\Request))
#43 /Users/elijahisrael/Desktop/Projects/chil/LARAVELBACKENDCHIL/vendor/laravel/framework/src/Illuminate/Routing/Router.php(750): Illuminate\\Routing\\Router->runRoute(Object(Illuminate\\Http\\Request), Object(Illuminate\\Routing\\Route))
#44 /Users/elijahisrael/Desktop/Projects/chil/LARAVELBACKENDCHIL/vendor/laravel/framework/src/Illuminate/Routing/Router.php(739): Illuminate\\Routing\\Router->dispatchToRoute(Object(Illuminate\\Http\\Request))
#45 /Users/elijahisrael/Desktop/Projects/chil/LARAVELBACKENDCHIL/vendor/laravel/framework/src/Illuminate/Foundation/Http/Kernel.php(201): Illuminate\\Routing\\Router->dispatch(Object(Illuminate\\Http\\Request))
#46 /Users/elijahisrael/Desktop/Projects/chil/LARAVELBACKENDCHIL/vendor/laravel/framework/src/Illuminate/Pipeline/Pipeline.php(170): Illuminate\\Foundation\\Http\\Kernel->{closure:Illuminate\\Foundation\\Http\\Kernel::dispatchToRouter():198}(Object(Illuminate\\Http\\Request))
#47 /Users/elijahisrael/Desktop/Projects/chil/LARAVELBACKENDCHIL/vendor/livewire/livewire/src/Features/SupportDisablingBackButtonCache/DisableBackButtonCacheMiddleware.php(19): Illuminate\\Pipeline\\Pipeline->{closure:Illuminate\\Pipeline\\Pipeline::prepareDestination():168}(Object(Illuminate\\Http\\Request))
#48 /Users/elijahisrael/Desktop/Projects/chil/LARAVELBACKENDCHIL/vendor/laravel/framework/src/Illuminate/Pipeline/Pipeline.php(209): Livewire\\Features\\SupportDisablingBackButtonCache\\DisableBackButtonCacheMiddleware->handle(Object(Illuminate\\Http\\Request), Object(Closure))
#49 /Users/elijahisrael/Desktop/Projects/chil/LARAVELBACKENDCHIL/app/Http/Middleware/Cors.php(31): Illuminate\\Pipeline\\Pipeline->{closure:{closure:Illuminate\\Pipeline\\Pipeline::carry():184}:185}(Object(Illuminate\\Http\\Request))
#50 /Users/elijahisrael/Desktop/Projects/chil/LARAVELBACKENDCHIL/vendor/laravel/framework/src/Illuminate/Pipeline/Pipeline.php(209): App\\Http\\Middleware\\Cors->handle(Object(Illuminate\\Http\\Request), Object(Closure))
#51 /Users/elijahisrael/Desktop/Projects/chil/LARAVELBACKENDCHIL/vendor/laravel/framework/src/Illuminate/Http/Middleware/TrustProxies.php(58): Illuminate\\Pipeline\\Pipeline->{closure:{closure:Illuminate\\Pipeline\\Pipeline::carry():184}:185}(Object(Illuminate\\Http\\Request))
#52 /Users/elijahisrael/Desktop/Projects/chil/LARAVELBACKENDCHIL/vendor/laravel/framework/src/Illuminate/Pipeline/Pipeline.php(209): Illuminate\\Http\\Middleware\\TrustProxies->handle(Object(Illuminate\\Http\\Request), Object(Closure))
#53 /Users/elijahisrael/Desktop/Projects/chil/LARAVELBACKENDCHIL/vendor/laravel/framework/src/Illuminate/Foundation/Http/Middleware/TransformsRequest.php(21): Illuminate\\Pipeline\\Pipeline->{closure:{closure:Illuminate\\Pipeline\\Pipeline::carry():184}:185}(Object(Illuminate\\Http\\Request))
#54 /Users/elijahisrael/Desktop/Projects/chil/LARAVELBACKENDCHIL/vendor/laravel/framework/src/Illuminate/Foundation/Http/Middleware/ConvertEmptyStringsToNull.php(31): Illuminate\\Foundation\\Http\\Middleware\\TransformsRequest->handle(Object(Illuminate\\Http\\Request), Object(Closure))
#55 /Users/elijahisrael/Desktop/Projects/chil/LARAVELBACKENDCHIL/vendor/laravel/framework/src/Illuminate/Pipeline/Pipeline.php(209): Illuminate\\Foundation\\Http\\Middleware\\ConvertEmptyStringsToNull->handle(Object(Illuminate\\Http\\Request), Object(Closure))
#56 /Users/elijahisrael/Desktop/Projects/chil/LARAVELBACKENDCHIL/vendor/laravel/framework/src/Illuminate/Foundation/Http/Middleware/TransformsRequest.php(21): Illuminate\\Pipeline\\Pipeline->{closure:{closure:Illuminate\\Pipeline\\Pipeline::carry():184}:185}(Object(Illuminate\\Http\\Request))
#57 /Users/elijahisrael/Desktop/Projects/chil/LARAVELBACKENDCHIL/vendor/laravel/framework/src/Illuminate/Foundation/Http/Middleware/TrimStrings.php(51): Illuminate\\Foundation\\Http\\Middleware\\TransformsRequest->handle(Object(Illuminate\\Http\\Request), Object(Closure))
#58 /Users/elijahisrael/Desktop/Projects/chil/LARAVELBACKENDCHIL/vendor/laravel/framework/src/Illuminate/Pipeline/Pipeline.php(209): Illuminate\\Foundation\\Http\\Middleware\\TrimStrings->handle(Object(Illuminate\\Http\\Request), Object(Closure))
#59 /Users/elijahisrael/Desktop/Projects/chil/LARAVELBACKENDCHIL/vendor/laravel/framework/src/Illuminate/Http/Middleware/ValidatePostSize.php(27): Illuminate\\Pipeline\\Pipeline->{closure:{closure:Illuminate\\Pipeline\\Pipeline::carry():184}:185}(Object(Illuminate\\Http\\Request))
#60 /Users/elijahisrael/Desktop/Projects/chil/LARAVELBACKENDCHIL/vendor/laravel/framework/src/Illuminate/Pipeline/Pipeline.php(209): Illuminate\\Http\\Middleware\\ValidatePostSize->handle(Object(Illuminate\\Http\\Request), Object(Closure))
#61 /Users/elijahisrael/Desktop/Projects/chil/LARAVELBACKENDCHIL/vendor/laravel/framework/src/Illuminate/Foundation/Http/Middleware/PreventRequestsDuringMaintenance.php(110): Illuminate\\Pipeline\\Pipeline->{closure:{closure:Illuminate\\Pipeline\\Pipeline::carry():184}:185}(Object(Illuminate\\Http\\Request))
#62 /Users/elijahisrael/Desktop/Projects/chil/LARAVELBACKENDCHIL/vendor/laravel/framework/src/Illuminate/Pipeline/Pipeline.php(209): Illuminate\\Foundation\\Http\\Middleware\\PreventRequestsDuringMaintenance->handle(Object(Illuminate\\Http\\Request), Object(Closure))
#63 /Users/elijahisrael/Desktop/Projects/chil/LARAVELBACKENDCHIL/vendor/laravel/framework/src/Illuminate/Pipeline/Pipeline.php(127): Illuminate\\Pipeline\\Pipeline->{closure:{closure:Illuminate\\Pipeline\\Pipeline::carry():184}:185}(Object(Illuminate\\Http\\Request))
#64 /Users/elijahisrael/Desktop/Projects/chil/LARAVELBACKENDCHIL/vendor/laravel/framework/src/Illuminate/Foundation/Http/Kernel.php(176): Illuminate\\Pipeline\\Pipeline->then(Object(Closure))
#65 /Users/elijahisrael/Desktop/Projects/chil/LARAVELBACKENDCHIL/vendor/laravel/framework/src/Illuminate/Foundation/Http/Kernel.php(145): Illuminate\\Foundation\\Http\\Kernel->sendRequestThroughRouter(Object(Illuminate\\Http\\Request))
#66 /Users/elijahisrael/Desktop/Projects/chil/LARAVELBACKENDCHIL/public/index.php(54): Illuminate\\Foundation\\Http\\Kernel->handle(Object(Illuminate\\Http\\Request))
#67 /Users/elijahisrael/Desktop/Projects/chil/LARAVELBACKENDCHIL/server.php(21): require_once('/Users/elijahis...')
#68 {main}
"} 
[2025-10-01 11:20:49] local.ERROR: Missing required parameter for [Route: book-doctor] [URI: book-doctor/{school}] [Missing parameter: school]. (View: /Users/elijahisrael/Desktop/Projects/chil/LARAVELBACKENDCHIL/resources/views/layouts/sidebar.blade.php) (View: /Users/elijahisrael/Desktop/Projects/chil/LARAVELBACKENDCHIL/resources/views/layouts/sidebar.blade.php) (View: /Users/elijahisrael/Desktop/Projects/chil/LARAVELBACKENDCHIL/resources/views/layouts/sidebar.blade.php) {"exception":"[object] (Illuminate\\View\\ViewException(code: 0): Missing required parameter for [Route: book-doctor] [URI: book-doctor/{school}] [Missing parameter: school]. (View: /Users/elijahisrael/Desktop/Projects/chil/LARAVELBACKENDCHIL/resources/views/layouts/sidebar.blade.php) (View: /Users/elijahisrael/Desktop/Projects/chil/LARAVELBACKENDCHIL/resources/views/layouts/sidebar.blade.php) (View: /Users/elijahisrael/Desktop/Projects/chil/LARAVELBACKENDCHIL/resources/views/layouts/sidebar.blade.php) at /Users/elijahisrael/Desktop/Projects/chil/LARAVELBACKENDCHIL/vendor/laravel/framework/src/Illuminate/Routing/Exceptions/UrlGenerationException.php:35)
[stacktrace]
#0 /Users/elijahisrael/Desktop/Projects/chil/LARAVELBACKENDCHIL/vendor/livewire/livewire/src/Mechanisms/ExtendBlade/ExtendedCompilerEngine.php(58): Illuminate\\View\\Engines\\CompilerEngine->handleViewException(Object(Illuminate\\View\\ViewException), 0)
#1 /Users/elijahisrael/Desktop/Projects/chil/LARAVELBACKENDCHIL/vendor/laravel/framework/src/Illuminate/View/Engines/PhpEngine.php(60): Livewire\\Mechanisms\\ExtendBlade\\ExtendedCompilerEngine->handleViewException(Object(Illuminate\\View\\ViewException), 0)
#2 /Users/elijahisrael/Desktop/Projects/chil/LARAVELBACKENDCHIL/vendor/livewire/livewire/src/Mechanisms/ExtendBlade/ExtendedCompilerEngine.php(22): Illuminate\\View\\Engines\\PhpEngine->evaluatePath('/Users/elijahis...', Array)
#3 /Users/elijahisrael/Desktop/Projects/chil/LARAVELBACKENDCHIL/vendor/laravel/framework/src/Illuminate/View/Engines/CompilerEngine.php(75): Livewire\\Mechanisms\\ExtendBlade\\ExtendedCompilerEngine->evaluatePath('/Users/elijahis...', Array)
#4 /Users/elijahisrael/Desktop/Projects/chil/LARAVELBACKENDCHIL/vendor/livewire/livewire/src/Mechanisms/ExtendBlade/ExtendedCompilerEngine.php(10): Illuminate\\View\\Engines\\CompilerEngine->get('/Users/elijahis...', Array)
#5 /Users/elijahisrael/Desktop/Projects/chil/LARAVELBACKENDCHIL/vendor/laravel/framework/src/Illuminate/View/View.php(209): Livewire\\Mechanisms\\ExtendBlade\\ExtendedCompilerEngine->get('/Users/elijahis...', Array)
#6 /Users/elijahisrael/Desktop/Projects/chil/LARAVELBACKENDCHIL/vendor/laravel/framework/src/Illuminate/View/View.php(192): Illuminate\\View\\View->getContents()
#7 /Users/elijahisrael/Desktop/Projects/chil/LARAVELBACKENDCHIL/vendor/laravel/framework/src/Illuminate/View/View.php(161): Illuminate\\View\\View->renderContents()
#8 /Users/elijahisrael/Desktop/Projects/chil/LARAVELBACKENDCHIL/vendor/laravel/framework/src/Illuminate/Http/Response.php(79): Illuminate\\View\\View->render()
#9 /Users/elijahisrael/Desktop/Projects/chil/LARAVELBACKENDCHIL/vendor/laravel/framework/src/Illuminate/Http/Response.php(35): Illuminate\\Http\\Response->setContent(Object(Illuminate\\View\\View))
#10 /Users/elijahisrael/Desktop/Projects/chil/LARAVELBACKENDCHIL/vendor/laravel/framework/src/Illuminate/Routing/Router.php(920): Illuminate\\Http\\Response->__construct(Object(Illuminate\\View\\View), 200, Array)
#11 /Users/elijahisrael/Desktop/Projects/chil/LARAVELBACKENDCHIL/vendor/laravel/framework/src/Illuminate/Routing/Router.php(887): Illuminate\\Routing\\Router::toResponse(Object(Illuminate\\Http\\Request), Object(Illuminate\\View\\View))
#12 /Users/elijahisrael/Desktop/Projects/chil/LARAVELBACKENDCHIL/vendor/laravel/framework/src/Illuminate/Routing/Router.php(807): Illuminate\\Routing\\Router->prepareResponse(Object(Illuminate\\Http\\Request), Object(Illuminate\\View\\View))
#13 /Users/elijahisrael/Desktop/Projects/chil/LARAVELBACKENDCHIL/vendor/laravel/framework/src/Illuminate/Pipeline/Pipeline.php(170): Illuminate\\Routing\\Router->{closure:Illuminate\\Routing\\Router::runRouteWithinStack():807}(Object(Illuminate\\Http\\Request))
#14 /Users/elijahisrael/Desktop/Projects/chil/LARAVELBACKENDCHIL/vendor/laravel/framework/src/Illuminate/Routing/Middleware/SubstituteBindings.php(51): Illuminate\\Pipeline\\Pipeline->{closure:Illuminate\\Pipeline\\Pipeline::prepareDestination():168}(Object(Illuminate\\Http\\Request))
#15 /Users/elijahisrael/Desktop/Projects/chil/LARAVELBACKENDCHIL/vendor/laravel/framework/src/Illuminate/Pipeline/Pipeline.php(209): Illuminate\\Routing\\Middleware\\SubstituteBindings->handle(Object(Illuminate\\Http\\Request), Object(Closure))
#16 /Users/elijahisrael/Desktop/Projects/chil/LARAVELBACKENDCHIL/vendor/laravel/framework/src/Illuminate/Foundation/Http/Middleware/VerifyCsrfToken.php(88): Illuminate\\Pipeline\\Pipeline->{closure:{closure:Illuminate\\Pipeline\\Pipeline::carry():184}:185}(Object(Illuminate\\Http\\Request))
#17 /Users/elijahisrael/Desktop/Projects/chil/LARAVELBACKENDCHIL/vendor/laravel/framework/src/Illuminate/Pipeline/Pipeline.php(209): Illuminate\\Foundation\\Http\\Middleware\\VerifyCsrfToken->handle(Object(Illuminate\\Http\\Request), Object(Closure))
#18 /Users/elijahisrael/Desktop/Projects/chil/LARAVELBACKENDCHIL/vendor/laravel/framework/src/Illuminate/View/Middleware/ShareErrorsFromSession.php(49): Illuminate\\Pipeline\\Pipeline->{closure:{closure:Illuminate\\Pipeline\\Pipeline::carry():184}:185}(Object(Illuminate\\Http\\Request))
#19 /Users/elijahisrael/Desktop/Projects/chil/LARAVELBACKENDCHIL/vendor/laravel/framework/src/Illuminate/Pipeline/Pipeline.php(209): Illuminate\\View\\Middleware\\ShareErrorsFromSession->handle(Object(Illuminate\\Http\\Request), Object(Closure))
#20 /Users/elijahisrael/Desktop/Projects/chil/LARAVELBACKENDCHIL/vendor/laravel/framework/src/Illuminate/Session/Middleware/StartSession.php(121): Illuminate\\Pipeline\\Pipeline->{closure:{closure:Illuminate\\Pipeline\\Pipeline::carry():184}:185}(Object(Illuminate\\Http\\Request))
#21 /Users/elijahisrael/Desktop/Projects/chil/LARAVELBACKENDCHIL/vendor/laravel/framework/src/Illuminate/Session/Middleware/StartSession.php(64): Illuminate\\Session\\Middleware\\StartSession->handleStatefulRequest(Object(Illuminate\\Http\\Request), Object(Illuminate\\Session\\Store), Object(Closure))
#22 /Users/elijahisrael/Desktop/Projects/chil/LARAVELBACKENDCHIL/vendor/laravel/framework/src/Illuminate/Pipeline/Pipeline.php(209): Illuminate\\Session\\Middleware\\StartSession->handle(Object(Illuminate\\Http\\Request), Object(Closure))
#23 /Users/elijahisrael/Desktop/Projects/chil/LARAVELBACKENDCHIL/vendor/laravel/framework/src/Illuminate/Cookie/Middleware/AddQueuedCookiesToResponse.php(37): Illuminate\\Pipeline\\Pipeline->{closure:{closure:Illuminate\\Pipeline\\Pipeline::carry():184}:185}(Object(Illuminate\\Http\\Request))
#24 /Users/elijahisrael/Desktop/Projects/chil/LARAVELBACKENDCHIL/vendor/laravel/framework/src/Illuminate/Pipeline/Pipeline.php(209): Illuminate\\Cookie\\Middleware\\AddQueuedCookiesToResponse->handle(Object(Illuminate\\Http\\Request), Object(Closure))
#25 /Users/elijahisrael/Desktop/Projects/chil/LARAVELBACKENDCHIL/vendor/laravel/framework/src/Illuminate/Cookie/Middleware/EncryptCookies.php(75): Illuminate\\Pipeline\\Pipeline->{closure:{closure:Illuminate\\Pipeline\\Pipeline::carry():184}:185}(Object(Illuminate\\Http\\Request))
#26 /Users/elijahisrael/Desktop/Projects/chil/LARAVELBACKENDCHIL/vendor/laravel/framework/src/Illuminate/Pipeline/Pipeline.php(209): Illuminate\\Cookie\\Middleware\\EncryptCookies->handle(Object(Illuminate\\Http\\Request), Object(Closure))
#27 /Users/elijahisrael/Desktop/Projects/chil/LARAVELBACKENDCHIL/vendor/laravel/framework/src/Illuminate/Pipeline/Pipeline.php(127): Illuminate\\Pipeline\\Pipeline->{closure:{closure:Illuminate\\Pipeline\\Pipeline::carry():184}:185}(Object(Illuminate\\Http\\Request))
#28 /Users/elijahisrael/Desktop/Projects/chil/LARAVELBACKENDCHIL/vendor/laravel/framework/src/Illuminate/Routing/Router.php(807): Illuminate\\Pipeline\\Pipeline->then(Object(Closure))
#29 /Users/elijahisrael/Desktop/Projects/chil/LARAVELBACKENDCHIL/vendor/laravel/framework/src/Illuminate/Routing/Router.php(786): Illuminate\\Routing\\Router->runRouteWithinStack(Object(Illuminate\\Routing\\Route), Object(Illuminate\\Http\\Request))
#30 /Users/elijahisrael/Desktop/Projects/chil/LARAVELBACKENDCHIL/vendor/laravel/framework/src/Illuminate/Routing/Router.php(750): Illuminate\\Routing\\Router->runRoute(Object(Illuminate\\Http\\Request), Object(Illuminate\\Routing\\Route))
#31 /Users/elijahisrael/Desktop/Projects/chil/LARAVELBACKENDCHIL/vendor/laravel/framework/src/Illuminate/Routing/Router.php(739): Illuminate\\Routing\\Router->dispatchToRoute(Object(Illuminate\\Http\\Request))
#32 /Users/elijahisrael/Desktop/Projects/chil/LARAVELBACKENDCHIL/vendor/laravel/framework/src/Illuminate/Foundation/Http/Kernel.php(201): Illuminate\\Routing\\Router->dispatch(Object(Illuminate\\Http\\Request))
#33 /Users/elijahisrael/Desktop/Projects/chil/LARAVELBACKENDCHIL/vendor/laravel/framework/src/Illuminate/Pipeline/Pipeline.php(170): Illuminate\\Foundation\\Http\\Kernel->{closure:Illuminate\\Foundation\\Http\\Kernel::dispatchToRouter():198}(Object(Illuminate\\Http\\Request))
#34 /Users/elijahisrael/Desktop/Projects/chil/LARAVELBACKENDCHIL/vendor/livewire/livewire/src/Features/SupportDisablingBackButtonCache/DisableBackButtonCacheMiddleware.php(19): Illuminate\\Pipeline\\Pipeline->{closure:Illuminate\\Pipeline\\Pipeline::prepareDestination():168}(Object(Illuminate\\Http\\Request))
#35 /Users/elijahisrael/Desktop/Projects/chil/LARAVELBACKENDCHIL/vendor/laravel/framework/src/Illuminate/Pipeline/Pipeline.php(209): Livewire\\Features\\SupportDisablingBackButtonCache\\DisableBackButtonCacheMiddleware->handle(Object(Illuminate\\Http\\Request), Object(Closure))
#36 /Users/elijahisrael/Desktop/Projects/chil/LARAVELBACKENDCHIL/app/Http/Middleware/Cors.php(31): Illuminate\\Pipeline\\Pipeline->{closure:{closure:Illuminate\\Pipeline\\Pipeline::carry():184}:185}(Object(Illuminate\\Http\\Request))
#37 /Users/elijahisrael/Desktop/Projects/chil/LARAVELBACKENDCHIL/vendor/laravel/framework/src/Illuminate/Pipeline/Pipeline.php(209): App\\Http\\Middleware\\Cors->handle(Object(Illuminate\\Http\\Request), Object(Closure))
#38 /Users/elijahisrael/Desktop/Projects/chil/LARAVELBACKENDCHIL/vendor/laravel/framework/src/Illuminate/Http/Middleware/TrustProxies.php(58): Illuminate\\Pipeline\\Pipeline->{closure:{closure:Illuminate\\Pipeline\\Pipeline::carry():184}:185}(Object(Illuminate\\Http\\Request))
#39 /Users/elijahisrael/Desktop/Projects/chil/LARAVELBACKENDCHIL/vendor/laravel/framework/src/Illuminate/Pipeline/Pipeline.php(209): Illuminate\\Http\\Middleware\\TrustProxies->handle(Object(Illuminate\\Http\\Request), Object(Closure))
#40 /Users/elijahisrael/Desktop/Projects/chil/LARAVELBACKENDCHIL/vendor/laravel/framework/src/Illuminate/Foundation/Http/Middleware/TransformsRequest.php(21): Illuminate\\Pipeline\\Pipeline->{closure:{closure:Illuminate\\Pipeline\\Pipeline::carry():184}:185}(Object(Illuminate\\Http\\Request))
#41 /Users/elijahisrael/Desktop/Projects/chil/LARAVELBACKENDCHIL/vendor/laravel/framework/src/Illuminate/Foundation/Http/Middleware/ConvertEmptyStringsToNull.php(31): Illuminate\\Foundation\\Http\\Middleware\\TransformsRequest->handle(Object(Illuminate\\Http\\Request), Object(Closure))
#42 /Users/elijahisrael/Desktop/Projects/chil/LARAVELBACKENDCHIL/vendor/laravel/framework/src/Illuminate/Pipeline/Pipeline.php(209): Illuminate\\Foundation\\Http\\Middleware\\ConvertEmptyStringsToNull->handle(Object(Illuminate\\Http\\Request), Object(Closure))
#43 /Users/elijahisrael/Desktop/Projects/chil/LARAVELBACKENDCHIL/vendor/laravel/framework/src/Illuminate/Foundation/Http/Middleware/TransformsRequest.php(21): Illuminate\\Pipeline\\Pipeline->{closure:{closure:Illuminate\\Pipeline\\Pipeline::carry():184}:185}(Object(Illuminate\\Http\\Request))
#44 /Users/elijahisrael/Desktop/Projects/chil/LARAVELBACKENDCHIL/vendor/laravel/framework/src/Illuminate/Foundation/Http/Middleware/TrimStrings.php(51): Illuminate\\Foundation\\Http\\Middleware\\TransformsRequest->handle(Object(Illuminate\\Http\\Request), Object(Closure))
#45 /Users/elijahisrael/Desktop/Projects/chil/LARAVELBACKENDCHIL/vendor/laravel/framework/src/Illuminate/Pipeline/Pipeline.php(209): Illuminate\\Foundation\\Http\\Middleware\\TrimStrings->handle(Object(Illuminate\\Http\\Request), Object(Closure))
#46 /Users/elijahisrael/Desktop/Projects/chil/LARAVELBACKENDCHIL/vendor/laravel/framework/src/Illuminate/Http/Middleware/ValidatePostSize.php(27): Illuminate\\Pipeline\\Pipeline->{closure:{closure:Illuminate\\Pipeline\\Pipeline::carry():184}:185}(Object(Illuminate\\Http\\Request))
#47 /Users/elijahisrael/Desktop/Projects/chil/LARAVELBACKENDCHIL/vendor/laravel/framework/src/Illuminate/Pipeline/Pipeline.php(209): Illuminate\\Http\\Middleware\\ValidatePostSize->handle(Object(Illuminate\\Http\\Request), Object(Closure))
#48 /Users/elijahisrael/Desktop/Projects/chil/LARAVELBACKENDCHIL/vendor/laravel/framework/src/Illuminate/Foundation/Http/Middleware/PreventRequestsDuringMaintenance.php(110): Illuminate\\Pipeline\\Pipeline->{closure:{closure:Illuminate\\Pipeline\\Pipeline::carry():184}:185}(Object(Illuminate\\Http\\Request))
#49 /Users/elijahisrael/Desktop/Projects/chil/LARAVELBACKENDCHIL/vendor/laravel/framework/src/Illuminate/Pipeline/Pipeline.php(209): Illuminate\\Foundation\\Http\\Middleware\\PreventRequestsDuringMaintenance->handle(Object(Illuminate\\Http\\Request), Object(Closure))
#50 /Users/elijahisrael/Desktop/Projects/chil/LARAVELBACKENDCHIL/vendor/laravel/framework/src/Illuminate/Pipeline/Pipeline.php(127): Illuminate\\Pipeline\\Pipeline->{closure:{closure:Illuminate\\Pipeline\\Pipeline::carry():184}:185}(Object(Illuminate\\Http\\Request))
#51 /Users/elijahisrael/Desktop/Projects/chil/LARAVELBACKENDCHIL/vendor/laravel/framework/src/Illuminate/Foundation/Http/Kernel.php(176): Illuminate\\Pipeline\\Pipeline->then(Object(Closure))
#52 /Users/elijahisrael/Desktop/Projects/chil/LARAVELBACKENDCHIL/vendor/laravel/framework/src/Illuminate/Foundation/Http/Kernel.php(145): Illuminate\\Foundation\\Http\\Kernel->sendRequestThroughRouter(Object(Illuminate\\Http\\Request))
#53 /Users/elijahisrael/Desktop/Projects/chil/LARAVELBACKENDCHIL/public/index.php(54): Illuminate\\Foundation\\Http\\Kernel->handle(Object(Illuminate\\Http\\Request))
#54 /Users/elijahisrael/Desktop/Projects/chil/LARAVELBACKENDCHIL/server.php(21): require_once('/Users/elijahis...')
#55 {main}

[previous exception] [object] (Illuminate\\View\\ViewException(code: 0): Missing required parameter for [Route: book-doctor] [URI: book-doctor/{school}] [Missing parameter: school]. (View: /Users/elijahisrael/Desktop/Projects/chil/LARAVELBACKENDCHIL/resources/views/layouts/sidebar.blade.php) (View: /Users/elijahisrael/Desktop/Projects/chil/LARAVELBACKENDCHIL/resources/views/layouts/sidebar.blade.php) at /Users/elijahisrael/Desktop/Projects/chil/LARAVELBACKENDCHIL/vendor/laravel/framework/src/Illuminate/Routing/Exceptions/UrlGenerationException.php:35)
[stacktrace]
#0 /Users/elijahisrael/Desktop/Projects/chil/LARAVELBACKENDCHIL/vendor/livewire/livewire/src/Mechanisms/ExtendBlade/ExtendedCompilerEngine.php(58): Illuminate\\View\\Engines\\CompilerEngine->handleViewException(Object(Illuminate\\View\\ViewException), 1)
#1 /Users/elijahisrael/Desktop/Projects/chil/LARAVELBACKENDCHIL/vendor/laravel/framework/src/Illuminate/View/Engines/PhpEngine.php(60): Livewire\\Mechanisms\\ExtendBlade\\ExtendedCompilerEngine->handleViewException(Object(Illuminate\\View\\ViewException), 1)
#2 /Users/elijahisrael/Desktop/Projects/chil/LARAVELBACKENDCHIL/vendor/livewire/livewire/src/Mechanisms/ExtendBlade/ExtendedCompilerEngine.php(22): Illuminate\\View\\Engines\\PhpEngine->evaluatePath('/Users/elijahis...', Array)
#3 /Users/elijahisrael/Desktop/Projects/chil/LARAVELBACKENDCHIL/vendor/laravel/framework/src/Illuminate/View/Engines/CompilerEngine.php(75): Livewire\\Mechanisms\\ExtendBlade\\ExtendedCompilerEngine->evaluatePath('/Users/elijahis...', Array)
#4 /Users/elijahisrael/Desktop/Projects/chil/LARAVELBACKENDCHIL/vendor/livewire/livewire/src/Mechanisms/ExtendBlade/ExtendedCompilerEngine.php(10): Illuminate\\View\\Engines\\CompilerEngine->get('/Users/elijahis...', Array)
#5 /Users/elijahisrael/Desktop/Projects/chil/LARAVELBACKENDCHIL/vendor/laravel/framework/src/Illuminate/View/View.php(209): Livewire\\Mechanisms\\ExtendBlade\\ExtendedCompilerEngine->get('/Users/elijahis...', Array)
#6 /Users/elijahisrael/Desktop/Projects/chil/LARAVELBACKENDCHIL/vendor/laravel/framework/src/Illuminate/View/View.php(192): Illuminate\\View\\View->getContents()
#7 /Users/elijahisrael/Desktop/Projects/chil/LARAVELBACKENDCHIL/vendor/laravel/framework/src/Illuminate/View/View.php(161): Illuminate\\View\\View->renderContents()
#8 /Users/elijahisrael/Desktop/Projects/chil/LARAVELBACKENDCHIL/storage/framework/views/ba982f6c52fa6d545b6d2f4cc9a1658d.php(52): Illuminate\\View\\View->render()
#9 /Users/elijahisrael/Desktop/Projects/chil/LARAVELBACKENDCHIL/vendor/laravel/framework/src/Illuminate/Filesystem/Filesystem.php(123): require('/Users/elijahis...')
#10 /Users/elijahisrael/Desktop/Projects/chil/LARAVELBACKENDCHIL/vendor/laravel/framework/src/Illuminate/Filesystem/Filesystem.php(124): Illuminate\\Filesystem\\Filesystem::{closure:Illuminate\\Filesystem\\Filesystem::getRequire():120}()
#11 /Users/elijahisrael/Desktop/Projects/chil/LARAVELBACKENDCHIL/vendor/laravel/framework/src/Illuminate/View/Engines/PhpEngine.php(58): Illuminate\\Filesystem\\Filesystem->getRequire('/Users/elijahis...', Array)
#12 /Users/elijahisrael/Desktop/Projects/chil/LARAVELBACKENDCHIL/vendor/livewire/livewire/src/Mechanisms/ExtendBlade/ExtendedCompilerEngine.php(22): Illuminate\\View\\Engines\\PhpEngine->evaluatePath('/Users/elijahis...', Array)
#13 /Users/elijahisrael/Desktop/Projects/chil/LARAVELBACKENDCHIL/vendor/laravel/framework/src/Illuminate/View/Engines/CompilerEngine.php(75): Livewire\\Mechanisms\\ExtendBlade\\ExtendedCompilerEngine->evaluatePath('/Users/elijahis...', Array)
#14 /Users/elijahisrael/Desktop/Projects/chil/LARAVELBACKENDCHIL/vendor/livewire/livewire/src/Mechanisms/ExtendBlade/ExtendedCompilerEngine.php(10): Illuminate\\View\\Engines\\CompilerEngine->get('/Users/elijahis...', Array)
#15 /Users/elijahisrael/Desktop/Projects/chil/LARAVELBACKENDCHIL/vendor/laravel/framework/src/Illuminate/View/View.php(209): Livewire\\Mechanisms\\ExtendBlade\\ExtendedCompilerEngine->get('/Users/elijahis...', Array)
#16 /Users/elijahisrael/Desktop/Projects/chil/LARAVELBACKENDCHIL/vendor/laravel/framework/src/Illuminate/View/View.php(192): Illuminate\\View\\View->getContents()
#17 /Users/elijahisrael/Desktop/Projects/chil/LARAVELBACKENDCHIL/vendor/laravel/framework/src/Illuminate/View/View.php(161): Illuminate\\View\\View->renderContents()
#18 /Users/elijahisrael/Desktop/Projects/chil/LARAVELBACKENDCHIL/vendor/laravel/framework/src/Illuminate/Http/Response.php(79): Illuminate\\View\\View->render()
#19 /Users/elijahisrael/Desktop/Projects/chil/LARAVELBACKENDCHIL/vendor/laravel/framework/src/Illuminate/Http/Response.php(35): Illuminate\\Http\\Response->setContent(Object(Illuminate\\View\\View))
#20 /Users/elijahisrael/Desktop/Projects/chil/LARAVELBACKENDCHIL/vendor/laravel/framework/src/Illuminate/Routing/Router.php(920): Illuminate\\Http\\Response->__construct(Object(Illuminate\\View\\View), 200, Array)
#21 /Users/elijahisrael/Desktop/Projects/chil/LARAVELBACKENDCHIL/vendor/laravel/framework/src/Illuminate/Routing/Router.php(887): Illuminate\\Routing\\Router::toResponse(Object(Illuminate\\Http\\Request), Object(Illuminate\\View\\View))
#22 /Users/elijahisrael/Desktop/Projects/chil/LARAVELBACKENDCHIL/vendor/laravel/framework/src/Illuminate/Routing/Router.php(807): Illuminate\\Routing\\Router->prepareResponse(Object(Illuminate\\Http\\Request), Object(Illuminate\\View\\View))
#23 /Users/elijahisrael/Desktop/Projects/chil/LARAVELBACKENDCHIL/vendor/laravel/framework/src/Illuminate/Pipeline/Pipeline.php(170): Illuminate\\Routing\\Router->{closure:Illuminate\\Routing\\Router::runRouteWithinStack():807}(Object(Illuminate\\Http\\Request))
#24 /Users/elijahisrael/Desktop/Projects/chil/LARAVELBACKENDCHIL/vendor/laravel/framework/src/Illuminate/Routing/Middleware/SubstituteBindings.php(51): Illuminate\\Pipeline\\Pipeline->{closure:Illuminate\\Pipeline\\Pipeline::prepareDestination():168}(Object(Illuminate\\Http\\Request))
#25 /Users/elijahisrael/Desktop/Projects/chil/LARAVELBACKENDCHIL/vendor/laravel/framework/src/Illuminate/Pipeline/Pipeline.php(209): Illuminate\\Routing\\Middleware\\SubstituteBindings->handle(Object(Illuminate\\Http\\Request), Object(Closure))
#26 /Users/elijahisrael/Desktop/Projects/chil/LARAVELBACKENDCHIL/vendor/laravel/framework/src/Illuminate/Foundation/Http/Middleware/VerifyCsrfToken.php(88): Illuminate\\Pipeline\\Pipeline->{closure:{closure:Illuminate\\Pipeline\\Pipeline::carry():184}:185}(Object(Illuminate\\Http\\Request))
#27 /Users/elijahisrael/Desktop/Projects/chil/LARAVELBACKENDCHIL/vendor/laravel/framework/src/Illuminate/Pipeline/Pipeline.php(209): Illuminate\\Foundation\\Http\\Middleware\\VerifyCsrfToken->handle(Object(Illuminate\\Http\\Request), Object(Closure))
#28 /Users/elijahisrael/Desktop/Projects/chil/LARAVELBACKENDCHIL/vendor/laravel/framework/src/Illuminate/View/Middleware/ShareErrorsFromSession.php(49): Illuminate\\Pipeline\\Pipeline->{closure:{closure:Illuminate\\Pipeline\\Pipeline::carry():184}:185}(Object(Illuminate\\Http\\Request))
#29 /Users/elijahisrael/Desktop/Projects/chil/LARAVELBACKENDCHIL/vendor/laravel/framework/src/Illuminate/Pipeline/Pipeline.php(209): Illuminate\\View\\Middleware\\ShareErrorsFromSession->handle(Object(Illuminate\\Http\\Request), Object(Closure))
#30 /Users/elijahisrael/Desktop/Projects/chil/LARAVELBACKENDCHIL/vendor/laravel/framework/src/Illuminate/Session/Middleware/StartSession.php(121): Illuminate\\Pipeline\\Pipeline->{closure:{closure:Illuminate\\Pipeline\\Pipeline::carry():184}:185}(Object(Illuminate\\Http\\Request))
#31 /Users/elijahisrael/Desktop/Projects/chil/LARAVELBACKENDCHIL/vendor/laravel/framework/src/Illuminate/Session/Middleware/StartSession.php(64): Illuminate\\Session\\Middleware\\StartSession->handleStatefulRequest(Object(Illuminate\\Http\\Request), Object(Illuminate\\Session\\Store), Object(Closure))
#32 /Users/elijahisrael/Desktop/Projects/chil/LARAVELBACKENDCHIL/vendor/laravel/framework/src/Illuminate/Pipeline/Pipeline.php(209): Illuminate\\Session\\Middleware\\StartSession->handle(Object(Illuminate\\Http\\Request), Object(Closure))
#33 /Users/elijahisrael/Desktop/Projects/chil/LARAVELBACKENDCHIL/vendor/laravel/framework/src/Illuminate/Cookie/Middleware/AddQueuedCookiesToResponse.php(37): Illuminate\\Pipeline\\Pipeline->{closure:{closure:Illuminate\\Pipeline\\Pipeline::carry():184}:185}(Object(Illuminate\\Http\\Request))
#34 /Users/elijahisrael/Desktop/Projects/chil/LARAVELBACKENDCHIL/vendor/laravel/framework/src/Illuminate/Pipeline/Pipeline.php(209): Illuminate\\Cookie\\Middleware\\AddQueuedCookiesToResponse->handle(Object(Illuminate\\Http\\Request), Object(Closure))
#35 /Users/elijahisrael/Desktop/Projects/chil/LARAVELBACKENDCHIL/vendor/laravel/framework/src/Illuminate/Cookie/Middleware/EncryptCookies.php(75): Illuminate\\Pipeline\\Pipeline->{closure:{closure:Illuminate\\Pipeline\\Pipeline::carry():184}:185}(Object(Illuminate\\Http\\Request))
#36 /Users/elijahisrael/Desktop/Projects/chil/LARAVELBACKENDCHIL/vendor/laravel/framework/src/Illuminate/Pipeline/Pipeline.php(209): Illuminate\\Cookie\\Middleware\\EncryptCookies->handle(Object(Illuminate\\Http\\Request), Object(Closure))
#37 /Users/elijahisrael/Desktop/Projects/chil/LARAVELBACKENDCHIL/vendor/laravel/framework/src/Illuminate/Pipeline/Pipeline.php(127): Illuminate\\Pipeline\\Pipeline->{closure:{closure:Illuminate\\Pipeline\\Pipeline::carry():184}:185}(Object(Illuminate\\Http\\Request))
#38 /Users/elijahisrael/Desktop/Projects/chil/LARAVELBACKENDCHIL/vendor/laravel/framework/src/Illuminate/Routing/Router.php(807): Illuminate\\Pipeline\\Pipeline->then(Object(Closure))
#39 /Users/elijahisrael/Desktop/Projects/chil/LARAVELBACKENDCHIL/vendor/laravel/framework/src/Illuminate/Routing/Router.php(786): Illuminate\\Routing\\Router->runRouteWithinStack(Object(Illuminate\\Routing\\Route), Object(Illuminate\\Http\\Request))
#40 /Users/elijahisrael/Desktop/Projects/chil/LARAVELBACKENDCHIL/vendor/laravel/framework/src/Illuminate/Routing/Router.php(750): Illuminate\\Routing\\Router->runRoute(Object(Illuminate\\Http\\Request), Object(Illuminate\\Routing\\Route))
#41 /Users/elijahisrael/Desktop/Projects/chil/LARAVELBACKENDCHIL/vendor/laravel/framework/src/Illuminate/Routing/Router.php(739): Illuminate\\Routing\\Router->dispatchToRoute(Object(Illuminate\\Http\\Request))
#42 /Users/elijahisrael/Desktop/Projects/chil/LARAVELBACKENDCHIL/vendor/laravel/framework/src/Illuminate/Foundation/Http/Kernel.php(201): Illuminate\\Routing\\Router->dispatch(Object(Illuminate\\Http\\Request))
#43 /Users/elijahisrael/Desktop/Projects/chil/LARAVELBACKENDCHIL/vendor/laravel/framework/src/Illuminate/Pipeline/Pipeline.php(170): Illuminate\\Foundation\\Http\\Kernel->{closure:Illuminate\\Foundation\\Http\\Kernel::dispatchToRouter():198}(Object(Illuminate\\Http\\Request))
#44 /Users/elijahisrael/Desktop/Projects/chil/LARAVELBACKENDCHIL/vendor/livewire/livewire/src/Features/SupportDisablingBackButtonCache/DisableBackButtonCacheMiddleware.php(19): Illuminate\\Pipeline\\Pipeline->{closure:Illuminate\\Pipeline\\Pipeline::prepareDestination():168}(Object(Illuminate\\Http\\Request))
#45 /Users/elijahisrael/Desktop/Projects/chil/LARAVELBACKENDCHIL/vendor/laravel/framework/src/Illuminate/Pipeline/Pipeline.php(209): Livewire\\Features\\SupportDisablingBackButtonCache\\DisableBackButtonCacheMiddleware->handle(Object(Illuminate\\Http\\Request), Object(Closure))
#46 /Users/elijahisrael/Desktop/Projects/chil/LARAVELBACKENDCHIL/app/Http/Middleware/Cors.php(31): Illuminate\\Pipeline\\Pipeline->{closure:{closure:Illuminate\\Pipeline\\Pipeline::carry():184}:185}(Object(Illuminate\\Http\\Request))
#47 /Users/elijahisrael/Desktop/Projects/chil/LARAVELBACKENDCHIL/vendor/laravel/framework/src/Illuminate/Pipeline/Pipeline.php(209): App\\Http\\Middleware\\Cors->handle(Object(Illuminate\\Http\\Request), Object(Closure))
#48 /Users/elijahisrael/Desktop/Projects/chil/LARAVELBACKENDCHIL/vendor/laravel/framework/src/Illuminate/Http/Middleware/TrustProxies.php(58): Illuminate\\Pipeline\\Pipeline->{closure:{closure:Illuminate\\Pipeline\\Pipeline::carry():184}:185}(Object(Illuminate\\Http\\Request))
#49 /Users/elijahisrael/Desktop/Projects/chil/LARAVELBACKENDCHIL/vendor/laravel/framework/src/Illuminate/Pipeline/Pipeline.php(209): Illuminate\\Http\\Middleware\\TrustProxies->handle(Object(Illuminate\\Http\\Request), Object(Closure))
#50 /Users/elijahisrael/Desktop/Projects/chil/LARAVELBACKENDCHIL/vendor/laravel/framework/src/Illuminate/Foundation/Http/Middleware/TransformsRequest.php(21): Illuminate\\Pipeline\\Pipeline->{closure:{closure:Illuminate\\Pipeline\\Pipeline::carry():184}:185}(Object(Illuminate\\Http\\Request))
#51 /Users/elijahisrael/Desktop/Projects/chil/LARAVELBACKENDCHIL/vendor/laravel/framework/src/Illuminate/Foundation/Http/Middleware/ConvertEmptyStringsToNull.php(31): Illuminate\\Foundation\\Http\\Middleware\\TransformsRequest->handle(Object(Illuminate\\Http\\Request), Object(Closure))
#52 /Users/elijahisrael/Desktop/Projects/chil/LARAVELBACKENDCHIL/vendor/laravel/framework/src/Illuminate/Pipeline/Pipeline.php(209): Illuminate\\Foundation\\Http\\Middleware\\ConvertEmptyStringsToNull->handle(Object(Illuminate\\Http\\Request), Object(Closure))
#53 /Users/elijahisrael/Desktop/Projects/chil/LARAVELBACKENDCHIL/vendor/laravel/framework/src/Illuminate/Foundation/Http/Middleware/TransformsRequest.php(21): Illuminate\\Pipeline\\Pipeline->{closure:{closure:Illuminate\\Pipeline\\Pipeline::carry():184}:185}(Object(Illuminate\\Http\\Request))
#54 /Users/elijahisrael/Desktop/Projects/chil/LARAVELBACKENDCHIL/vendor/laravel/framework/src/Illuminate/Foundation/Http/Middleware/TrimStrings.php(51): Illuminate\\Foundation\\Http\\Middleware\\TransformsRequest->handle(Object(Illuminate\\Http\\Request), Object(Closure))
#55 /Users/elijahisrael/Desktop/Projects/chil/LARAVELBACKENDCHIL/vendor/laravel/framework/src/Illuminate/Pipeline/Pipeline.php(209): Illuminate\\Foundation\\Http\\Middleware\\TrimStrings->handle(Object(Illuminate\\Http\\Request), Object(Closure))
#56 /Users/elijahisrael/Desktop/Projects/chil/LARAVELBACKENDCHIL/vendor/laravel/framework/src/Illuminate/Http/Middleware/ValidatePostSize.php(27): Illuminate\\Pipeline\\Pipeline->{closure:{closure:Illuminate\\Pipeline\\Pipeline::carry():184}:185}(Object(Illuminate\\Http\\Request))
#57 /Users/elijahisrael/Desktop/Projects/chil/LARAVELBACKENDCHIL/vendor/laravel/framework/src/Illuminate/Pipeline/Pipeline.php(209): Illuminate\\Http\\Middleware\\ValidatePostSize->handle(Object(Illuminate\\Http\\Request), Object(Closure))
#58 /Users/elijahisrael/Desktop/Projects/chil/LARAVELBACKENDCHIL/vendor/laravel/framework/src/Illuminate/Foundation/Http/Middleware/PreventRequestsDuringMaintenance.php(110): Illuminate\\Pipeline\\Pipeline->{closure:{closure:Illuminate\\Pipeline\\Pipeline::carry():184}:185}(Object(Illuminate\\Http\\Request))
#59 /Users/elijahisrael/Desktop/Projects/chil/LARAVELBACKENDCHIL/vendor/laravel/framework/src/Illuminate/Pipeline/Pipeline.php(209): Illuminate\\Foundation\\Http\\Middleware\\PreventRequestsDuringMaintenance->handle(Object(Illuminate\\Http\\Request), Object(Closure))
#60 /Users/elijahisrael/Desktop/Projects/chil/LARAVELBACKENDCHIL/vendor/laravel/framework/src/Illuminate/Pipeline/Pipeline.php(127): Illuminate\\Pipeline\\Pipeline->{closure:{closure:Illuminate\\Pipeline\\Pipeline::carry():184}:185}(Object(Illuminate\\Http\\Request))
#61 /Users/elijahisrael/Desktop/Projects/chil/LARAVELBACKENDCHIL/vendor/laravel/framework/src/Illuminate/Foundation/Http/Kernel.php(176): Illuminate\\Pipeline\\Pipeline->then(Object(Closure))
#62 /Users/elijahisrael/Desktop/Projects/chil/LARAVELBACKENDCHIL/vendor/laravel/framework/src/Illuminate/Foundation/Http/Kernel.php(145): Illuminate\\Foundation\\Http\\Kernel->sendRequestThroughRouter(Object(Illuminate\\Http\\Request))
#63 /Users/elijahisrael/Desktop/Projects/chil/LARAVELBACKENDCHIL/public/index.php(54): Illuminate\\Foundation\\Http\\Kernel->handle(Object(Illuminate\\Http\\Request))
#64 /Users/elijahisrael/Desktop/Projects/chil/LARAVELBACKENDCHIL/server.php(21): require_once('/Users/elijahis...')
#65 {main}

[previous exception] [object] (Illuminate\\View\\ViewException(code: 0): Missing required parameter for [Route: book-doctor] [URI: book-doctor/{school}] [Missing parameter: school]. (View: /Users/elijahisrael/Desktop/Projects/chil/LARAVELBACKENDCHIL/resources/views/layouts/sidebar.blade.php) at /Users/elijahisrael/Desktop/Projects/chil/LARAVELBACKENDCHIL/vendor/laravel/framework/src/Illuminate/Routing/Exceptions/UrlGenerationException.php:35)
[stacktrace]
#0 /Users/elijahisrael/Desktop/Projects/chil/LARAVELBACKENDCHIL/vendor/livewire/livewire/src/Mechanisms/ExtendBlade/ExtendedCompilerEngine.php(58): Illuminate\\View\\Engines\\CompilerEngine->handleViewException(Object(Illuminate\\Routing\\Exceptions\\UrlGenerationException), 2)
#1 /Users/elijahisrael/Desktop/Projects/chil/LARAVELBACKENDCHIL/vendor/laravel/framework/src/Illuminate/View/Engines/PhpEngine.php(60): Livewire\\Mechanisms\\ExtendBlade\\ExtendedCompilerEngine->handleViewException(Object(Illuminate\\Routing\\Exceptions\\UrlGenerationException), 2)
#2 /Users/elijahisrael/Desktop/Projects/chil/LARAVELBACKENDCHIL/vendor/livewire/livewire/src/Mechanisms/ExtendBlade/ExtendedCompilerEngine.php(22): Illuminate\\View\\Engines\\PhpEngine->evaluatePath('/Users/elijahis...', Array)
#3 /Users/elijahisrael/Desktop/Projects/chil/LARAVELBACKENDCHIL/vendor/laravel/framework/src/Illuminate/View/Engines/CompilerEngine.php(75): Livewire\\Mechanisms\\ExtendBlade\\ExtendedCompilerEngine->evaluatePath('/Users/elijahis...', Array)
#4 /Users/elijahisrael/Desktop/Projects/chil/LARAVELBACKENDCHIL/vendor/livewire/livewire/src/Mechanisms/ExtendBlade/ExtendedCompilerEngine.php(10): Illuminate\\View\\Engines\\CompilerEngine->get('/Users/elijahis...', Array)
#5 /Users/elijahisrael/Desktop/Projects/chil/LARAVELBACKENDCHIL/vendor/laravel/framework/src/Illuminate/View/View.php(209): Livewire\\Mechanisms\\ExtendBlade\\ExtendedCompilerEngine->get('/Users/elijahis...', Array)
#6 /Users/elijahisrael/Desktop/Projects/chil/LARAVELBACKENDCHIL/vendor/laravel/framework/src/Illuminate/View/View.php(192): Illuminate\\View\\View->getContents()
#7 /Users/elijahisrael/Desktop/Projects/chil/LARAVELBACKENDCHIL/vendor/laravel/framework/src/Illuminate/View/View.php(161): Illuminate\\View\\View->renderContents()
#8 /Users/elijahisrael/Desktop/Projects/chil/LARAVELBACKENDCHIL/storage/framework/views/8543c75aea23cb66ed4e20af308d23ec.php(126): Illuminate\\View\\View->render()
#9 /Users/elijahisrael/Desktop/Projects/chil/LARAVELBACKENDCHIL/vendor/laravel/framework/src/Illuminate/Filesystem/Filesystem.php(123): require('/Users/elijahis...')
#10 /Users/elijahisrael/Desktop/Projects/chil/LARAVELBACKENDCHIL/vendor/laravel/framework/src/Illuminate/Filesystem/Filesystem.php(124): Illuminate\\Filesystem\\Filesystem::{closure:Illuminate\\Filesystem\\Filesystem::getRequire():120}()
#11 /Users/elijahisrael/Desktop/Projects/chil/LARAVELBACKENDCHIL/vendor/laravel/framework/src/Illuminate/View/Engines/PhpEngine.php(58): Illuminate\\Filesystem\\Filesystem->getRequire('/Users/elijahis...', Array)
#12 /Users/elijahisrael/Desktop/Projects/chil/LARAVELBACKENDCHIL/vendor/livewire/livewire/src/Mechanisms/ExtendBlade/ExtendedCompilerEngine.php(22): Illuminate\\View\\Engines\\PhpEngine->evaluatePath('/Users/elijahis...', Array)
#13 /Users/elijahisrael/Desktop/Projects/chil/LARAVELBACKENDCHIL/vendor/laravel/framework/src/Illuminate/View/Engines/CompilerEngine.php(75): Livewire\\Mechanisms\\ExtendBlade\\ExtendedCompilerEngine->evaluatePath('/Users/elijahis...', Array)
#14 /Users/elijahisrael/Desktop/Projects/chil/LARAVELBACKENDCHIL/vendor/livewire/livewire/src/Mechanisms/ExtendBlade/ExtendedCompilerEngine.php(10): Illuminate\\View\\Engines\\CompilerEngine->get('/Users/elijahis...', Array)
#15 /Users/elijahisrael/Desktop/Projects/chil/LARAVELBACKENDCHIL/vendor/laravel/framework/src/Illuminate/View/View.php(209): Livewire\\Mechanisms\\ExtendBlade\\ExtendedCompilerEngine->get('/Users/elijahis...', Array)
#16 /Users/elijahisrael/Desktop/Projects/chil/LARAVELBACKENDCHIL/vendor/laravel/framework/src/Illuminate/View/View.php(192): Illuminate\\View\\View->getContents()
#17 /Users/elijahisrael/Desktop/Projects/chil/LARAVELBACKENDCHIL/vendor/laravel/framework/src/Illuminate/View/View.php(161): Illuminate\\View\\View->renderContents()
#18 /Users/elijahisrael/Desktop/Projects/chil/LARAVELBACKENDCHIL/storage/framework/views/ba982f6c52fa6d545b6d2f4cc9a1658d.php(52): Illuminate\\View\\View->render()
#19 /Users/elijahisrael/Desktop/Projects/chil/LARAVELBACKENDCHIL/vendor/laravel/framework/src/Illuminate/Filesystem/Filesystem.php(123): require('/Users/elijahis...')
#20 /Users/elijahisrael/Desktop/Projects/chil/LARAVELBACKENDCHIL/vendor/laravel/framework/src/Illuminate/Filesystem/Filesystem.php(124): Illuminate\\Filesystem\\Filesystem::{closure:Illuminate\\Filesystem\\Filesystem::getRequire():120}()
#21 /Users/elijahisrael/Desktop/Projects/chil/LARAVELBACKENDCHIL/vendor/laravel/framework/src/Illuminate/View/Engines/PhpEngine.php(58): Illuminate\\Filesystem\\Filesystem->getRequire('/Users/elijahis...', Array)
#22 /Users/elijahisrael/Desktop/Projects/chil/LARAVELBACKENDCHIL/vendor/livewire/livewire/src/Mechanisms/ExtendBlade/ExtendedCompilerEngine.php(22): Illuminate\\View\\Engines\\PhpEngine->evaluatePath('/Users/elijahis...', Array)
#23 /Users/elijahisrael/Desktop/Projects/chil/LARAVELBACKENDCHIL/vendor/laravel/framework/src/Illuminate/View/Engines/CompilerEngine.php(75): Livewire\\Mechanisms\\ExtendBlade\\ExtendedCompilerEngine->evaluatePath('/Users/elijahis...', Array)
#24 /Users/elijahisrael/Desktop/Projects/chil/LARAVELBACKENDCHIL/vendor/livewire/livewire/src/Mechanisms/ExtendBlade/ExtendedCompilerEngine.php(10): Illuminate\\View\\Engines\\CompilerEngine->get('/Users/elijahis...', Array)
#25 /Users/elijahisrael/Desktop/Projects/chil/LARAVELBACKENDCHIL/vendor/laravel/framework/src/Illuminate/View/View.php(209): Livewire\\Mechanisms\\ExtendBlade\\ExtendedCompilerEngine->get('/Users/elijahis...', Array)
#26 /Users/elijahisrael/Desktop/Projects/chil/LARAVELBACKENDCHIL/vendor/laravel/framework/src/Illuminate/View/View.php(192): Illuminate\\View\\View->getContents()
#27 /Users/elijahisrael/Desktop/Projects/chil/LARAVELBACKENDCHIL/vendor/laravel/framework/src/Illuminate/View/View.php(161): Illuminate\\View\\View->renderContents()
#28 /Users/elijahisrael/Desktop/Projects/chil/LARAVELBACKENDCHIL/vendor/laravel/framework/src/Illuminate/Http/Response.php(79): Illuminate\\View\\View->render()
#29 /Users/elijahisrael/Desktop/Projects/chil/LARAVELBACKENDCHIL/vendor/laravel/framework/src/Illuminate/Http/Response.php(35): Illuminate\\Http\\Response->setContent(Object(Illuminate\\View\\View))
#30 /Users/elijahisrael/Desktop/Projects/chil/LARAVELBACKENDCHIL/vendor/laravel/framework/src/Illuminate/Routing/Router.php(920): Illuminate\\Http\\Response->__construct(Object(Illuminate\\View\\View), 200, Array)
#31 /Users/elijahisrael/Desktop/Projects/chil/LARAVELBACKENDCHIL/vendor/laravel/framework/src/Illuminate/Routing/Router.php(887): Illuminate\\Routing\\Router::toResponse(Object(Illuminate\\Http\\Request), Object(Illuminate\\View\\View))
#32 /Users/elijahisrael/Desktop/Projects/chil/LARAVELBACKENDCHIL/vendor/laravel/framework/src/Illuminate/Routing/Router.php(807): Illuminate\\Routing\\Router->prepareResponse(Object(Illuminate\\Http\\Request), Object(Illuminate\\View\\View))
#33 /Users/elijahisrael/Desktop/Projects/chil/LARAVELBACKENDCHIL/vendor/laravel/framework/src/Illuminate/Pipeline/Pipeline.php(170): Illuminate\\Routing\\Router->{closure:Illuminate\\Routing\\Router::runRouteWithinStack():807}(Object(Illuminate\\Http\\Request))
#34 /Users/elijahisrael/Desktop/Projects/chil/LARAVELBACKENDCHIL/vendor/laravel/framework/src/Illuminate/Routing/Middleware/SubstituteBindings.php(51): Illuminate\\Pipeline\\Pipeline->{closure:Illuminate\\Pipeline\\Pipeline::prepareDestination():168}(Object(Illuminate\\Http\\Request))
#35 /Users/elijahisrael/Desktop/Projects/chil/LARAVELBACKENDCHIL/vendor/laravel/framework/src/Illuminate/Pipeline/Pipeline.php(209): Illuminate\\Routing\\Middleware\\SubstituteBindings->handle(Object(Illuminate\\Http\\Request), Object(Closure))
#36 /Users/elijahisrael/Desktop/Projects/chil/LARAVELBACKENDCHIL/vendor/laravel/framework/src/Illuminate/Foundation/Http/Middleware/VerifyCsrfToken.php(88): Illuminate\\Pipeline\\Pipeline->{closure:{closure:Illuminate\\Pipeline\\Pipeline::carry():184}:185}(Object(Illuminate\\Http\\Request))
#37 /Users/elijahisrael/Desktop/Projects/chil/LARAVELBACKENDCHIL/vendor/laravel/framework/src/Illuminate/Pipeline/Pipeline.php(209): Illuminate\\Foundation\\Http\\Middleware\\VerifyCsrfToken->handle(Object(Illuminate\\Http\\Request), Object(Closure))
#38 /Users/elijahisrael/Desktop/Projects/chil/LARAVELBACKENDCHIL/vendor/laravel/framework/src/Illuminate/View/Middleware/ShareErrorsFromSession.php(49): Illuminate\\Pipeline\\Pipeline->{closure:{closure:Illuminate\\Pipeline\\Pipeline::carry():184}:185}(Object(Illuminate\\Http\\Request))
#39 /Users/elijahisrael/Desktop/Projects/chil/LARAVELBACKENDCHIL/vendor/laravel/framework/src/Illuminate/Pipeline/Pipeline.php(209): Illuminate\\View\\Middleware\\ShareErrorsFromSession->handle(Object(Illuminate\\Http\\Request), Object(Closure))
#40 /Users/elijahisrael/Desktop/Projects/chil/LARAVELBACKENDCHIL/vendor/laravel/framework/src/Illuminate/Session/Middleware/StartSession.php(121): Illuminate\\Pipeline\\Pipeline->{closure:{closure:Illuminate\\Pipeline\\Pipeline::carry():184}:185}(Object(Illuminate\\Http\\Request))
#41 /Users/elijahisrael/Desktop/Projects/chil/LARAVELBACKENDCHIL/vendor/laravel/framework/src/Illuminate/Session/Middleware/StartSession.php(64): Illuminate\\Session\\Middleware\\StartSession->handleStatefulRequest(Object(Illuminate\\Http\\Request), Object(Illuminate\\Session\\Store), Object(Closure))
#42 /Users/elijahisrael/Desktop/Projects/chil/LARAVELBACKENDCHIL/vendor/laravel/framework/src/Illuminate/Pipeline/Pipeline.php(209): Illuminate\\Session\\Middleware\\StartSession->handle(Object(Illuminate\\Http\\Request), Object(Closure))
#43 /Users/elijahisrael/Desktop/Projects/chil/LARAVELBACKENDCHIL/vendor/laravel/framework/src/Illuminate/Cookie/Middleware/AddQueuedCookiesToResponse.php(37): Illuminate\\Pipeline\\Pipeline->{closure:{closure:Illuminate\\Pipeline\\Pipeline::carry():184}:185}(Object(Illuminate\\Http\\Request))
#44 /Users/elijahisrael/Desktop/Projects/chil/LARAVELBACKENDCHIL/vendor/laravel/framework/src/Illuminate/Pipeline/Pipeline.php(209): Illuminate\\Cookie\\Middleware\\AddQueuedCookiesToResponse->handle(Object(Illuminate\\Http\\Request), Object(Closure))
#45 /Users/elijahisrael/Desktop/Projects/chil/LARAVELBACKENDCHIL/vendor/laravel/framework/src/Illuminate/Cookie/Middleware/EncryptCookies.php(75): Illuminate\\Pipeline\\Pipeline->{closure:{closure:Illuminate\\Pipeline\\Pipeline::carry():184}:185}(Object(Illuminate\\Http\\Request))
#46 /Users/elijahisrael/Desktop/Projects/chil/LARAVELBACKENDCHIL/vendor/laravel/framework/src/Illuminate/Pipeline/Pipeline.php(209): Illuminate\\Cookie\\Middleware\\EncryptCookies->handle(Object(Illuminate\\Http\\Request), Object(Closure))
#47 /Users/elijahisrael/Desktop/Projects/chil/LARAVELBACKENDCHIL/vendor/laravel/framework/src/Illuminate/Pipeline/Pipeline.php(127): Illuminate\\Pipeline\\Pipeline->{closure:{closure:Illuminate\\Pipeline\\Pipeline::carry():184}:185}(Object(Illuminate\\Http\\Request))
#48 /Users/elijahisrael/Desktop/Projects/chil/LARAVELBACKENDCHIL/vendor/laravel/framework/src/Illuminate/Routing/Router.php(807): Illuminate\\Pipeline\\Pipeline->then(Object(Closure))
#49 /Users/elijahisrael/Desktop/Projects/chil/LARAVELBACKENDCHIL/vendor/laravel/framework/src/Illuminate/Routing/Router.php(786): Illuminate\\Routing\\Router->runRouteWithinStack(Object(Illuminate\\Routing\\Route), Object(Illuminate\\Http\\Request))
#50 /Users/elijahisrael/Desktop/Projects/chil/LARAVELBACKENDCHIL/vendor/laravel/framework/src/Illuminate/Routing/Router.php(750): Illuminate\\Routing\\Router->runRoute(Object(Illuminate\\Http\\Request), Object(Illuminate\\Routing\\Route))
#51 /Users/elijahisrael/Desktop/Projects/chil/LARAVELBACKENDCHIL/vendor/laravel/framework/src/Illuminate/Routing/Router.php(739): Illuminate\\Routing\\Router->dispatchToRoute(Object(Illuminate\\Http\\Request))
#52 /Users/elijahisrael/Desktop/Projects/chil/LARAVELBACKENDCHIL/vendor/laravel/framework/src/Illuminate/Foundation/Http/Kernel.php(201): Illuminate\\Routing\\Router->dispatch(Object(Illuminate\\Http\\Request))
#53 /Users/elijahisrael/Desktop/Projects/chil/LARAVELBACKENDCHIL/vendor/laravel/framework/src/Illuminate/Pipeline/Pipeline.php(170): Illuminate\\Foundation\\Http\\Kernel->{closure:Illuminate\\Foundation\\Http\\Kernel::dispatchToRouter():198}(Object(Illuminate\\Http\\Request))
#54 /Users/elijahisrael/Desktop/Projects/chil/LARAVELBACKENDCHIL/vendor/livewire/livewire/src/Features/SupportDisablingBackButtonCache/DisableBackButtonCacheMiddleware.php(19): Illuminate\\Pipeline\\Pipeline->{closure:Illuminate\\Pipeline\\Pipeline::prepareDestination():168}(Object(Illuminate\\Http\\Request))
#55 /Users/elijahisrael/Desktop/Projects/chil/LARAVELBACKENDCHIL/vendor/laravel/framework/src/Illuminate/Pipeline/Pipeline.php(209): Livewire\\Features\\SupportDisablingBackButtonCache\\DisableBackButtonCacheMiddleware->handle(Object(Illuminate\\Http\\Request), Object(Closure))
#56 /Users/elijahisrael/Desktop/Projects/chil/LARAVELBACKENDCHIL/app/Http/Middleware/Cors.php(31): Illuminate\\Pipeline\\Pipeline->{closure:{closure:Illuminate\\Pipeline\\Pipeline::carry():184}:185}(Object(Illuminate\\Http\\Request))
#57 /Users/elijahisrael/Desktop/Projects/chil/LARAVELBACKENDCHIL/vendor/laravel/framework/src/Illuminate/Pipeline/Pipeline.php(209): App\\Http\\Middleware\\Cors->handle(Object(Illuminate\\Http\\Request), Object(Closure))
#58 /Users/elijahisrael/Desktop/Projects/chil/LARAVELBACKENDCHIL/vendor/laravel/framework/src/Illuminate/Http/Middleware/TrustProxies.php(58): Illuminate\\Pipeline\\Pipeline->{closure:{closure:Illuminate\\Pipeline\\Pipeline::carry():184}:185}(Object(Illuminate\\Http\\Request))
#59 /Users/elijahisrael/Desktop/Projects/chil/LARAVELBACKENDCHIL/vendor/laravel/framework/src/Illuminate/Pipeline/Pipeline.php(209): Illuminate\\Http\\Middleware\\TrustProxies->handle(Object(Illuminate\\Http\\Request), Object(Closure))
#60 /Users/elijahisrael/Desktop/Projects/chil/LARAVELBACKENDCHIL/vendor/laravel/framework/src/Illuminate/Foundation/Http/Middleware/TransformsRequest.php(21): Illuminate\\Pipeline\\Pipeline->{closure:{closure:Illuminate\\Pipeline\\Pipeline::carry():184}:185}(Object(Illuminate\\Http\\Request))
#61 /Users/elijahisrael/Desktop/Projects/chil/LARAVELBACKENDCHIL/vendor/laravel/framework/src/Illuminate/Foundation/Http/Middleware/ConvertEmptyStringsToNull.php(31): Illuminate\\Foundation\\Http\\Middleware\\TransformsRequest->handle(Object(Illuminate\\Http\\Request), Object(Closure))
#62 /Users/elijahisrael/Desktop/Projects/chil/LARAVELBACKENDCHIL/vendor/laravel/framework/src/Illuminate/Pipeline/Pipeline.php(209): Illuminate\\Foundation\\Http\\Middleware\\ConvertEmptyStringsToNull->handle(Object(Illuminate\\Http\\Request), Object(Closure))
#63 /Users/elijahisrael/Desktop/Projects/chil/LARAVELBACKENDCHIL/vendor/laravel/framework/src/Illuminate/Foundation/Http/Middleware/TransformsRequest.php(21): Illuminate\\Pipeline\\Pipeline->{closure:{closure:Illuminate\\Pipeline\\Pipeline::carry():184}:185}(Object(Illuminate\\Http\\Request))
#64 /Users/elijahisrael/Desktop/Projects/chil/LARAVELBACKENDCHIL/vendor/laravel/framework/src/Illuminate/Foundation/Http/Middleware/TrimStrings.php(51): Illuminate\\Foundation\\Http\\Middleware\\TransformsRequest->handle(Object(Illuminate\\Http\\Request), Object(Closure))
#65 /Users/elijahisrael/Desktop/Projects/chil/LARAVELBACKENDCHIL/vendor/laravel/framework/src/Illuminate/Pipeline/Pipeline.php(209): Illuminate\\Foundation\\Http\\Middleware\\TrimStrings->handle(Object(Illuminate\\Http\\Request), Object(Closure))
#66 /Users/elijahisrael/Desktop/Projects/chil/LARAVELBACKENDCHIL/vendor/laravel/framework/src/Illuminate/Http/Middleware/ValidatePostSize.php(27): Illuminate\\Pipeline\\Pipeline->{closure:{closure:Illuminate\\Pipeline\\Pipeline::carry():184}:185}(Object(Illuminate\\Http\\Request))
#67 /Users/elijahisrael/Desktop/Projects/chil/LARAVELBACKENDCHIL/vendor/laravel/framework/src/Illuminate/Pipeline/Pipeline.php(209): Illuminate\\Http\\Middleware\\ValidatePostSize->handle(Object(Illuminate\\Http\\Request), Object(Closure))
#68 /Users/elijahisrael/Desktop/Projects/chil/LARAVELBACKENDCHIL/vendor/laravel/framework/src/Illuminate/Foundation/Http/Middleware/PreventRequestsDuringMaintenance.php(110): Illuminate\\Pipeline\\Pipeline->{closure:{closure:Illuminate\\Pipeline\\Pipeline::carry():184}:185}(Object(Illuminate\\Http\\Request))
#69 /Users/elijahisrael/Desktop/Projects/chil/LARAVELBACKENDCHIL/vendor/laravel/framework/src/Illuminate/Pipeline/Pipeline.php(209): Illuminate\\Foundation\\Http\\Middleware\\PreventRequestsDuringMaintenance->handle(Object(Illuminate\\Http\\Request), Object(Closure))
#70 /Users/elijahisrael/Desktop/Projects/chil/LARAVELBACKENDCHIL/vendor/laravel/framework/src/Illuminate/Pipeline/Pipeline.php(127): Illuminate\\Pipeline\\Pipeline->{closure:{closure:Illuminate\\Pipeline\\Pipeline::carry():184}:185}(Object(Illuminate\\Http\\Request))
#71 /Users/elijahisrael/Desktop/Projects/chil/LARAVELBACKENDCHIL/vendor/laravel/framework/src/Illuminate/Foundation/Http/Kernel.php(176): Illuminate\\Pipeline\\Pipeline->then(Object(Closure))
#72 /Users/elijahisrael/Desktop/Projects/chil/LARAVELBACKENDCHIL/vendor/laravel/framework/src/Illuminate/Foundation/Http/Kernel.php(145): Illuminate\\Foundation\\Http\\Kernel->sendRequestThroughRouter(Object(Illuminate\\Http\\Request))
#73 /Users/elijahisrael/Desktop/Projects/chil/LARAVELBACKENDCHIL/public/index.php(54): Illuminate\\Foundation\\Http\\Kernel->handle(Object(Illuminate\\Http\\Request))
#74 /Users/elijahisrael/Desktop/Projects/chil/LARAVELBACKENDCHIL/server.php(21): require_once('/Users/elijahis...')
#75 {main}

[previous exception] [object] (Illuminate\\Routing\\Exceptions\\UrlGenerationException(code: 0): Missing required parameter for [Route: book-doctor] [URI: book-doctor/{school}] [Missing parameter: school]. at /Users/elijahisrael/Desktop/Projects/chil/LARAVELBACKENDCHIL/vendor/laravel/framework/src/Illuminate/Routing/Exceptions/UrlGenerationException.php:35)
[stacktrace]
#0 /Users/elijahisrael/Desktop/Projects/chil/LARAVELBACKENDCHIL/vendor/laravel/framework/src/Illuminate/Routing/RouteUrlGenerator.php(90): Illuminate\\Routing\\Exceptions\\UrlGenerationException::forMissingParameters(Object(Illuminate\\Routing\\Route), Array)
#1 /Users/elijahisrael/Desktop/Projects/chil/LARAVELBACKENDCHIL/vendor/laravel/framework/src/Illuminate/Routing/UrlGenerator.php(544): Illuminate\\Routing\\RouteUrlGenerator->to(Object(Illuminate\\Routing\\Route), Array, true)
#2 /Users/elijahisrael/Desktop/Projects/chil/LARAVELBACKENDCHIL/vendor/laravel/framework/src/Illuminate/Routing/UrlGenerator.php(509): Illuminate\\Routing\\UrlGenerator->toRoute(Object(Illuminate\\Routing\\Route), Array, true)
#3 /Users/elijahisrael/Desktop/Projects/chil/LARAVELBACKENDCHIL/vendor/laravel/framework/src/Illuminate/Foundation/helpers.php(853): Illuminate\\Routing\\UrlGenerator->route('book-doctor', Array, true)
#4 /Users/elijahisrael/Desktop/Projects/chil/LARAVELBACKENDCHIL/storage/framework/views/c0667ced79c677f8fee0566ce64d6e5a.php(16): route('book-doctor')
#5 /Users/elijahisrael/Desktop/Projects/chil/LARAVELBACKENDCHIL/vendor/laravel/framework/src/Illuminate/Filesystem/Filesystem.php(123): require('/Users/elijahis...')
#6 /Users/elijahisrael/Desktop/Projects/chil/LARAVELBACKENDCHIL/vendor/laravel/framework/src/Illuminate/Filesystem/Filesystem.php(124): Illuminate\\Filesystem\\Filesystem::{closure:Illuminate\\Filesystem\\Filesystem::getRequire():120}()
#7 /Users/elijahisrael/Desktop/Projects/chil/LARAVELBACKENDCHIL/vendor/laravel/framework/src/Illuminate/View/Engines/PhpEngine.php(58): Illuminate\\Filesystem\\Filesystem->getRequire('/Users/elijahis...', Array)
#8 /Users/elijahisrael/Desktop/Projects/chil/LARAVELBACKENDCHIL/vendor/livewire/livewire/src/Mechanisms/ExtendBlade/ExtendedCompilerEngine.php(22): Illuminate\\View\\Engines\\PhpEngine->evaluatePath('/Users/elijahis...', Array)
#9 /Users/elijahisrael/Desktop/Projects/chil/LARAVELBACKENDCHIL/vendor/laravel/framework/src/Illuminate/View/Engines/CompilerEngine.php(75): Livewire\\Mechanisms\\ExtendBlade\\ExtendedCompilerEngine->evaluatePath('/Users/elijahis...', Array)
#10 /Users/elijahisrael/Desktop/Projects/chil/LARAVELBACKENDCHIL/vendor/livewire/livewire/src/Mechanisms/ExtendBlade/ExtendedCompilerEngine.php(10): Illuminate\\View\\Engines\\CompilerEngine->get('/Users/elijahis...', Array)
#11 /Users/elijahisrael/Desktop/Projects/chil/LARAVELBACKENDCHIL/vendor/laravel/framework/src/Illuminate/View/View.php(209): Livewire\\Mechanisms\\ExtendBlade\\ExtendedCompilerEngine->get('/Users/elijahis...', Array)
#12 /Users/elijahisrael/Desktop/Projects/chil/LARAVELBACKENDCHIL/vendor/laravel/framework/src/Illuminate/View/View.php(192): Illuminate\\View\\View->getContents()
#13 /Users/elijahisrael/Desktop/Projects/chil/LARAVELBACKENDCHIL/vendor/laravel/framework/src/Illuminate/View/View.php(161): Illuminate\\View\\View->renderContents()
#14 /Users/elijahisrael/Desktop/Projects/chil/LARAVELBACKENDCHIL/storage/framework/views/8543c75aea23cb66ed4e20af308d23ec.php(126): Illuminate\\View\\View->render()
#15 /Users/elijahisrael/Desktop/Projects/chil/LARAVELBACKENDCHIL/vendor/laravel/framework/src/Illuminate/Filesystem/Filesystem.php(123): require('/Users/elijahis...')
#16 /Users/elijahisrael/Desktop/Projects/chil/LARAVELBACKENDCHIL/vendor/laravel/framework/src/Illuminate/Filesystem/Filesystem.php(124): Illuminate\\Filesystem\\Filesystem::{closure:Illuminate\\Filesystem\\Filesystem::getRequire():120}()
#17 /Users/elijahisrael/Desktop/Projects/chil/LARAVELBACKENDCHIL/vendor/laravel/framework/src/Illuminate/View/Engines/PhpEngine.php(58): Illuminate\\Filesystem\\Filesystem->getRequire('/Users/elijahis...', Array)
#18 /Users/elijahisrael/Desktop/Projects/chil/LARAVELBACKENDCHIL/vendor/livewire/livewire/src/Mechanisms/ExtendBlade/ExtendedCompilerEngine.php(22): Illuminate\\View\\Engines\\PhpEngine->evaluatePath('/Users/elijahis...', Array)
#19 /Users/elijahisrael/Desktop/Projects/chil/LARAVELBACKENDCHIL/vendor/laravel/framework/src/Illuminate/View/Engines/CompilerEngine.php(75): Livewire\\Mechanisms\\ExtendBlade\\ExtendedCompilerEngine->evaluatePath('/Users/elijahis...', Array)
#20 /Users/elijahisrael/Desktop/Projects/chil/LARAVELBACKENDCHIL/vendor/livewire/livewire/src/Mechanisms/ExtendBlade/ExtendedCompilerEngine.php(10): Illuminate\\View\\Engines\\CompilerEngine->get('/Users/elijahis...', Array)
#21 /Users/elijahisrael/Desktop/Projects/chil/LARAVELBACKENDCHIL/vendor/laravel/framework/src/Illuminate/View/View.php(209): Livewire\\Mechanisms\\ExtendBlade\\ExtendedCompilerEngine->get('/Users/elijahis...', Array)
#22 /Users/elijahisrael/Desktop/Projects/chil/LARAVELBACKENDCHIL/vendor/laravel/framework/src/Illuminate/View/View.php(192): Illuminate\\View\\View->getContents()
#23 /Users/elijahisrael/Desktop/Projects/chil/LARAVELBACKENDCHIL/vendor/laravel/framework/src/Illuminate/View/View.php(161): Illuminate\\View\\View->renderContents()
#24 /Users/elijahisrael/Desktop/Projects/chil/LARAVELBACKENDCHIL/storage/framework/views/ba982f6c52fa6d545b6d2f4cc9a1658d.php(52): Illuminate\\View\\View->render()
#25 /Users/elijahisrael/Desktop/Projects/chil/LARAVELBACKENDCHIL/vendor/laravel/framework/src/Illuminate/Filesystem/Filesystem.php(123): require('/Users/elijahis...')
#26 /Users/elijahisrael/Desktop/Projects/chil/LARAVELBACKENDCHIL/vendor/laravel/framework/src/Illuminate/Filesystem/Filesystem.php(124): Illuminate\\Filesystem\\Filesystem::{closure:Illuminate\\Filesystem\\Filesystem::getRequire():120}()
#27 /Users/elijahisrael/Desktop/Projects/chil/LARAVELBACKENDCHIL/vendor/laravel/framework/src/Illuminate/View/Engines/PhpEngine.php(58): Illuminate\\Filesystem\\Filesystem->getRequire('/Users/elijahis...', Array)
#28 /Users/elijahisrael/Desktop/Projects/chil/LARAVELBACKENDCHIL/vendor/livewire/livewire/src/Mechanisms/ExtendBlade/ExtendedCompilerEngine.php(22): Illuminate\\View\\Engines\\PhpEngine->evaluatePath('/Users/elijahis...', Array)
#29 /Users/elijahisrael/Desktop/Projects/chil/LARAVELBACKENDCHIL/vendor/laravel/framework/src/Illuminate/View/Engines/CompilerEngine.php(75): Livewire\\Mechanisms\\ExtendBlade\\ExtendedCompilerEngine->evaluatePath('/Users/elijahis...', Array)
#30 /Users/elijahisrael/Desktop/Projects/chil/LARAVELBACKENDCHIL/vendor/livewire/livewire/src/Mechanisms/ExtendBlade/ExtendedCompilerEngine.php(10): Illuminate\\View\\Engines\\CompilerEngine->get('/Users/elijahis...', Array)
#31 /Users/elijahisrael/Desktop/Projects/chil/LARAVELBACKENDCHIL/vendor/laravel/framework/src/Illuminate/View/View.php(209): Livewire\\Mechanisms\\ExtendBlade\\ExtendedCompilerEngine->get('/Users/elijahis...', Array)
#32 /Users/elijahisrael/Desktop/Projects/chil/LARAVELBACKENDCHIL/vendor/laravel/framework/src/Illuminate/View/View.php(192): Illuminate\\View\\View->getContents()
#33 /Users/elijahisrael/Desktop/Projects/chil/LARAVELBACKENDCHIL/vendor/laravel/framework/src/Illuminate/View/View.php(161): Illuminate\\View\\View->renderContents()
#34 /Users/elijahisrael/Desktop/Projects/chil/LARAVELBACKENDCHIL/vendor/laravel/framework/src/Illuminate/Http/Response.php(79): Illuminate\\View\\View->render()
#35 /Users/elijahisrael/Desktop/Projects/chil/LARAVELBACKENDCHIL/vendor/laravel/framework/src/Illuminate/Http/Response.php(35): Illuminate\\Http\\Response->setContent(Object(Illuminate\\View\\View))
#36 /Users/elijahisrael/Desktop/Projects/chil/LARAVELBACKENDCHIL/vendor/laravel/framework/src/Illuminate/Routing/Router.php(920): Illuminate\\Http\\Response->__construct(Object(Illuminate\\View\\View), 200, Array)
#37 /Users/elijahisrael/Desktop/Projects/chil/LARAVELBACKENDCHIL/vendor/laravel/framework/src/Illuminate/Routing/Router.php(887): Illuminate\\Routing\\Router::toResponse(Object(Illuminate\\Http\\Request), Object(Illuminate\\View\\View))
#38 /Users/elijahisrael/Desktop/Projects/chil/LARAVELBACKENDCHIL/vendor/laravel/framework/src/Illuminate/Routing/Router.php(807): Illuminate\\Routing\\Router->prepareResponse(Object(Illuminate\\Http\\Request), Object(Illuminate\\View\\View))
#39 /Users/elijahisrael/Desktop/Projects/chil/LARAVELBACKENDCHIL/vendor/laravel/framework/src/Illuminate/Pipeline/Pipeline.php(170): Illuminate\\Routing\\Router->{closure:Illuminate\\Routing\\Router::runRouteWithinStack():807}(Object(Illuminate\\Http\\Request))
#40 /Users/elijahisrael/Desktop/Projects/chil/LARAVELBACKENDCHIL/vendor/laravel/framework/src/Illuminate/Routing/Middleware/SubstituteBindings.php(51): Illuminate\\Pipeline\\Pipeline->{closure:Illuminate\\Pipeline\\Pipeline::prepareDestination():168}(Object(Illuminate\\Http\\Request))
#41 /Users/elijahisrael/Desktop/Projects/chil/LARAVELBACKENDCHIL/vendor/laravel/framework/src/Illuminate/Pipeline/Pipeline.php(209): Illuminate\\Routing\\Middleware\\SubstituteBindings->handle(Object(Illuminate\\Http\\Request), Object(Closure))
#42 /Users/elijahisrael/Desktop/Projects/chil/LARAVELBACKENDCHIL/vendor/laravel/framework/src/Illuminate/Foundation/Http/Middleware/VerifyCsrfToken.php(88): Illuminate\\Pipeline\\Pipeline->{closure:{closure:Illuminate\\Pipeline\\Pipeline::carry():184}:185}(Object(Illuminate\\Http\\Request))
#43 /Users/elijahisrael/Desktop/Projects/chil/LARAVELBACKENDCHIL/vendor/laravel/framework/src/Illuminate/Pipeline/Pipeline.php(209): Illuminate\\Foundation\\Http\\Middleware\\VerifyCsrfToken->handle(Object(Illuminate\\Http\\Request), Object(Closure))
#44 /Users/elijahisrael/Desktop/Projects/chil/LARAVELBACKENDCHIL/vendor/laravel/framework/src/Illuminate/View/Middleware/ShareErrorsFromSession.php(49): Illuminate\\Pipeline\\Pipeline->{closure:{closure:Illuminate\\Pipeline\\Pipeline::carry():184}:185}(Object(Illuminate\\Http\\Request))
#45 /Users/elijahisrael/Desktop/Projects/chil/LARAVELBACKENDCHIL/vendor/laravel/framework/src/Illuminate/Pipeline/Pipeline.php(209): Illuminate\\View\\Middleware\\ShareErrorsFromSession->handle(Object(Illuminate\\Http\\Request), Object(Closure))
#46 /Users/elijahisrael/Desktop/Projects/chil/LARAVELBACKENDCHIL/vendor/laravel/framework/src/Illuminate/Session/Middleware/StartSession.php(121): Illuminate\\Pipeline\\Pipeline->{closure:{closure:Illuminate\\Pipeline\\Pipeline::carry():184}:185}(Object(Illuminate\\Http\\Request))
#47 /Users/elijahisrael/Desktop/Projects/chil/LARAVELBACKENDCHIL/vendor/laravel/framework/src/Illuminate/Session/Middleware/StartSession.php(64): Illuminate\\Session\\Middleware\\StartSession->handleStatefulRequest(Object(Illuminate\\Http\\Request), Object(Illuminate\\Session\\Store), Object(Closure))
#48 /Users/elijahisrael/Desktop/Projects/chil/LARAVELBACKENDCHIL/vendor/laravel/framework/src/Illuminate/Pipeline/Pipeline.php(209): Illuminate\\Session\\Middleware\\StartSession->handle(Object(Illuminate\\Http\\Request), Object(Closure))
#49 /Users/elijahisrael/Desktop/Projects/chil/LARAVELBACKENDCHIL/vendor/laravel/framework/src/Illuminate/Cookie/Middleware/AddQueuedCookiesToResponse.php(37): Illuminate\\Pipeline\\Pipeline->{closure:{closure:Illuminate\\Pipeline\\Pipeline::carry():184}:185}(Object(Illuminate\\Http\\Request))
#50 /Users/elijahisrael/Desktop/Projects/chil/LARAVELBACKENDCHIL/vendor/laravel/framework/src/Illuminate/Pipeline/Pipeline.php(209): Illuminate\\Cookie\\Middleware\\AddQueuedCookiesToResponse->handle(Object(Illuminate\\Http\\Request), Object(Closure))
#51 /Users/elijahisrael/Desktop/Projects/chil/LARAVELBACKENDCHIL/vendor/laravel/framework/src/Illuminate/Cookie/Middleware/EncryptCookies.php(75): Illuminate\\Pipeline\\Pipeline->{closure:{closure:Illuminate\\Pipeline\\Pipeline::carry():184}:185}(Object(Illuminate\\Http\\Request))
#52 /Users/elijahisrael/Desktop/Projects/chil/LARAVELBACKENDCHIL/vendor/laravel/framework/src/Illuminate/Pipeline/Pipeline.php(209): Illuminate\\Cookie\\Middleware\\EncryptCookies->handle(Object(Illuminate\\Http\\Request), Object(Closure))
#53 /Users/elijahisrael/Desktop/Projects/chil/LARAVELBACKENDCHIL/vendor/laravel/framework/src/Illuminate/Pipeline/Pipeline.php(127): Illuminate\\Pipeline\\Pipeline->{closure:{closure:Illuminate\\Pipeline\\Pipeline::carry():184}:185}(Object(Illuminate\\Http\\Request))
#54 /Users/elijahisrael/Desktop/Projects/chil/LARAVELBACKENDCHIL/vendor/laravel/framework/src/Illuminate/Routing/Router.php(807): Illuminate\\Pipeline\\Pipeline->then(Object(Closure))
#55 /Users/elijahisrael/Desktop/Projects/chil/LARAVELBACKENDCHIL/vendor/laravel/framework/src/Illuminate/Routing/Router.php(786): Illuminate\\Routing\\Router->runRouteWithinStack(Object(Illuminate\\Routing\\Route), Object(Illuminate\\Http\\Request))
#56 /Users/elijahisrael/Desktop/Projects/chil/LARAVELBACKENDCHIL/vendor/laravel/framework/src/Illuminate/Routing/Router.php(750): Illuminate\\Routing\\Router->runRoute(Object(Illuminate\\Http\\Request), Object(Illuminate\\Routing\\Route))
#57 /Users/elijahisrael/Desktop/Projects/chil/LARAVELBACKENDCHIL/vendor/laravel/framework/src/Illuminate/Routing/Router.php(739): Illuminate\\Routing\\Router->dispatchToRoute(Object(Illuminate\\Http\\Request))
#58 /Users/elijahisrael/Desktop/Projects/chil/LARAVELBACKENDCHIL/vendor/laravel/framework/src/Illuminate/Foundation/Http/Kernel.php(201): Illuminate\\Routing\\Router->dispatch(Object(Illuminate\\Http\\Request))
#59 /Users/elijahisrael/Desktop/Projects/chil/LARAVELBACKENDCHIL/vendor/laravel/framework/src/Illuminate/Pipeline/Pipeline.php(170): Illuminate\\Foundation\\Http\\Kernel->{closure:Illuminate\\Foundation\\Http\\Kernel::dispatchToRouter():198}(Object(Illuminate\\Http\\Request))
#60 /Users/elijahisrael/Desktop/Projects/chil/LARAVELBACKENDCHIL/vendor/livewire/livewire/src/Features/SupportDisablingBackButtonCache/DisableBackButtonCacheMiddleware.php(19): Illuminate\\Pipeline\\Pipeline->{closure:Illuminate\\Pipeline\\Pipeline::prepareDestination():168}(Object(Illuminate\\Http\\Request))
#61 /Users/elijahisrael/Desktop/Projects/chil/LARAVELBACKENDCHIL/vendor/laravel/framework/src/Illuminate/Pipeline/Pipeline.php(209): Livewire\\Features\\SupportDisablingBackButtonCache\\DisableBackButtonCacheMiddleware->handle(Object(Illuminate\\Http\\Request), Object(Closure))
#62 /Users/elijahisrael/Desktop/Projects/chil/LARAVELBACKENDCHIL/app/Http/Middleware/Cors.php(31): Illuminate\\Pipeline\\Pipeline->{closure:{closure:Illuminate\\Pipeline\\Pipeline::carry():184}:185}(Object(Illuminate\\Http\\Request))
#63 /Users/elijahisrael/Desktop/Projects/chil/LARAVELBACKENDCHIL/vendor/laravel/framework/src/Illuminate/Pipeline/Pipeline.php(209): App\\Http\\Middleware\\Cors->handle(Object(Illuminate\\Http\\Request), Object(Closure))
#64 /Users/elijahisrael/Desktop/Projects/chil/LARAVELBACKENDCHIL/vendor/laravel/framework/src/Illuminate/Http/Middleware/TrustProxies.php(58): Illuminate\\Pipeline\\Pipeline->{closure:{closure:Illuminate\\Pipeline\\Pipeline::carry():184}:185}(Object(Illuminate\\Http\\Request))
#65 /Users/elijahisrael/Desktop/Projects/chil/LARAVELBACKENDCHIL/vendor/laravel/framework/src/Illuminate/Pipeline/Pipeline.php(209): Illuminate\\Http\\Middleware\\TrustProxies->handle(Object(Illuminate\\Http\\Request), Object(Closure))
#66 /Users/elijahisrael/Desktop/Projects/chil/LARAVELBACKENDCHIL/vendor/laravel/framework/src/Illuminate/Foundation/Http/Middleware/TransformsRequest.php(21): Illuminate\\Pipeline\\Pipeline->{closure:{closure:Illuminate\\Pipeline\\Pipeline::carry():184}:185}(Object(Illuminate\\Http\\Request))
#67 /Users/elijahisrael/Desktop/Projects/chil/LARAVELBACKENDCHIL/vendor/laravel/framework/src/Illuminate/Foundation/Http/Middleware/ConvertEmptyStringsToNull.php(31): Illuminate\\Foundation\\Http\\Middleware\\TransformsRequest->handle(Object(Illuminate\\Http\\Request), Object(Closure))
#68 /Users/elijahisrael/Desktop/Projects/chil/LARAVELBACKENDCHIL/vendor/laravel/framework/src/Illuminate/Pipeline/Pipeline.php(209): Illuminate\\Foundation\\Http\\Middleware\\ConvertEmptyStringsToNull->handle(Object(Illuminate\\Http\\Request), Object(Closure))
#69 /Users/elijahisrael/Desktop/Projects/chil/LARAVELBACKENDCHIL/vendor/laravel/framework/src/Illuminate/Foundation/Http/Middleware/TransformsRequest.php(21): Illuminate\\Pipeline\\Pipeline->{closure:{closure:Illuminate\\Pipeline\\Pipeline::carry():184}:185}(Object(Illuminate\\Http\\Request))
#70 /Users/elijahisrael/Desktop/Projects/chil/LARAVELBACKENDCHIL/vendor/laravel/framework/src/Illuminate/Foundation/Http/Middleware/TrimStrings.php(51): Illuminate\\Foundation\\Http\\Middleware\\TransformsRequest->handle(Object(Illuminate\\Http\\Request), Object(Closure))
#71 /Users/elijahisrael/Desktop/Projects/chil/LARAVELBACKENDCHIL/vendor/laravel/framework/src/Illuminate/Pipeline/Pipeline.php(209): Illuminate\\Foundation\\Http\\Middleware\\TrimStrings->handle(Object(Illuminate\\Http\\Request), Object(Closure))
#72 /Users/elijahisrael/Desktop/Projects/chil/LARAVELBACKENDCHIL/vendor/laravel/framework/src/Illuminate/Http/Middleware/ValidatePostSize.php(27): Illuminate\\Pipeline\\Pipeline->{closure:{closure:Illuminate\\Pipeline\\Pipeline::carry():184}:185}(Object(Illuminate\\Http\\Request))
#73 /Users/elijahisrael/Desktop/Projects/chil/LARAVELBACKENDCHIL/vendor/laravel/framework/src/Illuminate/Pipeline/Pipeline.php(209): Illuminate\\Http\\Middleware\\ValidatePostSize->handle(Object(Illuminate\\Http\\Request), Object(Closure))
#74 /Users/elijahisrael/Desktop/Projects/chil/LARAVELBACKENDCHIL/vendor/laravel/framework/src/Illuminate/Foundation/Http/Middleware/PreventRequestsDuringMaintenance.php(110): Illuminate\\Pipeline\\Pipeline->{closure:{closure:Illuminate\\Pipeline\\Pipeline::carry():184}:185}(Object(Illuminate\\Http\\Request))
#75 /Users/elijahisrael/Desktop/Projects/chil/LARAVELBACKENDCHIL/vendor/laravel/framework/src/Illuminate/Pipeline/Pipeline.php(209): Illuminate\\Foundation\\Http\\Middleware\\PreventRequestsDuringMaintenance->handle(Object(Illuminate\\Http\\Request), Object(Closure))
#76 /Users/elijahisrael/Desktop/Projects/chil/LARAVELBACKENDCHIL/vendor/laravel/framework/src/Illuminate/Pipeline/Pipeline.php(127): Illuminate\\Pipeline\\Pipeline->{closure:{closure:Illuminate\\Pipeline\\Pipeline::carry():184}:185}(Object(Illuminate\\Http\\Request))
#77 /Users/elijahisrael/Desktop/Projects/chil/LARAVELBACKENDCHIL/vendor/laravel/framework/src/Illuminate/Foundation/Http/Kernel.php(176): Illuminate\\Pipeline\\Pipeline->then(Object(Closure))
#78 /Users/elijahisrael/Desktop/Projects/chil/LARAVELBACKENDCHIL/vendor/laravel/framework/src/Illuminate/Foundation/Http/Kernel.php(145): Illuminate\\Foundation\\Http\\Kernel->sendRequestThroughRouter(Object(Illuminate\\Http\\Request))
#79 /Users/elijahisrael/Desktop/Projects/chil/LARAVELBACKENDCHIL/public/index.php(54): Illuminate\\Foundation\\Http\\Kernel->handle(Object(Illuminate\\Http\\Request))
#80 /Users/elijahisrael/Desktop/Projects/chil/LARAVELBACKENDCHIL/server.php(21): require_once('/Users/elijahis...')
#81 {main}
"} 
[2025-10-01 11:24:41] local.ERROR: Undefined variable $patients (View: /Users/elijahisrael/Desktop/Projects/chil/LARAVELBACKENDCHIL/resources/views/book-doctor.blade.php) {"exception":"[object] (Illuminate\\View\\ViewException(code: 0): Undefined variable $patients (View: /Users/elijahisrael/Desktop/Projects/chil/LARAVELBACKENDCHIL/resources/views/book-doctor.blade.php) at /Users/elijahisrael/Desktop/Projects/chil/LARAVELBACKENDCHIL/storage/framework/views/ba982f6c52fa6d545b6d2f4cc9a1658d.php:18)
[stacktrace]
#0 /Users/elijahisrael/Desktop/Projects/chil/LARAVELBACKENDCHIL/vendor/livewire/livewire/src/Mechanisms/ExtendBlade/ExtendedCompilerEngine.php(58): Illuminate\\View\\Engines\\CompilerEngine->handleViewException(Object(ErrorException), 0)
#1 /Users/elijahisrael/Desktop/Projects/chil/LARAVELBACKENDCHIL/vendor/laravel/framework/src/Illuminate/View/Engines/PhpEngine.php(60): Livewire\\Mechanisms\\ExtendBlade\\ExtendedCompilerEngine->handleViewException(Object(ErrorException), 0)
#2 /Users/elijahisrael/Desktop/Projects/chil/LARAVELBACKENDCHIL/vendor/livewire/livewire/src/Mechanisms/ExtendBlade/ExtendedCompilerEngine.php(22): Illuminate\\View\\Engines\\PhpEngine->evaluatePath('/Users/elijahis...', Array)
#3 /Users/elijahisrael/Desktop/Projects/chil/LARAVELBACKENDCHIL/vendor/laravel/framework/src/Illuminate/View/Engines/CompilerEngine.php(75): Livewire\\Mechanisms\\ExtendBlade\\ExtendedCompilerEngine->evaluatePath('/Users/elijahis...', Array)
#4 /Users/elijahisrael/Desktop/Projects/chil/LARAVELBACKENDCHIL/vendor/livewire/livewire/src/Mechanisms/ExtendBlade/ExtendedCompilerEngine.php(10): Illuminate\\View\\Engines\\CompilerEngine->get('/Users/elijahis...', Array)
#5 /Users/elijahisrael/Desktop/Projects/chil/LARAVELBACKENDCHIL/vendor/laravel/framework/src/Illuminate/View/View.php(209): Livewire\\Mechanisms\\ExtendBlade\\ExtendedCompilerEngine->get('/Users/elijahis...', Array)
#6 /Users/elijahisrael/Desktop/Projects/chil/LARAVELBACKENDCHIL/vendor/laravel/framework/src/Illuminate/View/View.php(192): Illuminate\\View\\View->getContents()
#7 /Users/elijahisrael/Desktop/Projects/chil/LARAVELBACKENDCHIL/vendor/laravel/framework/src/Illuminate/View/View.php(161): Illuminate\\View\\View->renderContents()
#8 /Users/elijahisrael/Desktop/Projects/chil/LARAVELBACKENDCHIL/vendor/laravel/framework/src/Illuminate/Http/Response.php(79): Illuminate\\View\\View->render()
#9 /Users/elijahisrael/Desktop/Projects/chil/LARAVELBACKENDCHIL/vendor/laravel/framework/src/Illuminate/Http/Response.php(35): Illuminate\\Http\\Response->setContent(Object(Illuminate\\View\\View))
#10 /Users/elijahisrael/Desktop/Projects/chil/LARAVELBACKENDCHIL/vendor/laravel/framework/src/Illuminate/Routing/Router.php(920): Illuminate\\Http\\Response->__construct(Object(Illuminate\\View\\View), 200, Array)
#11 /Users/elijahisrael/Desktop/Projects/chil/LARAVELBACKENDCHIL/vendor/laravel/framework/src/Illuminate/Routing/Router.php(887): Illuminate\\Routing\\Router::toResponse(Object(Illuminate\\Http\\Request), Object(Illuminate\\View\\View))
#12 /Users/elijahisrael/Desktop/Projects/chil/LARAVELBACKENDCHIL/vendor/laravel/framework/src/Illuminate/Routing/Router.php(807): Illuminate\\Routing\\Router->prepareResponse(Object(Illuminate\\Http\\Request), Object(Illuminate\\View\\View))
#13 /Users/elijahisrael/Desktop/Projects/chil/LARAVELBACKENDCHIL/vendor/laravel/framework/src/Illuminate/Pipeline/Pipeline.php(170): Illuminate\\Routing\\Router->{closure:Illuminate\\Routing\\Router::runRouteWithinStack():807}(Object(Illuminate\\Http\\Request))
#14 /Users/elijahisrael/Desktop/Projects/chil/LARAVELBACKENDCHIL/vendor/laravel/framework/src/Illuminate/Routing/Middleware/SubstituteBindings.php(51): Illuminate\\Pipeline\\Pipeline->{closure:Illuminate\\Pipeline\\Pipeline::prepareDestination():168}(Object(Illuminate\\Http\\Request))
#15 /Users/elijahisrael/Desktop/Projects/chil/LARAVELBACKENDCHIL/vendor/laravel/framework/src/Illuminate/Pipeline/Pipeline.php(209): Illuminate\\Routing\\Middleware\\SubstituteBindings->handle(Object(Illuminate\\Http\\Request), Object(Closure))
#16 /Users/elijahisrael/Desktop/Projects/chil/LARAVELBACKENDCHIL/vendor/laravel/framework/src/Illuminate/Foundation/Http/Middleware/VerifyCsrfToken.php(88): Illuminate\\Pipeline\\Pipeline->{closure:{closure:Illuminate\\Pipeline\\Pipeline::carry():184}:185}(Object(Illuminate\\Http\\Request))
#17 /Users/elijahisrael/Desktop/Projects/chil/LARAVELBACKENDCHIL/vendor/laravel/framework/src/Illuminate/Pipeline/Pipeline.php(209): Illuminate\\Foundation\\Http\\Middleware\\VerifyCsrfToken->handle(Object(Illuminate\\Http\\Request), Object(Closure))
#18 /Users/elijahisrael/Desktop/Projects/chil/LARAVELBACKENDCHIL/vendor/laravel/framework/src/Illuminate/View/Middleware/ShareErrorsFromSession.php(49): Illuminate\\Pipeline\\Pipeline->{closure:{closure:Illuminate\\Pipeline\\Pipeline::carry():184}:185}(Object(Illuminate\\Http\\Request))
#19 /Users/elijahisrael/Desktop/Projects/chil/LARAVELBACKENDCHIL/vendor/laravel/framework/src/Illuminate/Pipeline/Pipeline.php(209): Illuminate\\View\\Middleware\\ShareErrorsFromSession->handle(Object(Illuminate\\Http\\Request), Object(Closure))
#20 /Users/elijahisrael/Desktop/Projects/chil/LARAVELBACKENDCHIL/vendor/laravel/framework/src/Illuminate/Session/Middleware/StartSession.php(121): Illuminate\\Pipeline\\Pipeline->{closure:{closure:Illuminate\\Pipeline\\Pipeline::carry():184}:185}(Object(Illuminate\\Http\\Request))
#21 /Users/elijahisrael/Desktop/Projects/chil/LARAVELBACKENDCHIL/vendor/laravel/framework/src/Illuminate/Session/Middleware/StartSession.php(64): Illuminate\\Session\\Middleware\\StartSession->handleStatefulRequest(Object(Illuminate\\Http\\Request), Object(Illuminate\\Session\\Store), Object(Closure))
#22 /Users/elijahisrael/Desktop/Projects/chil/LARAVELBACKENDCHIL/vendor/laravel/framework/src/Illuminate/Pipeline/Pipeline.php(209): Illuminate\\Session\\Middleware\\StartSession->handle(Object(Illuminate\\Http\\Request), Object(Closure))
#23 /Users/elijahisrael/Desktop/Projects/chil/LARAVELBACKENDCHIL/vendor/laravel/framework/src/Illuminate/Cookie/Middleware/AddQueuedCookiesToResponse.php(37): Illuminate\\Pipeline\\Pipeline->{closure:{closure:Illuminate\\Pipeline\\Pipeline::carry():184}:185}(Object(Illuminate\\Http\\Request))
#24 /Users/elijahisrael/Desktop/Projects/chil/LARAVELBACKENDCHIL/vendor/laravel/framework/src/Illuminate/Pipeline/Pipeline.php(209): Illuminate\\Cookie\\Middleware\\AddQueuedCookiesToResponse->handle(Object(Illuminate\\Http\\Request), Object(Closure))
#25 /Users/elijahisrael/Desktop/Projects/chil/LARAVELBACKENDCHIL/vendor/laravel/framework/src/Illuminate/Cookie/Middleware/EncryptCookies.php(75): Illuminate\\Pipeline\\Pipeline->{closure:{closure:Illuminate\\Pipeline\\Pipeline::carry():184}:185}(Object(Illuminate\\Http\\Request))
#26 /Users/elijahisrael/Desktop/Projects/chil/LARAVELBACKENDCHIL/vendor/laravel/framework/src/Illuminate/Pipeline/Pipeline.php(209): Illuminate\\Cookie\\Middleware\\EncryptCookies->handle(Object(Illuminate\\Http\\Request), Object(Closure))
#27 /Users/elijahisrael/Desktop/Projects/chil/LARAVELBACKENDCHIL/vendor/laravel/framework/src/Illuminate/Pipeline/Pipeline.php(127): Illuminate\\Pipeline\\Pipeline->{closure:{closure:Illuminate\\Pipeline\\Pipeline::carry():184}:185}(Object(Illuminate\\Http\\Request))
#28 /Users/elijahisrael/Desktop/Projects/chil/LARAVELBACKENDCHIL/vendor/laravel/framework/src/Illuminate/Routing/Router.php(807): Illuminate\\Pipeline\\Pipeline->then(Object(Closure))
#29 /Users/elijahisrael/Desktop/Projects/chil/LARAVELBACKENDCHIL/vendor/laravel/framework/src/Illuminate/Routing/Router.php(786): Illuminate\\Routing\\Router->runRouteWithinStack(Object(Illuminate\\Routing\\Route), Object(Illuminate\\Http\\Request))
#30 /Users/elijahisrael/Desktop/Projects/chil/LARAVELBACKENDCHIL/vendor/laravel/framework/src/Illuminate/Routing/Router.php(750): Illuminate\\Routing\\Router->runRoute(Object(Illuminate\\Http\\Request), Object(Illuminate\\Routing\\Route))
#31 /Users/elijahisrael/Desktop/Projects/chil/LARAVELBACKENDCHIL/vendor/laravel/framework/src/Illuminate/Routing/Router.php(739): Illuminate\\Routing\\Router->dispatchToRoute(Object(Illuminate\\Http\\Request))
#32 /Users/elijahisrael/Desktop/Projects/chil/LARAVELBACKENDCHIL/vendor/laravel/framework/src/Illuminate/Foundation/Http/Kernel.php(201): Illuminate\\Routing\\Router->dispatch(Object(Illuminate\\Http\\Request))
#33 /Users/elijahisrael/Desktop/Projects/chil/LARAVELBACKENDCHIL/vendor/laravel/framework/src/Illuminate/Pipeline/Pipeline.php(170): Illuminate\\Foundation\\Http\\Kernel->{closure:Illuminate\\Foundation\\Http\\Kernel::dispatchToRouter():198}(Object(Illuminate\\Http\\Request))
#34 /Users/elijahisrael/Desktop/Projects/chil/LARAVELBACKENDCHIL/vendor/livewire/livewire/src/Features/SupportDisablingBackButtonCache/DisableBackButtonCacheMiddleware.php(19): Illuminate\\Pipeline\\Pipeline->{closure:Illuminate\\Pipeline\\Pipeline::prepareDestination():168}(Object(Illuminate\\Http\\Request))
#35 /Users/elijahisrael/Desktop/Projects/chil/LARAVELBACKENDCHIL/vendor/laravel/framework/src/Illuminate/Pipeline/Pipeline.php(209): Livewire\\Features\\SupportDisablingBackButtonCache\\DisableBackButtonCacheMiddleware->handle(Object(Illuminate\\Http\\Request), Object(Closure))
#36 /Users/elijahisrael/Desktop/Projects/chil/LARAVELBACKENDCHIL/app/Http/Middleware/Cors.php(31): Illuminate\\Pipeline\\Pipeline->{closure:{closure:Illuminate\\Pipeline\\Pipeline::carry():184}:185}(Object(Illuminate\\Http\\Request))
#37 /Users/elijahisrael/Desktop/Projects/chil/LARAVELBACKENDCHIL/vendor/laravel/framework/src/Illuminate/Pipeline/Pipeline.php(209): App\\Http\\Middleware\\Cors->handle(Object(Illuminate\\Http\\Request), Object(Closure))
#38 /Users/elijahisrael/Desktop/Projects/chil/LARAVELBACKENDCHIL/vendor/laravel/framework/src/Illuminate/Http/Middleware/TrustProxies.php(58): Illuminate\\Pipeline\\Pipeline->{closure:{closure:Illuminate\\Pipeline\\Pipeline::carry():184}:185}(Object(Illuminate\\Http\\Request))
#39 /Users/elijahisrael/Desktop/Projects/chil/LARAVELBACKENDCHIL/vendor/laravel/framework/src/Illuminate/Pipeline/Pipeline.php(209): Illuminate\\Http\\Middleware\\TrustProxies->handle(Object(Illuminate\\Http\\Request), Object(Closure))
#40 /Users/elijahisrael/Desktop/Projects/chil/LARAVELBACKENDCHIL/vendor/laravel/framework/src/Illuminate/Foundation/Http/Middleware/TransformsRequest.php(21): Illuminate\\Pipeline\\Pipeline->{closure:{closure:Illuminate\\Pipeline\\Pipeline::carry():184}:185}(Object(Illuminate\\Http\\Request))
#41 /Users/elijahisrael/Desktop/Projects/chil/LARAVELBACKENDCHIL/vendor/laravel/framework/src/Illuminate/Foundation/Http/Middleware/ConvertEmptyStringsToNull.php(31): Illuminate\\Foundation\\Http\\Middleware\\TransformsRequest->handle(Object(Illuminate\\Http\\Request), Object(Closure))
#42 /Users/elijahisrael/Desktop/Projects/chil/LARAVELBACKENDCHIL/vendor/laravel/framework/src/Illuminate/Pipeline/Pipeline.php(209): Illuminate\\Foundation\\Http\\Middleware\\ConvertEmptyStringsToNull->handle(Object(Illuminate\\Http\\Request), Object(Closure))
#43 /Users/elijahisrael/Desktop/Projects/chil/LARAVELBACKENDCHIL/vendor/laravel/framework/src/Illuminate/Foundation/Http/Middleware/TransformsRequest.php(21): Illuminate\\Pipeline\\Pipeline->{closure:{closure:Illuminate\\Pipeline\\Pipeline::carry():184}:185}(Object(Illuminate\\Http\\Request))
#44 /Users/elijahisrael/Desktop/Projects/chil/LARAVELBACKENDCHIL/vendor/laravel/framework/src/Illuminate/Foundation/Http/Middleware/TrimStrings.php(51): Illuminate\\Foundation\\Http\\Middleware\\TransformsRequest->handle(Object(Illuminate\\Http\\Request), Object(Closure))
#45 /Users/elijahisrael/Desktop/Projects/chil/LARAVELBACKENDCHIL/vendor/laravel/framework/src/Illuminate/Pipeline/Pipeline.php(209): Illuminate\\Foundation\\Http\\Middleware\\TrimStrings->handle(Object(Illuminate\\Http\\Request), Object(Closure))
#46 /Users/elijahisrael/Desktop/Projects/chil/LARAVELBACKENDCHIL/vendor/laravel/framework/src/Illuminate/Http/Middleware/ValidatePostSize.php(27): Illuminate\\Pipeline\\Pipeline->{closure:{closure:Illuminate\\Pipeline\\Pipeline::carry():184}:185}(Object(Illuminate\\Http\\Request))
#47 /Users/elijahisrael/Desktop/Projects/chil/LARAVELBACKENDCHIL/vendor/laravel/framework/src/Illuminate/Pipeline/Pipeline.php(209): Illuminate\\Http\\Middleware\\ValidatePostSize->handle(Object(Illuminate\\Http\\Request), Object(Closure))
#48 /Users/elijahisrael/Desktop/Projects/chil/LARAVELBACKENDCHIL/vendor/laravel/framework/src/Illuminate/Foundation/Http/Middleware/PreventRequestsDuringMaintenance.php(110): Illuminate\\Pipeline\\Pipeline->{closure:{closure:Illuminate\\Pipeline\\Pipeline::carry():184}:185}(Object(Illuminate\\Http\\Request))
#49 /Users/elijahisrael/Desktop/Projects/chil/LARAVELBACKENDCHIL/vendor/laravel/framework/src/Illuminate/Pipeline/Pipeline.php(209): Illuminate\\Foundation\\Http\\Middleware\\PreventRequestsDuringMaintenance->handle(Object(Illuminate\\Http\\Request), Object(Closure))
#50 /Users/elijahisrael/Desktop/Projects/chil/LARAVELBACKENDCHIL/vendor/laravel/framework/src/Illuminate/Pipeline/Pipeline.php(127): Illuminate\\Pipeline\\Pipeline->{closure:{closure:Illuminate\\Pipeline\\Pipeline::carry():184}:185}(Object(Illuminate\\Http\\Request))
#51 /Users/elijahisrael/Desktop/Projects/chil/LARAVELBACKENDCHIL/vendor/laravel/framework/src/Illuminate/Foundation/Http/Kernel.php(176): Illuminate\\Pipeline\\Pipeline->then(Object(Closure))
#52 /Users/elijahisrael/Desktop/Projects/chil/LARAVELBACKENDCHIL/vendor/laravel/framework/src/Illuminate/Foundation/Http/Kernel.php(145): Illuminate\\Foundation\\Http\\Kernel->sendRequestThroughRouter(Object(Illuminate\\Http\\Request))
#53 /Users/elijahisrael/Desktop/Projects/chil/LARAVELBACKENDCHIL/public/index.php(54): Illuminate\\Foundation\\Http\\Kernel->handle(Object(Illuminate\\Http\\Request))
#54 /Users/elijahisrael/Desktop/Projects/chil/LARAVELBACKENDCHIL/server.php(21): require_once('/Users/elijahis...')
#55 {main}

[previous exception] [object] (ErrorException(code: 0): Undefined variable $patients at /Users/elijahisrael/Desktop/Projects/chil/LARAVELBACKENDCHIL/storage/framework/views/ba982f6c52fa6d545b6d2f4cc9a1658d.php:18)
[stacktrace]
#0 /Users/elijahisrael/Desktop/Projects/chil/LARAVELBACKENDCHIL/vendor/laravel/framework/src/Illuminate/Foundation/Bootstrap/HandleExceptions.php(256): Illuminate\\Foundation\\Bootstrap\\HandleExceptions->handleError(2, 'Undefined varia...', '/Users/elijahis...', 18)
#1 /Users/elijahisrael/Desktop/Projects/chil/LARAVELBACKENDCHIL/storage/framework/views/ba982f6c52fa6d545b6d2f4cc9a1658d.php(18): Illuminate\\Foundation\\Bootstrap\\HandleExceptions->{closure:Illuminate\\Foundation\\Bootstrap\\HandleExceptions::forwardsTo():255}(2, 'Undefined varia...', '/Users/elijahis...', 18)
#2 /Users/elijahisrael/Desktop/Projects/chil/LARAVELBACKENDCHIL/vendor/laravel/framework/src/Illuminate/Filesystem/Filesystem.php(123): require('/Users/elijahis...')
#3 /Users/elijahisrael/Desktop/Projects/chil/LARAVELBACKENDCHIL/vendor/laravel/framework/src/Illuminate/Filesystem/Filesystem.php(124): Illuminate\\Filesystem\\Filesystem::{closure:Illuminate\\Filesystem\\Filesystem::getRequire():120}()
#4 /Users/elijahisrael/Desktop/Projects/chil/LARAVELBACKENDCHIL/vendor/laravel/framework/src/Illuminate/View/Engines/PhpEngine.php(58): Illuminate\\Filesystem\\Filesystem->getRequire('/Users/elijahis...', Array)
#5 /Users/elijahisrael/Desktop/Projects/chil/LARAVELBACKENDCHIL/vendor/livewire/livewire/src/Mechanisms/ExtendBlade/ExtendedCompilerEngine.php(22): Illuminate\\View\\Engines\\PhpEngine->evaluatePath('/Users/elijahis...', Array)
#6 /Users/elijahisrael/Desktop/Projects/chil/LARAVELBACKENDCHIL/vendor/laravel/framework/src/Illuminate/View/Engines/CompilerEngine.php(75): Livewire\\Mechanisms\\ExtendBlade\\ExtendedCompilerEngine->evaluatePath('/Users/elijahis...', Array)
#7 /Users/elijahisrael/Desktop/Projects/chil/LARAVELBACKENDCHIL/vendor/livewire/livewire/src/Mechanisms/ExtendBlade/ExtendedCompilerEngine.php(10): Illuminate\\View\\Engines\\CompilerEngine->get('/Users/elijahis...', Array)
#8 /Users/elijahisrael/Desktop/Projects/chil/LARAVELBACKENDCHIL/vendor/laravel/framework/src/Illuminate/View/View.php(209): Livewire\\Mechanisms\\ExtendBlade\\ExtendedCompilerEngine->get('/Users/elijahis...', Array)
#9 /Users/elijahisrael/Desktop/Projects/chil/LARAVELBACKENDCHIL/vendor/laravel/framework/src/Illuminate/View/View.php(192): Illuminate\\View\\View->getContents()
#10 /Users/elijahisrael/Desktop/Projects/chil/LARAVELBACKENDCHIL/vendor/laravel/framework/src/Illuminate/View/View.php(161): Illuminate\\View\\View->renderContents()
#11 /Users/elijahisrael/Desktop/Projects/chil/LARAVELBACKENDCHIL/vendor/laravel/framework/src/Illuminate/Http/Response.php(79): Illuminate\\View\\View->render()
#12 /Users/elijahisrael/Desktop/Projects/chil/LARAVELBACKENDCHIL/vendor/laravel/framework/src/Illuminate/Http/Response.php(35): Illuminate\\Http\\Response->setContent(Object(Illuminate\\View\\View))
#13 /Users/elijahisrael/Desktop/Projects/chil/LARAVELBACKENDCHIL/vendor/laravel/framework/src/Illuminate/Routing/Router.php(920): Illuminate\\Http\\Response->__construct(Object(Illuminate\\View\\View), 200, Array)
#14 /Users/elijahisrael/Desktop/Projects/chil/LARAVELBACKENDCHIL/vendor/laravel/framework/src/Illuminate/Routing/Router.php(887): Illuminate\\Routing\\Router::toResponse(Object(Illuminate\\Http\\Request), Object(Illuminate\\View\\View))
#15 /Users/elijahisrael/Desktop/Projects/chil/LARAVELBACKENDCHIL/vendor/laravel/framework/src/Illuminate/Routing/Router.php(807): Illuminate\\Routing\\Router->prepareResponse(Object(Illuminate\\Http\\Request), Object(Illuminate\\View\\View))
#16 /Users/elijahisrael/Desktop/Projects/chil/LARAVELBACKENDCHIL/vendor/laravel/framework/src/Illuminate/Pipeline/Pipeline.php(170): Illuminate\\Routing\\Router->{closure:Illuminate\\Routing\\Router::runRouteWithinStack():807}(Object(Illuminate\\Http\\Request))
#17 /Users/elijahisrael/Desktop/Projects/chil/LARAVELBACKENDCHIL/vendor/laravel/framework/src/Illuminate/Routing/Middleware/SubstituteBindings.php(51): Illuminate\\Pipeline\\Pipeline->{closure:Illuminate\\Pipeline\\Pipeline::prepareDestination():168}(Object(Illuminate\\Http\\Request))
#18 /Users/elijahisrael/Desktop/Projects/chil/LARAVELBACKENDCHIL/vendor/laravel/framework/src/Illuminate/Pipeline/Pipeline.php(209): Illuminate\\Routing\\Middleware\\SubstituteBindings->handle(Object(Illuminate\\Http\\Request), Object(Closure))
#19 /Users/elijahisrael/Desktop/Projects/chil/LARAVELBACKENDCHIL/vendor/laravel/framework/src/Illuminate/Foundation/Http/Middleware/VerifyCsrfToken.php(88): Illuminate\\Pipeline\\Pipeline->{closure:{closure:Illuminate\\Pipeline\\Pipeline::carry():184}:185}(Object(Illuminate\\Http\\Request))
#20 /Users/elijahisrael/Desktop/Projects/chil/LARAVELBACKENDCHIL/vendor/laravel/framework/src/Illuminate/Pipeline/Pipeline.php(209): Illuminate\\Foundation\\Http\\Middleware\\VerifyCsrfToken->handle(Object(Illuminate\\Http\\Request), Object(Closure))
#21 /Users/elijahisrael/Desktop/Projects/chil/LARAVELBACKENDCHIL/vendor/laravel/framework/src/Illuminate/View/Middleware/ShareErrorsFromSession.php(49): Illuminate\\Pipeline\\Pipeline->{closure:{closure:Illuminate\\Pipeline\\Pipeline::carry():184}:185}(Object(Illuminate\\Http\\Request))
#22 /Users/elijahisrael/Desktop/Projects/chil/LARAVELBACKENDCHIL/vendor/laravel/framework/src/Illuminate/Pipeline/Pipeline.php(209): Illuminate\\View\\Middleware\\ShareErrorsFromSession->handle(Object(Illuminate\\Http\\Request), Object(Closure))
#23 /Users/elijahisrael/Desktop/Projects/chil/LARAVELBACKENDCHIL/vendor/laravel/framework/src/Illuminate/Session/Middleware/StartSession.php(121): Illuminate\\Pipeline\\Pipeline->{closure:{closure:Illuminate\\Pipeline\\Pipeline::carry():184}:185}(Object(Illuminate\\Http\\Request))
#24 /Users/elijahisrael/Desktop/Projects/chil/LARAVELBACKENDCHIL/vendor/laravel/framework/src/Illuminate/Session/Middleware/StartSession.php(64): Illuminate\\Session\\Middleware\\StartSession->handleStatefulRequest(Object(Illuminate\\Http\\Request), Object(Illuminate\\Session\\Store), Object(Closure))
#25 /Users/elijahisrael/Desktop/Projects/chil/LARAVELBACKENDCHIL/vendor/laravel/framework/src/Illuminate/Pipeline/Pipeline.php(209): Illuminate\\Session\\Middleware\\StartSession->handle(Object(Illuminate\\Http\\Request), Object(Closure))
#26 /Users/elijahisrael/Desktop/Projects/chil/LARAVELBACKENDCHIL/vendor/laravel/framework/src/Illuminate/Cookie/Middleware/AddQueuedCookiesToResponse.php(37): Illuminate\\Pipeline\\Pipeline->{closure:{closure:Illuminate\\Pipeline\\Pipeline::carry():184}:185}(Object(Illuminate\\Http\\Request))
#27 /Users/elijahisrael/Desktop/Projects/chil/LARAVELBACKENDCHIL/vendor/laravel/framework/src/Illuminate/Pipeline/Pipeline.php(209): Illuminate\\Cookie\\Middleware\\AddQueuedCookiesToResponse->handle(Object(Illuminate\\Http\\Request), Object(Closure))
#28 /Users/elijahisrael/Desktop/Projects/chil/LARAVELBACKENDCHIL/vendor/laravel/framework/src/Illuminate/Cookie/Middleware/EncryptCookies.php(75): Illuminate\\Pipeline\\Pipeline->{closure:{closure:Illuminate\\Pipeline\\Pipeline::carry():184}:185}(Object(Illuminate\\Http\\Request))
#29 /Users/elijahisrael/Desktop/Projects/chil/LARAVELBACKENDCHIL/vendor/laravel/framework/src/Illuminate/Pipeline/Pipeline.php(209): Illuminate\\Cookie\\Middleware\\EncryptCookies->handle(Object(Illuminate\\Http\\Request), Object(Closure))
#30 /Users/elijahisrael/Desktop/Projects/chil/LARAVELBACKENDCHIL/vendor/laravel/framework/src/Illuminate/Pipeline/Pipeline.php(127): Illuminate\\Pipeline\\Pipeline->{closure:{closure:Illuminate\\Pipeline\\Pipeline::carry():184}:185}(Object(Illuminate\\Http\\Request))
#31 /Users/elijahisrael/Desktop/Projects/chil/LARAVELBACKENDCHIL/vendor/laravel/framework/src/Illuminate/Routing/Router.php(807): Illuminate\\Pipeline\\Pipeline->then(Object(Closure))
#32 /Users/elijahisrael/Desktop/Projects/chil/LARAVELBACKENDCHIL/vendor/laravel/framework/src/Illuminate/Routing/Router.php(786): Illuminate\\Routing\\Router->runRouteWithinStack(Object(Illuminate\\Routing\\Route), Object(Illuminate\\Http\\Request))
#33 /Users/elijahisrael/Desktop/Projects/chil/LARAVELBACKENDCHIL/vendor/laravel/framework/src/Illuminate/Routing/Router.php(750): Illuminate\\Routing\\Router->runRoute(Object(Illuminate\\Http\\Request), Object(Illuminate\\Routing\\Route))
#34 /Users/elijahisrael/Desktop/Projects/chil/LARAVELBACKENDCHIL/vendor/laravel/framework/src/Illuminate/Routing/Router.php(739): Illuminate\\Routing\\Router->dispatchToRoute(Object(Illuminate\\Http\\Request))
#35 /Users/elijahisrael/Desktop/Projects/chil/LARAVELBACKENDCHIL/vendor/laravel/framework/src/Illuminate/Foundation/Http/Kernel.php(201): Illuminate\\Routing\\Router->dispatch(Object(Illuminate\\Http\\Request))
#36 /Users/elijahisrael/Desktop/Projects/chil/LARAVELBACKENDCHIL/vendor/laravel/framework/src/Illuminate/Pipeline/Pipeline.php(170): Illuminate\\Foundation\\Http\\Kernel->{closure:Illuminate\\Foundation\\Http\\Kernel::dispatchToRouter():198}(Object(Illuminate\\Http\\Request))
#37 /Users/elijahisrael/Desktop/Projects/chil/LARAVELBACKENDCHIL/vendor/livewire/livewire/src/Features/SupportDisablingBackButtonCache/DisableBackButtonCacheMiddleware.php(19): Illuminate\\Pipeline\\Pipeline->{closure:Illuminate\\Pipeline\\Pipeline::prepareDestination():168}(Object(Illuminate\\Http\\Request))
#38 /Users/elijahisrael/Desktop/Projects/chil/LARAVELBACKENDCHIL/vendor/laravel/framework/src/Illuminate/Pipeline/Pipeline.php(209): Livewire\\Features\\SupportDisablingBackButtonCache\\DisableBackButtonCacheMiddleware->handle(Object(Illuminate\\Http\\Request), Object(Closure))
#39 /Users/elijahisrael/Desktop/Projects/chil/LARAVELBACKENDCHIL/app/Http/Middleware/Cors.php(31): Illuminate\\Pipeline\\Pipeline->{closure:{closure:Illuminate\\Pipeline\\Pipeline::carry():184}:185}(Object(Illuminate\\Http\\Request))
#40 /Users/elijahisrael/Desktop/Projects/chil/LARAVELBACKENDCHIL/vendor/laravel/framework/src/Illuminate/Pipeline/Pipeline.php(209): App\\Http\\Middleware\\Cors->handle(Object(Illuminate\\Http\\Request), Object(Closure))
#41 /Users/elijahisrael/Desktop/Projects/chil/LARAVELBACKENDCHIL/vendor/laravel/framework/src/Illuminate/Http/Middleware/TrustProxies.php(58): Illuminate\\Pipeline\\Pipeline->{closure:{closure:Illuminate\\Pipeline\\Pipeline::carry():184}:185}(Object(Illuminate\\Http\\Request))
#42 /Users/elijahisrael/Desktop/Projects/chil/LARAVELBACKENDCHIL/vendor/laravel/framework/src/Illuminate/Pipeline/Pipeline.php(209): Illuminate\\Http\\Middleware\\TrustProxies->handle(Object(Illuminate\\Http\\Request), Object(Closure))
#43 /Users/elijahisrael/Desktop/Projects/chil/LARAVELBACKENDCHIL/vendor/laravel/framework/src/Illuminate/Foundation/Http/Middleware/TransformsRequest.php(21): Illuminate\\Pipeline\\Pipeline->{closure:{closure:Illuminate\\Pipeline\\Pipeline::carry():184}:185}(Object(Illuminate\\Http\\Request))
#44 /Users/elijahisrael/Desktop/Projects/chil/LARAVELBACKENDCHIL/vendor/laravel/framework/src/Illuminate/Foundation/Http/Middleware/ConvertEmptyStringsToNull.php(31): Illuminate\\Foundation\\Http\\Middleware\\TransformsRequest->handle(Object(Illuminate\\Http\\Request), Object(Closure))
#45 /Users/elijahisrael/Desktop/Projects/chil/LARAVELBACKENDCHIL/vendor/laravel/framework/src/Illuminate/Pipeline/Pipeline.php(209): Illuminate\\Foundation\\Http\\Middleware\\ConvertEmptyStringsToNull->handle(Object(Illuminate\\Http\\Request), Object(Closure))
#46 /Users/elijahisrael/Desktop/Projects/chil/LARAVELBACKENDCHIL/vendor/laravel/framework/src/Illuminate/Foundation/Http/Middleware/TransformsRequest.php(21): Illuminate\\Pipeline\\Pipeline->{closure:{closure:Illuminate\\Pipeline\\Pipeline::carry():184}:185}(Object(Illuminate\\Http\\Request))
#47 /Users/elijahisrael/Desktop/Projects/chil/LARAVELBACKENDCHIL/vendor/laravel/framework/src/Illuminate/Foundation/Http/Middleware/TrimStrings.php(51): Illuminate\\Foundation\\Http\\Middleware\\TransformsRequest->handle(Object(Illuminate\\Http\\Request), Object(Closure))
#48 /Users/elijahisrael/Desktop/Projects/chil/LARAVELBACKENDCHIL/vendor/laravel/framework/src/Illuminate/Pipeline/Pipeline.php(209): Illuminate\\Foundation\\Http\\Middleware\\TrimStrings->handle(Object(Illuminate\\Http\\Request), Object(Closure))
#49 /Users/elijahisrael/Desktop/Projects/chil/LARAVELBACKENDCHIL/vendor/laravel/framework/src/Illuminate/Http/Middleware/ValidatePostSize.php(27): Illuminate\\Pipeline\\Pipeline->{closure:{closure:Illuminate\\Pipeline\\Pipeline::carry():184}:185}(Object(Illuminate\\Http\\Request))
#50 /Users/elijahisrael/Desktop/Projects/chil/LARAVELBACKENDCHIL/vendor/laravel/framework/src/Illuminate/Pipeline/Pipeline.php(209): Illuminate\\Http\\Middleware\\ValidatePostSize->handle(Object(Illuminate\\Http\\Request), Object(Closure))
#51 /Users/elijahisrael/Desktop/Projects/chil/LARAVELBACKENDCHIL/vendor/laravel/framework/src/Illuminate/Foundation/Http/Middleware/PreventRequestsDuringMaintenance.php(110): Illuminate\\Pipeline\\Pipeline->{closure:{closure:Illuminate\\Pipeline\\Pipeline::carry():184}:185}(Object(Illuminate\\Http\\Request))
#52 /Users/elijahisrael/Desktop/Projects/chil/LARAVELBACKENDCHIL/vendor/laravel/framework/src/Illuminate/Pipeline/Pipeline.php(209): Illuminate\\Foundation\\Http\\Middleware\\PreventRequestsDuringMaintenance->handle(Object(Illuminate\\Http\\Request), Object(Closure))
#53 /Users/elijahisrael/Desktop/Projects/chil/LARAVELBACKENDCHIL/vendor/laravel/framework/src/Illuminate/Pipeline/Pipeline.php(127): Illuminate\\Pipeline\\Pipeline->{closure:{closure:Illuminate\\Pipeline\\Pipeline::carry():184}:185}(Object(Illuminate\\Http\\Request))
#54 /Users/elijahisrael/Desktop/Projects/chil/LARAVELBACKENDCHIL/vendor/laravel/framework/src/Illuminate/Foundation/Http/Kernel.php(176): Illuminate\\Pipeline\\Pipeline->then(Object(Closure))
#55 /Users/elijahisrael/Desktop/Projects/chil/LARAVELBACKENDCHIL/vendor/laravel/framework/src/Illuminate/Foundation/Http/Kernel.php(145): Illuminate\\Foundation\\Http\\Kernel->sendRequestThroughRouter(Object(Illuminate\\Http\\Request))
#56 /Users/elijahisrael/Desktop/Projects/chil/LARAVELBACKENDCHIL/public/index.php(54): Illuminate\\Foundation\\Http\\Kernel->handle(Object(Illuminate\\Http\\Request))
#57 /Users/elijahisrael/Desktop/Projects/chil/LARAVELBACKENDCHIL/server.php(21): require_once('/Users/elijahis...')
#58 {main}
"} 
[2025-10-01 11:25:26] local.ERROR: Call to undefined method App\Models\School::patients() {"exception":"[object] (BadMethodCallException(code: 0): Call to undefined method App\\Models\\School::patients() at /Users/elijahisrael/Desktop/Projects/chil/LARAVELBACKENDCHIL/vendor/laravel/framework/src/Illuminate/Support/Traits/ForwardsCalls.php:67)
[stacktrace]
#0 /Users/elijahisrael/Desktop/Projects/chil/LARAVELBACKENDCHIL/vendor/laravel/framework/src/Illuminate/Support/Traits/ForwardsCalls.php(36): Illuminate\\Database\\Eloquent\\Model::throwBadMethodCallException('patients')
#1 /Users/elijahisrael/Desktop/Projects/chil/LARAVELBACKENDCHIL/vendor/laravel/framework/src/Illuminate/Database/Eloquent/Model.php(2372): Illuminate\\Database\\Eloquent\\Model->forwardCallTo(Object(Illuminate\\Database\\Eloquent\\Builder), 'patients', Array)
#2 /Users/elijahisrael/Desktop/Projects/chil/LARAVELBACKENDCHIL/routes/web.php(143): Illuminate\\Database\\Eloquent\\Model->__call('patients', Array)
#3 /Users/elijahisrael/Desktop/Projects/chil/LARAVELBACKENDCHIL/vendor/laravel/framework/src/Illuminate/Routing/CallableDispatcher.php(40): Illuminate\\Routing\\RouteFileRegistrar->{closure:/Users/elijahisrael/Desktop/Projects/chil/LARAVELBACKENDCHIL/routes/web.php:139}(Object(App\\Models\\School))
#4 /Users/elijahisrael/Desktop/Projects/chil/LARAVELBACKENDCHIL/vendor/laravel/framework/src/Illuminate/Routing/Route.php(244): Illuminate\\Routing\\CallableDispatcher->dispatch(Object(Illuminate\\Routing\\Route), Object(Closure))
#5 /Users/elijahisrael/Desktop/Projects/chil/LARAVELBACKENDCHIL/vendor/laravel/framework/src/Illuminate/Routing/Route.php(215): Illuminate\\Routing\\Route->runCallable()
#6 /Users/elijahisrael/Desktop/Projects/chil/LARAVELBACKENDCHIL/vendor/laravel/framework/src/Illuminate/Routing/Router.php(808): Illuminate\\Routing\\Route->run()
#7 /Users/elijahisrael/Desktop/Projects/chil/LARAVELBACKENDCHIL/vendor/laravel/framework/src/Illuminate/Pipeline/Pipeline.php(170): Illuminate\\Routing\\Router->{closure:Illuminate\\Routing\\Router::runRouteWithinStack():807}(Object(Illuminate\\Http\\Request))
#8 /Users/elijahisrael/Desktop/Projects/chil/LARAVELBACKENDCHIL/vendor/laravel/framework/src/Illuminate/Routing/Middleware/SubstituteBindings.php(51): Illuminate\\Pipeline\\Pipeline->{closure:Illuminate\\Pipeline\\Pipeline::prepareDestination():168}(Object(Illuminate\\Http\\Request))
#9 /Users/elijahisrael/Desktop/Projects/chil/LARAVELBACKENDCHIL/vendor/laravel/framework/src/Illuminate/Pipeline/Pipeline.php(209): Illuminate\\Routing\\Middleware\\SubstituteBindings->handle(Object(Illuminate\\Http\\Request), Object(Closure))
#10 /Users/elijahisrael/Desktop/Projects/chil/LARAVELBACKENDCHIL/vendor/laravel/framework/src/Illuminate/Foundation/Http/Middleware/VerifyCsrfToken.php(88): Illuminate\\Pipeline\\Pipeline->{closure:{closure:Illuminate\\Pipeline\\Pipeline::carry():184}:185}(Object(Illuminate\\Http\\Request))
#11 /Users/elijahisrael/Desktop/Projects/chil/LARAVELBACKENDCHIL/vendor/laravel/framework/src/Illuminate/Pipeline/Pipeline.php(209): Illuminate\\Foundation\\Http\\Middleware\\VerifyCsrfToken->handle(Object(Illuminate\\Http\\Request), Object(Closure))
#12 /Users/elijahisrael/Desktop/Projects/chil/LARAVELBACKENDCHIL/vendor/laravel/framework/src/Illuminate/View/Middleware/ShareErrorsFromSession.php(49): Illuminate\\Pipeline\\Pipeline->{closure:{closure:Illuminate\\Pipeline\\Pipeline::carry():184}:185}(Object(Illuminate\\Http\\Request))
#13 /Users/elijahisrael/Desktop/Projects/chil/LARAVELBACKENDCHIL/vendor/laravel/framework/src/Illuminate/Pipeline/Pipeline.php(209): Illuminate\\View\\Middleware\\ShareErrorsFromSession->handle(Object(Illuminate\\Http\\Request), Object(Closure))
#14 /Users/elijahisrael/Desktop/Projects/chil/LARAVELBACKENDCHIL/vendor/laravel/framework/src/Illuminate/Session/Middleware/StartSession.php(121): Illuminate\\Pipeline\\Pipeline->{closure:{closure:Illuminate\\Pipeline\\Pipeline::carry():184}:185}(Object(Illuminate\\Http\\Request))
#15 /Users/elijahisrael/Desktop/Projects/chil/LARAVELBACKENDCHIL/vendor/laravel/framework/src/Illuminate/Session/Middleware/StartSession.php(64): Illuminate\\Session\\Middleware\\StartSession->handleStatefulRequest(Object(Illuminate\\Http\\Request), Object(Illuminate\\Session\\Store), Object(Closure))
#16 /Users/elijahisrael/Desktop/Projects/chil/LARAVELBACKENDCHIL/vendor/laravel/framework/src/Illuminate/Pipeline/Pipeline.php(209): Illuminate\\Session\\Middleware\\StartSession->handle(Object(Illuminate\\Http\\Request), Object(Closure))
#17 /Users/elijahisrael/Desktop/Projects/chil/LARAVELBACKENDCHIL/vendor/laravel/framework/src/Illuminate/Cookie/Middleware/AddQueuedCookiesToResponse.php(37): Illuminate\\Pipeline\\Pipeline->{closure:{closure:Illuminate\\Pipeline\\Pipeline::carry():184}:185}(Object(Illuminate\\Http\\Request))
#18 /Users/elijahisrael/Desktop/Projects/chil/LARAVELBACKENDCHIL/vendor/laravel/framework/src/Illuminate/Pipeline/Pipeline.php(209): Illuminate\\Cookie\\Middleware\\AddQueuedCookiesToResponse->handle(Object(Illuminate\\Http\\Request), Object(Closure))
#19 /Users/elijahisrael/Desktop/Projects/chil/LARAVELBACKENDCHIL/vendor/laravel/framework/src/Illuminate/Cookie/Middleware/EncryptCookies.php(75): Illuminate\\Pipeline\\Pipeline->{closure:{closure:Illuminate\\Pipeline\\Pipeline::carry():184}:185}(Object(Illuminate\\Http\\Request))
#20 /Users/elijahisrael/Desktop/Projects/chil/LARAVELBACKENDCHIL/vendor/laravel/framework/src/Illuminate/Pipeline/Pipeline.php(209): Illuminate\\Cookie\\Middleware\\EncryptCookies->handle(Object(Illuminate\\Http\\Request), Object(Closure))
#21 /Users/elijahisrael/Desktop/Projects/chil/LARAVELBACKENDCHIL/vendor/laravel/framework/src/Illuminate/Pipeline/Pipeline.php(127): Illuminate\\Pipeline\\Pipeline->{closure:{closure:Illuminate\\Pipeline\\Pipeline::carry():184}:185}(Object(Illuminate\\Http\\Request))
#22 /Users/elijahisrael/Desktop/Projects/chil/LARAVELBACKENDCHIL/vendor/laravel/framework/src/Illuminate/Routing/Router.php(807): Illuminate\\Pipeline\\Pipeline->then(Object(Closure))
#23 /Users/elijahisrael/Desktop/Projects/chil/LARAVELBACKENDCHIL/vendor/laravel/framework/src/Illuminate/Routing/Router.php(786): Illuminate\\Routing\\Router->runRouteWithinStack(Object(Illuminate\\Routing\\Route), Object(Illuminate\\Http\\Request))
#24 /Users/elijahisrael/Desktop/Projects/chil/LARAVELBACKENDCHIL/vendor/laravel/framework/src/Illuminate/Routing/Router.php(750): Illuminate\\Routing\\Router->runRoute(Object(Illuminate\\Http\\Request), Object(Illuminate\\Routing\\Route))
#25 /Users/elijahisrael/Desktop/Projects/chil/LARAVELBACKENDCHIL/vendor/laravel/framework/src/Illuminate/Routing/Router.php(739): Illuminate\\Routing\\Router->dispatchToRoute(Object(Illuminate\\Http\\Request))
#26 /Users/elijahisrael/Desktop/Projects/chil/LARAVELBACKENDCHIL/vendor/laravel/framework/src/Illuminate/Foundation/Http/Kernel.php(201): Illuminate\\Routing\\Router->dispatch(Object(Illuminate\\Http\\Request))
#27 /Users/elijahisrael/Desktop/Projects/chil/LARAVELBACKENDCHIL/vendor/laravel/framework/src/Illuminate/Pipeline/Pipeline.php(170): Illuminate\\Foundation\\Http\\Kernel->{closure:Illuminate\\Foundation\\Http\\Kernel::dispatchToRouter():198}(Object(Illuminate\\Http\\Request))
#28 /Users/elijahisrael/Desktop/Projects/chil/LARAVELBACKENDCHIL/vendor/livewire/livewire/src/Features/SupportDisablingBackButtonCache/DisableBackButtonCacheMiddleware.php(19): Illuminate\\Pipeline\\Pipeline->{closure:Illuminate\\Pipeline\\Pipeline::prepareDestination():168}(Object(Illuminate\\Http\\Request))
#29 /Users/elijahisrael/Desktop/Projects/chil/LARAVELBACKENDCHIL/vendor/laravel/framework/src/Illuminate/Pipeline/Pipeline.php(209): Livewire\\Features\\SupportDisablingBackButtonCache\\DisableBackButtonCacheMiddleware->handle(Object(Illuminate\\Http\\Request), Object(Closure))
#30 /Users/elijahisrael/Desktop/Projects/chil/LARAVELBACKENDCHIL/app/Http/Middleware/Cors.php(31): Illuminate\\Pipeline\\Pipeline->{closure:{closure:Illuminate\\Pipeline\\Pipeline::carry():184}:185}(Object(Illuminate\\Http\\Request))
#31 /Users/elijahisrael/Desktop/Projects/chil/LARAVELBACKENDCHIL/vendor/laravel/framework/src/Illuminate/Pipeline/Pipeline.php(209): App\\Http\\Middleware\\Cors->handle(Object(Illuminate\\Http\\Request), Object(Closure))
#32 /Users/elijahisrael/Desktop/Projects/chil/LARAVELBACKENDCHIL/vendor/laravel/framework/src/Illuminate/Http/Middleware/TrustProxies.php(58): Illuminate\\Pipeline\\Pipeline->{closure:{closure:Illuminate\\Pipeline\\Pipeline::carry():184}:185}(Object(Illuminate\\Http\\Request))
#33 /Users/elijahisrael/Desktop/Projects/chil/LARAVELBACKENDCHIL/vendor/laravel/framework/src/Illuminate/Pipeline/Pipeline.php(209): Illuminate\\Http\\Middleware\\TrustProxies->handle(Object(Illuminate\\Http\\Request), Object(Closure))
#34 /Users/elijahisrael/Desktop/Projects/chil/LARAVELBACKENDCHIL/vendor/laravel/framework/src/Illuminate/Foundation/Http/Middleware/TransformsRequest.php(21): Illuminate\\Pipeline\\Pipeline->{closure:{closure:Illuminate\\Pipeline\\Pipeline::carry():184}:185}(Object(Illuminate\\Http\\Request))
#35 /Users/elijahisrael/Desktop/Projects/chil/LARAVELBACKENDCHIL/vendor/laravel/framework/src/Illuminate/Foundation/Http/Middleware/ConvertEmptyStringsToNull.php(31): Illuminate\\Foundation\\Http\\Middleware\\TransformsRequest->handle(Object(Illuminate\\Http\\Request), Object(Closure))
#36 /Users/elijahisrael/Desktop/Projects/chil/LARAVELBACKENDCHIL/vendor/laravel/framework/src/Illuminate/Pipeline/Pipeline.php(209): Illuminate\\Foundation\\Http\\Middleware\\ConvertEmptyStringsToNull->handle(Object(Illuminate\\Http\\Request), Object(Closure))
#37 /Users/elijahisrael/Desktop/Projects/chil/LARAVELBACKENDCHIL/vendor/laravel/framework/src/Illuminate/Foundation/Http/Middleware/TransformsRequest.php(21): Illuminate\\Pipeline\\Pipeline->{closure:{closure:Illuminate\\Pipeline\\Pipeline::carry():184}:185}(Object(Illuminate\\Http\\Request))
#38 /Users/elijahisrael/Desktop/Projects/chil/LARAVELBACKENDCHIL/vendor/laravel/framework/src/Illuminate/Foundation/Http/Middleware/TrimStrings.php(51): Illuminate\\Foundation\\Http\\Middleware\\TransformsRequest->handle(Object(Illuminate\\Http\\Request), Object(Closure))
#39 /Users/elijahisrael/Desktop/Projects/chil/LARAVELBACKENDCHIL/vendor/laravel/framework/src/Illuminate/Pipeline/Pipeline.php(209): Illuminate\\Foundation\\Http\\Middleware\\TrimStrings->handle(Object(Illuminate\\Http\\Request), Object(Closure))
#40 /Users/elijahisrael/Desktop/Projects/chil/LARAVELBACKENDCHIL/vendor/laravel/framework/src/Illuminate/Http/Middleware/ValidatePostSize.php(27): Illuminate\\Pipeline\\Pipeline->{closure:{closure:Illuminate\\Pipeline\\Pipeline::carry():184}:185}(Object(Illuminate\\Http\\Request))
#41 /Users/elijahisrael/Desktop/Projects/chil/LARAVELBACKENDCHIL/vendor/laravel/framework/src/Illuminate/Pipeline/Pipeline.php(209): Illuminate\\Http\\Middleware\\ValidatePostSize->handle(Object(Illuminate\\Http\\Request), Object(Closure))
#42 /Users/elijahisrael/Desktop/Projects/chil/LARAVELBACKENDCHIL/vendor/laravel/framework/src/Illuminate/Foundation/Http/Middleware/PreventRequestsDuringMaintenance.php(110): Illuminate\\Pipeline\\Pipeline->{closure:{closure:Illuminate\\Pipeline\\Pipeline::carry():184}:185}(Object(Illuminate\\Http\\Request))
#43 /Users/elijahisrael/Desktop/Projects/chil/LARAVELBACKENDCHIL/vendor/laravel/framework/src/Illuminate/Pipeline/Pipeline.php(209): Illuminate\\Foundation\\Http\\Middleware\\PreventRequestsDuringMaintenance->handle(Object(Illuminate\\Http\\Request), Object(Closure))
#44 /Users/elijahisrael/Desktop/Projects/chil/LARAVELBACKENDCHIL/vendor/laravel/framework/src/Illuminate/Pipeline/Pipeline.php(127): Illuminate\\Pipeline\\Pipeline->{closure:{closure:Illuminate\\Pipeline\\Pipeline::carry():184}:185}(Object(Illuminate\\Http\\Request))
#45 /Users/elijahisrael/Desktop/Projects/chil/LARAVELBACKENDCHIL/vendor/laravel/framework/src/Illuminate/Foundation/Http/Kernel.php(176): Illuminate\\Pipeline\\Pipeline->then(Object(Closure))
#46 /Users/elijahisrael/Desktop/Projects/chil/LARAVELBACKENDCHIL/vendor/laravel/framework/src/Illuminate/Foundation/Http/Kernel.php(145): Illuminate\\Foundation\\Http\\Kernel->sendRequestThroughRouter(Object(Illuminate\\Http\\Request))
#47 /Users/elijahisrael/Desktop/Projects/chil/LARAVELBACKENDCHIL/public/index.php(54): Illuminate\\Foundation\\Http\\Kernel->handle(Object(Illuminate\\Http\\Request))
#48 /Users/elijahisrael/Desktop/Projects/chil/LARAVELBACKENDCHIL/server.php(21): require_once('/Users/elijahis...')
#49 {main}
"} 
[2025-10-01 11:25:44] local.ERROR: Undefined variable $doctors (View: /Users/elijahisrael/Desktop/Projects/chil/LARAVELBACKENDCHIL/resources/views/book-doctor.blade.php) {"exception":"[object] (Illuminate\\View\\ViewException(code: 0): Undefined variable $doctors (View: /Users/elijahisrael/Desktop/Projects/chil/LARAVELBACKENDCHIL/resources/views/book-doctor.blade.php) at /Users/elijahisrael/Desktop/Projects/chil/LARAVELBACKENDCHIL/storage/framework/views/ba982f6c52fa6d545b6d2f4cc9a1658d.php:27)
[stacktrace]
#0 /Users/elijahisrael/Desktop/Projects/chil/LARAVELBACKENDCHIL/vendor/livewire/livewire/src/Mechanisms/ExtendBlade/ExtendedCompilerEngine.php(58): Illuminate\\View\\Engines\\CompilerEngine->handleViewException(Object(ErrorException), 0)
#1 /Users/elijahisrael/Desktop/Projects/chil/LARAVELBACKENDCHIL/vendor/laravel/framework/src/Illuminate/View/Engines/PhpEngine.php(60): Livewire\\Mechanisms\\ExtendBlade\\ExtendedCompilerEngine->handleViewException(Object(ErrorException), 0)
#2 /Users/elijahisrael/Desktop/Projects/chil/LARAVELBACKENDCHIL/vendor/livewire/livewire/src/Mechanisms/ExtendBlade/ExtendedCompilerEngine.php(22): Illuminate\\View\\Engines\\PhpEngine->evaluatePath('/Users/elijahis...', Array)
#3 /Users/elijahisrael/Desktop/Projects/chil/LARAVELBACKENDCHIL/vendor/laravel/framework/src/Illuminate/View/Engines/CompilerEngine.php(75): Livewire\\Mechanisms\\ExtendBlade\\ExtendedCompilerEngine->evaluatePath('/Users/elijahis...', Array)
#4 /Users/elijahisrael/Desktop/Projects/chil/LARAVELBACKENDCHIL/vendor/livewire/livewire/src/Mechanisms/ExtendBlade/ExtendedCompilerEngine.php(10): Illuminate\\View\\Engines\\CompilerEngine->get('/Users/elijahis...', Array)
#5 /Users/elijahisrael/Desktop/Projects/chil/LARAVELBACKENDCHIL/vendor/laravel/framework/src/Illuminate/View/View.php(209): Livewire\\Mechanisms\\ExtendBlade\\ExtendedCompilerEngine->get('/Users/elijahis...', Array)
#6 /Users/elijahisrael/Desktop/Projects/chil/LARAVELBACKENDCHIL/vendor/laravel/framework/src/Illuminate/View/View.php(192): Illuminate\\View\\View->getContents()
#7 /Users/elijahisrael/Desktop/Projects/chil/LARAVELBACKENDCHIL/vendor/laravel/framework/src/Illuminate/View/View.php(161): Illuminate\\View\\View->renderContents()
#8 /Users/elijahisrael/Desktop/Projects/chil/LARAVELBACKENDCHIL/vendor/laravel/framework/src/Illuminate/Http/Response.php(79): Illuminate\\View\\View->render()
#9 /Users/elijahisrael/Desktop/Projects/chil/LARAVELBACKENDCHIL/vendor/laravel/framework/src/Illuminate/Http/Response.php(35): Illuminate\\Http\\Response->setContent(Object(Illuminate\\View\\View))
#10 /Users/elijahisrael/Desktop/Projects/chil/LARAVELBACKENDCHIL/vendor/laravel/framework/src/Illuminate/Routing/Router.php(920): Illuminate\\Http\\Response->__construct(Object(Illuminate\\View\\View), 200, Array)
#11 /Users/elijahisrael/Desktop/Projects/chil/LARAVELBACKENDCHIL/vendor/laravel/framework/src/Illuminate/Routing/Router.php(887): Illuminate\\Routing\\Router::toResponse(Object(Illuminate\\Http\\Request), Object(Illuminate\\View\\View))
#12 /Users/elijahisrael/Desktop/Projects/chil/LARAVELBACKENDCHIL/vendor/laravel/framework/src/Illuminate/Routing/Router.php(807): Illuminate\\Routing\\Router->prepareResponse(Object(Illuminate\\Http\\Request), Object(Illuminate\\View\\View))
#13 /Users/elijahisrael/Desktop/Projects/chil/LARAVELBACKENDCHIL/vendor/laravel/framework/src/Illuminate/Pipeline/Pipeline.php(170): Illuminate\\Routing\\Router->{closure:Illuminate\\Routing\\Router::runRouteWithinStack():807}(Object(Illuminate\\Http\\Request))
#14 /Users/elijahisrael/Desktop/Projects/chil/LARAVELBACKENDCHIL/vendor/laravel/framework/src/Illuminate/Routing/Middleware/SubstituteBindings.php(51): Illuminate\\Pipeline\\Pipeline->{closure:Illuminate\\Pipeline\\Pipeline::prepareDestination():168}(Object(Illuminate\\Http\\Request))
#15 /Users/elijahisrael/Desktop/Projects/chil/LARAVELBACKENDCHIL/vendor/laravel/framework/src/Illuminate/Pipeline/Pipeline.php(209): Illuminate\\Routing\\Middleware\\SubstituteBindings->handle(Object(Illuminate\\Http\\Request), Object(Closure))
#16 /Users/elijahisrael/Desktop/Projects/chil/LARAVELBACKENDCHIL/vendor/laravel/framework/src/Illuminate/Foundation/Http/Middleware/VerifyCsrfToken.php(88): Illuminate\\Pipeline\\Pipeline->{closure:{closure:Illuminate\\Pipeline\\Pipeline::carry():184}:185}(Object(Illuminate\\Http\\Request))
#17 /Users/elijahisrael/Desktop/Projects/chil/LARAVELBACKENDCHIL/vendor/laravel/framework/src/Illuminate/Pipeline/Pipeline.php(209): Illuminate\\Foundation\\Http\\Middleware\\VerifyCsrfToken->handle(Object(Illuminate\\Http\\Request), Object(Closure))
#18 /Users/elijahisrael/Desktop/Projects/chil/LARAVELBACKENDCHIL/vendor/laravel/framework/src/Illuminate/View/Middleware/ShareErrorsFromSession.php(49): Illuminate\\Pipeline\\Pipeline->{closure:{closure:Illuminate\\Pipeline\\Pipeline::carry():184}:185}(Object(Illuminate\\Http\\Request))
#19 /Users/elijahisrael/Desktop/Projects/chil/LARAVELBACKENDCHIL/vendor/laravel/framework/src/Illuminate/Pipeline/Pipeline.php(209): Illuminate\\View\\Middleware\\ShareErrorsFromSession->handle(Object(Illuminate\\Http\\Request), Object(Closure))
#20 /Users/elijahisrael/Desktop/Projects/chil/LARAVELBACKENDCHIL/vendor/laravel/framework/src/Illuminate/Session/Middleware/StartSession.php(121): Illuminate\\Pipeline\\Pipeline->{closure:{closure:Illuminate\\Pipeline\\Pipeline::carry():184}:185}(Object(Illuminate\\Http\\Request))
#21 /Users/elijahisrael/Desktop/Projects/chil/LARAVELBACKENDCHIL/vendor/laravel/framework/src/Illuminate/Session/Middleware/StartSession.php(64): Illuminate\\Session\\Middleware\\StartSession->handleStatefulRequest(Object(Illuminate\\Http\\Request), Object(Illuminate\\Session\\Store), Object(Closure))
#22 /Users/elijahisrael/Desktop/Projects/chil/LARAVELBACKENDCHIL/vendor/laravel/framework/src/Illuminate/Pipeline/Pipeline.php(209): Illuminate\\Session\\Middleware\\StartSession->handle(Object(Illuminate\\Http\\Request), Object(Closure))
#23 /Users/elijahisrael/Desktop/Projects/chil/LARAVELBACKENDCHIL/vendor/laravel/framework/src/Illuminate/Cookie/Middleware/AddQueuedCookiesToResponse.php(37): Illuminate\\Pipeline\\Pipeline->{closure:{closure:Illuminate\\Pipeline\\Pipeline::carry():184}:185}(Object(Illuminate\\Http\\Request))
#24 /Users/elijahisrael/Desktop/Projects/chil/LARAVELBACKENDCHIL/vendor/laravel/framework/src/Illuminate/Pipeline/Pipeline.php(209): Illuminate\\Cookie\\Middleware\\AddQueuedCookiesToResponse->handle(Object(Illuminate\\Http\\Request), Object(Closure))
#25 /Users/elijahisrael/Desktop/Projects/chil/LARAVELBACKENDCHIL/vendor/laravel/framework/src/Illuminate/Cookie/Middleware/EncryptCookies.php(75): Illuminate\\Pipeline\\Pipeline->{closure:{closure:Illuminate\\Pipeline\\Pipeline::carry():184}:185}(Object(Illuminate\\Http\\Request))
#26 /Users/elijahisrael/Desktop/Projects/chil/LARAVELBACKENDCHIL/vendor/laravel/framework/src/Illuminate/Pipeline/Pipeline.php(209): Illuminate\\Cookie\\Middleware\\EncryptCookies->handle(Object(Illuminate\\Http\\Request), Object(Closure))
#27 /Users/elijahisrael/Desktop/Projects/chil/LARAVELBACKENDCHIL/vendor/laravel/framework/src/Illuminate/Pipeline/Pipeline.php(127): Illuminate\\Pipeline\\Pipeline->{closure:{closure:Illuminate\\Pipeline\\Pipeline::carry():184}:185}(Object(Illuminate\\Http\\Request))
#28 /Users/elijahisrael/Desktop/Projects/chil/LARAVELBACKENDCHIL/vendor/laravel/framework/src/Illuminate/Routing/Router.php(807): Illuminate\\Pipeline\\Pipeline->then(Object(Closure))
#29 /Users/elijahisrael/Desktop/Projects/chil/LARAVELBACKENDCHIL/vendor/laravel/framework/src/Illuminate/Routing/Router.php(786): Illuminate\\Routing\\Router->runRouteWithinStack(Object(Illuminate\\Routing\\Route), Object(Illuminate\\Http\\Request))
#30 /Users/elijahisrael/Desktop/Projects/chil/LARAVELBACKENDCHIL/vendor/laravel/framework/src/Illuminate/Routing/Router.php(750): Illuminate\\Routing\\Router->runRoute(Object(Illuminate\\Http\\Request), Object(Illuminate\\Routing\\Route))
#31 /Users/elijahisrael/Desktop/Projects/chil/LARAVELBACKENDCHIL/vendor/laravel/framework/src/Illuminate/Routing/Router.php(739): Illuminate\\Routing\\Router->dispatchToRoute(Object(Illuminate\\Http\\Request))
#32 /Users/elijahisrael/Desktop/Projects/chil/LARAVELBACKENDCHIL/vendor/laravel/framework/src/Illuminate/Foundation/Http/Kernel.php(201): Illuminate\\Routing\\Router->dispatch(Object(Illuminate\\Http\\Request))
#33 /Users/elijahisrael/Desktop/Projects/chil/LARAVELBACKENDCHIL/vendor/laravel/framework/src/Illuminate/Pipeline/Pipeline.php(170): Illuminate\\Foundation\\Http\\Kernel->{closure:Illuminate\\Foundation\\Http\\Kernel::dispatchToRouter():198}(Object(Illuminate\\Http\\Request))
#34 /Users/elijahisrael/Desktop/Projects/chil/LARAVELBACKENDCHIL/vendor/livewire/livewire/src/Features/SupportDisablingBackButtonCache/DisableBackButtonCacheMiddleware.php(19): Illuminate\\Pipeline\\Pipeline->{closure:Illuminate\\Pipeline\\Pipeline::prepareDestination():168}(Object(Illuminate\\Http\\Request))
#35 /Users/elijahisrael/Desktop/Projects/chil/LARAVELBACKENDCHIL/vendor/laravel/framework/src/Illuminate/Pipeline/Pipeline.php(209): Livewire\\Features\\SupportDisablingBackButtonCache\\DisableBackButtonCacheMiddleware->handle(Object(Illuminate\\Http\\Request), Object(Closure))
#36 /Users/elijahisrael/Desktop/Projects/chil/LARAVELBACKENDCHIL/app/Http/Middleware/Cors.php(31): Illuminate\\Pipeline\\Pipeline->{closure:{closure:Illuminate\\Pipeline\\Pipeline::carry():184}:185}(Object(Illuminate\\Http\\Request))
#37 /Users/elijahisrael/Desktop/Projects/chil/LARAVELBACKENDCHIL/vendor/laravel/framework/src/Illuminate/Pipeline/Pipeline.php(209): App\\Http\\Middleware\\Cors->handle(Object(Illuminate\\Http\\Request), Object(Closure))
#38 /Users/elijahisrael/Desktop/Projects/chil/LARAVELBACKENDCHIL/vendor/laravel/framework/src/Illuminate/Http/Middleware/TrustProxies.php(58): Illuminate\\Pipeline\\Pipeline->{closure:{closure:Illuminate\\Pipeline\\Pipeline::carry():184}:185}(Object(Illuminate\\Http\\Request))
#39 /Users/elijahisrael/Desktop/Projects/chil/LARAVELBACKENDCHIL/vendor/laravel/framework/src/Illuminate/Pipeline/Pipeline.php(209): Illuminate\\Http\\Middleware\\TrustProxies->handle(Object(Illuminate\\Http\\Request), Object(Closure))
#40 /Users/elijahisrael/Desktop/Projects/chil/LARAVELBACKENDCHIL/vendor/laravel/framework/src/Illuminate/Foundation/Http/Middleware/TransformsRequest.php(21): Illuminate\\Pipeline\\Pipeline->{closure:{closure:Illuminate\\Pipeline\\Pipeline::carry():184}:185}(Object(Illuminate\\Http\\Request))
#41 /Users/elijahisrael/Desktop/Projects/chil/LARAVELBACKENDCHIL/vendor/laravel/framework/src/Illuminate/Foundation/Http/Middleware/ConvertEmptyStringsToNull.php(31): Illuminate\\Foundation\\Http\\Middleware\\TransformsRequest->handle(Object(Illuminate\\Http\\Request), Object(Closure))
#42 /Users/elijahisrael/Desktop/Projects/chil/LARAVELBACKENDCHIL/vendor/laravel/framework/src/Illuminate/Pipeline/Pipeline.php(209): Illuminate\\Foundation\\Http\\Middleware\\ConvertEmptyStringsToNull->handle(Object(Illuminate\\Http\\Request), Object(Closure))
#43 /Users/elijahisrael/Desktop/Projects/chil/LARAVELBACKENDCHIL/vendor/laravel/framework/src/Illuminate/Foundation/Http/Middleware/TransformsRequest.php(21): Illuminate\\Pipeline\\Pipeline->{closure:{closure:Illuminate\\Pipeline\\Pipeline::carry():184}:185}(Object(Illuminate\\Http\\Request))
#44 /Users/elijahisrael/Desktop/Projects/chil/LARAVELBACKENDCHIL/vendor/laravel/framework/src/Illuminate/Foundation/Http/Middleware/TrimStrings.php(51): Illuminate\\Foundation\\Http\\Middleware\\TransformsRequest->handle(Object(Illuminate\\Http\\Request), Object(Closure))
#45 /Users/elijahisrael/Desktop/Projects/chil/LARAVELBACKENDCHIL/vendor/laravel/framework/src/Illuminate/Pipeline/Pipeline.php(209): Illuminate\\Foundation\\Http\\Middleware\\TrimStrings->handle(Object(Illuminate\\Http\\Request), Object(Closure))
#46 /Users/elijahisrael/Desktop/Projects/chil/LARAVELBACKENDCHIL/vendor/laravel/framework/src/Illuminate/Http/Middleware/ValidatePostSize.php(27): Illuminate\\Pipeline\\Pipeline->{closure:{closure:Illuminate\\Pipeline\\Pipeline::carry():184}:185}(Object(Illuminate\\Http\\Request))
#47 /Users/elijahisrael/Desktop/Projects/chil/LARAVELBACKENDCHIL/vendor/laravel/framework/src/Illuminate/Pipeline/Pipeline.php(209): Illuminate\\Http\\Middleware\\ValidatePostSize->handle(Object(Illuminate\\Http\\Request), Object(Closure))
#48 /Users/elijahisrael/Desktop/Projects/chil/LARAVELBACKENDCHIL/vendor/laravel/framework/src/Illuminate/Foundation/Http/Middleware/PreventRequestsDuringMaintenance.php(110): Illuminate\\Pipeline\\Pipeline->{closure:{closure:Illuminate\\Pipeline\\Pipeline::carry():184}:185}(Object(Illuminate\\Http\\Request))
#49 /Users/elijahisrael/Desktop/Projects/chil/LARAVELBACKENDCHIL/vendor/laravel/framework/src/Illuminate/Pipeline/Pipeline.php(209): Illuminate\\Foundation\\Http\\Middleware\\PreventRequestsDuringMaintenance->handle(Object(Illuminate\\Http\\Request), Object(Closure))
#50 /Users/elijahisrael/Desktop/Projects/chil/LARAVELBACKENDCHIL/vendor/laravel/framework/src/Illuminate/Pipeline/Pipeline.php(127): Illuminate\\Pipeline\\Pipeline->{closure:{closure:Illuminate\\Pipeline\\Pipeline::carry():184}:185}(Object(Illuminate\\Http\\Request))
#51 /Users/elijahisrael/Desktop/Projects/chil/LARAVELBACKENDCHIL/vendor/laravel/framework/src/Illuminate/Foundation/Http/Kernel.php(176): Illuminate\\Pipeline\\Pipeline->then(Object(Closure))
#52 /Users/elijahisrael/Desktop/Projects/chil/LARAVELBACKENDCHIL/vendor/laravel/framework/src/Illuminate/Foundation/Http/Kernel.php(145): Illuminate\\Foundation\\Http\\Kernel->sendRequestThroughRouter(Object(Illuminate\\Http\\Request))
#53 /Users/elijahisrael/Desktop/Projects/chil/LARAVELBACKENDCHIL/public/index.php(54): Illuminate\\Foundation\\Http\\Kernel->handle(Object(Illuminate\\Http\\Request))
#54 /Users/elijahisrael/Desktop/Projects/chil/LARAVELBACKENDCHIL/server.php(21): require_once('/Users/elijahis...')
#55 {main}

[previous exception] [object] (ErrorException(code: 0): Undefined variable $doctors at /Users/elijahisrael/Desktop/Projects/chil/LARAVELBACKENDCHIL/storage/framework/views/ba982f6c52fa6d545b6d2f4cc9a1658d.php:27)
[stacktrace]
#0 /Users/elijahisrael/Desktop/Projects/chil/LARAVELBACKENDCHIL/vendor/laravel/framework/src/Illuminate/Foundation/Bootstrap/HandleExceptions.php(256): Illuminate\\Foundation\\Bootstrap\\HandleExceptions->handleError(2, 'Undefined varia...', '/Users/elijahis...', 27)
#1 /Users/elijahisrael/Desktop/Projects/chil/LARAVELBACKENDCHIL/storage/framework/views/ba982f6c52fa6d545b6d2f4cc9a1658d.php(27): Illuminate\\Foundation\\Bootstrap\\HandleExceptions->{closure:Illuminate\\Foundation\\Bootstrap\\HandleExceptions::forwardsTo():255}(2, 'Undefined varia...', '/Users/elijahis...', 27)
#2 /Users/elijahisrael/Desktop/Projects/chil/LARAVELBACKENDCHIL/vendor/laravel/framework/src/Illuminate/Filesystem/Filesystem.php(123): require('/Users/elijahis...')
#3 /Users/elijahisrael/Desktop/Projects/chil/LARAVELBACKENDCHIL/vendor/laravel/framework/src/Illuminate/Filesystem/Filesystem.php(124): Illuminate\\Filesystem\\Filesystem::{closure:Illuminate\\Filesystem\\Filesystem::getRequire():120}()
#4 /Users/elijahisrael/Desktop/Projects/chil/LARAVELBACKENDCHIL/vendor/laravel/framework/src/Illuminate/View/Engines/PhpEngine.php(58): Illuminate\\Filesystem\\Filesystem->getRequire('/Users/elijahis...', Array)
#5 /Users/elijahisrael/Desktop/Projects/chil/LARAVELBACKENDCHIL/vendor/livewire/livewire/src/Mechanisms/ExtendBlade/ExtendedCompilerEngine.php(22): Illuminate\\View\\Engines\\PhpEngine->evaluatePath('/Users/elijahis...', Array)
#6 /Users/elijahisrael/Desktop/Projects/chil/LARAVELBACKENDCHIL/vendor/laravel/framework/src/Illuminate/View/Engines/CompilerEngine.php(75): Livewire\\Mechanisms\\ExtendBlade\\ExtendedCompilerEngine->evaluatePath('/Users/elijahis...', Array)
#7 /Users/elijahisrael/Desktop/Projects/chil/LARAVELBACKENDCHIL/vendor/livewire/livewire/src/Mechanisms/ExtendBlade/ExtendedCompilerEngine.php(10): Illuminate\\View\\Engines\\CompilerEngine->get('/Users/elijahis...', Array)
#8 /Users/elijahisrael/Desktop/Projects/chil/LARAVELBACKENDCHIL/vendor/laravel/framework/src/Illuminate/View/View.php(209): Livewire\\Mechanisms\\ExtendBlade\\ExtendedCompilerEngine->get('/Users/elijahis...', Array)
#9 /Users/elijahisrael/Desktop/Projects/chil/LARAVELBACKENDCHIL/vendor/laravel/framework/src/Illuminate/View/View.php(192): Illuminate\\View\\View->getContents()
#10 /Users/elijahisrael/Desktop/Projects/chil/LARAVELBACKENDCHIL/vendor/laravel/framework/src/Illuminate/View/View.php(161): Illuminate\\View\\View->renderContents()
#11 /Users/elijahisrael/Desktop/Projects/chil/LARAVELBACKENDCHIL/vendor/laravel/framework/src/Illuminate/Http/Response.php(79): Illuminate\\View\\View->render()
#12 /Users/elijahisrael/Desktop/Projects/chil/LARAVELBACKENDCHIL/vendor/laravel/framework/src/Illuminate/Http/Response.php(35): Illuminate\\Http\\Response->setContent(Object(Illuminate\\View\\View))
#13 /Users/elijahisrael/Desktop/Projects/chil/LARAVELBACKENDCHIL/vendor/laravel/framework/src/Illuminate/Routing/Router.php(920): Illuminate\\Http\\Response->__construct(Object(Illuminate\\View\\View), 200, Array)
#14 /Users/elijahisrael/Desktop/Projects/chil/LARAVELBACKENDCHIL/vendor/laravel/framework/src/Illuminate/Routing/Router.php(887): Illuminate\\Routing\\Router::toResponse(Object(Illuminate\\Http\\Request), Object(Illuminate\\View\\View))
#15 /Users/elijahisrael/Desktop/Projects/chil/LARAVELBACKENDCHIL/vendor/laravel/framework/src/Illuminate/Routing/Router.php(807): Illuminate\\Routing\\Router->prepareResponse(Object(Illuminate\\Http\\Request), Object(Illuminate\\View\\View))
#16 /Users/elijahisrael/Desktop/Projects/chil/LARAVELBACKENDCHIL/vendor/laravel/framework/src/Illuminate/Pipeline/Pipeline.php(170): Illuminate\\Routing\\Router->{closure:Illuminate\\Routing\\Router::runRouteWithinStack():807}(Object(Illuminate\\Http\\Request))
#17 /Users/elijahisrael/Desktop/Projects/chil/LARAVELBACKENDCHIL/vendor/laravel/framework/src/Illuminate/Routing/Middleware/SubstituteBindings.php(51): Illuminate\\Pipeline\\Pipeline->{closure:Illuminate\\Pipeline\\Pipeline::prepareDestination():168}(Object(Illuminate\\Http\\Request))
#18 /Users/elijahisrael/Desktop/Projects/chil/LARAVELBACKENDCHIL/vendor/laravel/framework/src/Illuminate/Pipeline/Pipeline.php(209): Illuminate\\Routing\\Middleware\\SubstituteBindings->handle(Object(Illuminate\\Http\\Request), Object(Closure))
#19 /Users/elijahisrael/Desktop/Projects/chil/LARAVELBACKENDCHIL/vendor/laravel/framework/src/Illuminate/Foundation/Http/Middleware/VerifyCsrfToken.php(88): Illuminate\\Pipeline\\Pipeline->{closure:{closure:Illuminate\\Pipeline\\Pipeline::carry():184}:185}(Object(Illuminate\\Http\\Request))
#20 /Users/elijahisrael/Desktop/Projects/chil/LARAVELBACKENDCHIL/vendor/laravel/framework/src/Illuminate/Pipeline/Pipeline.php(209): Illuminate\\Foundation\\Http\\Middleware\\VerifyCsrfToken->handle(Object(Illuminate\\Http\\Request), Object(Closure))
#21 /Users/elijahisrael/Desktop/Projects/chil/LARAVELBACKENDCHIL/vendor/laravel/framework/src/Illuminate/View/Middleware/ShareErrorsFromSession.php(49): Illuminate\\Pipeline\\Pipeline->{closure:{closure:Illuminate\\Pipeline\\Pipeline::carry():184}:185}(Object(Illuminate\\Http\\Request))
#22 /Users/elijahisrael/Desktop/Projects/chil/LARAVELBACKENDCHIL/vendor/laravel/framework/src/Illuminate/Pipeline/Pipeline.php(209): Illuminate\\View\\Middleware\\ShareErrorsFromSession->handle(Object(Illuminate\\Http\\Request), Object(Closure))
#23 /Users/elijahisrael/Desktop/Projects/chil/LARAVELBACKENDCHIL/vendor/laravel/framework/src/Illuminate/Session/Middleware/StartSession.php(121): Illuminate\\Pipeline\\Pipeline->{closure:{closure:Illuminate\\Pipeline\\Pipeline::carry():184}:185}(Object(Illuminate\\Http\\Request))
#24 /Users/elijahisrael/Desktop/Projects/chil/LARAVELBACKENDCHIL/vendor/laravel/framework/src/Illuminate/Session/Middleware/StartSession.php(64): Illuminate\\Session\\Middleware\\StartSession->handleStatefulRequest(Object(Illuminate\\Http\\Request), Object(Illuminate\\Session\\Store), Object(Closure))
#25 /Users/elijahisrael/Desktop/Projects/chil/LARAVELBACKENDCHIL/vendor/laravel/framework/src/Illuminate/Pipeline/Pipeline.php(209): Illuminate\\Session\\Middleware\\StartSession->handle(Object(Illuminate\\Http\\Request), Object(Closure))
#26 /Users/elijahisrael/Desktop/Projects/chil/LARAVELBACKENDCHIL/vendor/laravel/framework/src/Illuminate/Cookie/Middleware/AddQueuedCookiesToResponse.php(37): Illuminate\\Pipeline\\Pipeline->{closure:{closure:Illuminate\\Pipeline\\Pipeline::carry():184}:185}(Object(Illuminate\\Http\\Request))
#27 /Users/elijahisrael/Desktop/Projects/chil/LARAVELBACKENDCHIL/vendor/laravel/framework/src/Illuminate/Pipeline/Pipeline.php(209): Illuminate\\Cookie\\Middleware\\AddQueuedCookiesToResponse->handle(Object(Illuminate\\Http\\Request), Object(Closure))
#28 /Users/elijahisrael/Desktop/Projects/chil/LARAVELBACKENDCHIL/vendor/laravel/framework/src/Illuminate/Cookie/Middleware/EncryptCookies.php(75): Illuminate\\Pipeline\\Pipeline->{closure:{closure:Illuminate\\Pipeline\\Pipeline::carry():184}:185}(Object(Illuminate\\Http\\Request))
#29 /Users/elijahisrael/Desktop/Projects/chil/LARAVELBACKENDCHIL/vendor/laravel/framework/src/Illuminate/Pipeline/Pipeline.php(209): Illuminate\\Cookie\\Middleware\\EncryptCookies->handle(Object(Illuminate\\Http\\Request), Object(Closure))
#30 /Users/elijahisrael/Desktop/Projects/chil/LARAVELBACKENDCHIL/vendor/laravel/framework/src/Illuminate/Pipeline/Pipeline.php(127): Illuminate\\Pipeline\\Pipeline->{closure:{closure:Illuminate\\Pipeline\\Pipeline::carry():184}:185}(Object(Illuminate\\Http\\Request))
#31 /Users/elijahisrael/Desktop/Projects/chil/LARAVELBACKENDCHIL/vendor/laravel/framework/src/Illuminate/Routing/Router.php(807): Illuminate\\Pipeline\\Pipeline->then(Object(Closure))
#32 /Users/elijahisrael/Desktop/Projects/chil/LARAVELBACKENDCHIL/vendor/laravel/framework/src/Illuminate/Routing/Router.php(786): Illuminate\\Routing\\Router->runRouteWithinStack(Object(Illuminate\\Routing\\Route), Object(Illuminate\\Http\\Request))
#33 /Users/elijahisrael/Desktop/Projects/chil/LARAVELBACKENDCHIL/vendor/laravel/framework/src/Illuminate/Routing/Router.php(750): Illuminate\\Routing\\Router->runRoute(Object(Illuminate\\Http\\Request), Object(Illuminate\\Routing\\Route))
#34 /Users/elijahisrael/Desktop/Projects/chil/LARAVELBACKENDCHIL/vendor/laravel/framework/src/Illuminate/Routing/Router.php(739): Illuminate\\Routing\\Router->dispatchToRoute(Object(Illuminate\\Http\\Request))
#35 /Users/elijahisrael/Desktop/Projects/chil/LARAVELBACKENDCHIL/vendor/laravel/framework/src/Illuminate/Foundation/Http/Kernel.php(201): Illuminate\\Routing\\Router->dispatch(Object(Illuminate\\Http\\Request))
#36 /Users/elijahisrael/Desktop/Projects/chil/LARAVELBACKENDCHIL/vendor/laravel/framework/src/Illuminate/Pipeline/Pipeline.php(170): Illuminate\\Foundation\\Http\\Kernel->{closure:Illuminate\\Foundation\\Http\\Kernel::dispatchToRouter():198}(Object(Illuminate\\Http\\Request))
#37 /Users/elijahisrael/Desktop/Projects/chil/LARAVELBACKENDCHIL/vendor/livewire/livewire/src/Features/SupportDisablingBackButtonCache/DisableBackButtonCacheMiddleware.php(19): Illuminate\\Pipeline\\Pipeline->{closure:Illuminate\\Pipeline\\Pipeline::prepareDestination():168}(Object(Illuminate\\Http\\Request))
#38 /Users/elijahisrael/Desktop/Projects/chil/LARAVELBACKENDCHIL/vendor/laravel/framework/src/Illuminate/Pipeline/Pipeline.php(209): Livewire\\Features\\SupportDisablingBackButtonCache\\DisableBackButtonCacheMiddleware->handle(Object(Illuminate\\Http\\Request), Object(Closure))
#39 /Users/elijahisrael/Desktop/Projects/chil/LARAVELBACKENDCHIL/app/Http/Middleware/Cors.php(31): Illuminate\\Pipeline\\Pipeline->{closure:{closure:Illuminate\\Pipeline\\Pipeline::carry():184}:185}(Object(Illuminate\\Http\\Request))
#40 /Users/elijahisrael/Desktop/Projects/chil/LARAVELBACKENDCHIL/vendor/laravel/framework/src/Illuminate/Pipeline/Pipeline.php(209): App\\Http\\Middleware\\Cors->handle(Object(Illuminate\\Http\\Request), Object(Closure))
#41 /Users/elijahisrael/Desktop/Projects/chil/LARAVELBACKENDCHIL/vendor/laravel/framework/src/Illuminate/Http/Middleware/TrustProxies.php(58): Illuminate\\Pipeline\\Pipeline->{closure:{closure:Illuminate\\Pipeline\\Pipeline::carry():184}:185}(Object(Illuminate\\Http\\Request))
#42 /Users/elijahisrael/Desktop/Projects/chil/LARAVELBACKENDCHIL/vendor/laravel/framework/src/Illuminate/Pipeline/Pipeline.php(209): Illuminate\\Http\\Middleware\\TrustProxies->handle(Object(Illuminate\\Http\\Request), Object(Closure))
#43 /Users/elijahisrael/Desktop/Projects/chil/LARAVELBACKENDCHIL/vendor/laravel/framework/src/Illuminate/Foundation/Http/Middleware/TransformsRequest.php(21): Illuminate\\Pipeline\\Pipeline->{closure:{closure:Illuminate\\Pipeline\\Pipeline::carry():184}:185}(Object(Illuminate\\Http\\Request))
#44 /Users/elijahisrael/Desktop/Projects/chil/LARAVELBACKENDCHIL/vendor/laravel/framework/src/Illuminate/Foundation/Http/Middleware/ConvertEmptyStringsToNull.php(31): Illuminate\\Foundation\\Http\\Middleware\\TransformsRequest->handle(Object(Illuminate\\Http\\Request), Object(Closure))
#45 /Users/elijahisrael/Desktop/Projects/chil/LARAVELBACKENDCHIL/vendor/laravel/framework/src/Illuminate/Pipeline/Pipeline.php(209): Illuminate\\Foundation\\Http\\Middleware\\ConvertEmptyStringsToNull->handle(Object(Illuminate\\Http\\Request), Object(Closure))
#46 /Users/elijahisrael/Desktop/Projects/chil/LARAVELBACKENDCHIL/vendor/laravel/framework/src/Illuminate/Foundation/Http/Middleware/TransformsRequest.php(21): Illuminate\\Pipeline\\Pipeline->{closure:{closure:Illuminate\\Pipeline\\Pipeline::carry():184}:185}(Object(Illuminate\\Http\\Request))
#47 /Users/elijahisrael/Desktop/Projects/chil/LARAVELBACKENDCHIL/vendor/laravel/framework/src/Illuminate/Foundation/Http/Middleware/TrimStrings.php(51): Illuminate\\Foundation\\Http\\Middleware\\TransformsRequest->handle(Object(Illuminate\\Http\\Request), Object(Closure))
#48 /Users/elijahisrael/Desktop/Projects/chil/LARAVELBACKENDCHIL/vendor/laravel/framework/src/Illuminate/Pipeline/Pipeline.php(209): Illuminate\\Foundation\\Http\\Middleware\\TrimStrings->handle(Object(Illuminate\\Http\\Request), Object(Closure))
#49 /Users/elijahisrael/Desktop/Projects/chil/LARAVELBACKENDCHIL/vendor/laravel/framework/src/Illuminate/Http/Middleware/ValidatePostSize.php(27): Illuminate\\Pipeline\\Pipeline->{closure:{closure:Illuminate\\Pipeline\\Pipeline::carry():184}:185}(Object(Illuminate\\Http\\Request))
#50 /Users/elijahisrael/Desktop/Projects/chil/LARAVELBACKENDCHIL/vendor/laravel/framework/src/Illuminate/Pipeline/Pipeline.php(209): Illuminate\\Http\\Middleware\\ValidatePostSize->handle(Object(Illuminate\\Http\\Request), Object(Closure))
#51 /Users/elijahisrael/Desktop/Projects/chil/LARAVELBACKENDCHIL/vendor/laravel/framework/src/Illuminate/Foundation/Http/Middleware/PreventRequestsDuringMaintenance.php(110): Illuminate\\Pipeline\\Pipeline->{closure:{closure:Illuminate\\Pipeline\\Pipeline::carry():184}:185}(Object(Illuminate\\Http\\Request))
#52 /Users/elijahisrael/Desktop/Projects/chil/LARAVELBACKENDCHIL/vendor/laravel/framework/src/Illuminate/Pipeline/Pipeline.php(209): Illuminate\\Foundation\\Http\\Middleware\\PreventRequestsDuringMaintenance->handle(Object(Illuminate\\Http\\Request), Object(Closure))
#53 /Users/elijahisrael/Desktop/Projects/chil/LARAVELBACKENDCHIL/vendor/laravel/framework/src/Illuminate/Pipeline/Pipeline.php(127): Illuminate\\Pipeline\\Pipeline->{closure:{closure:Illuminate\\Pipeline\\Pipeline::carry():184}:185}(Object(Illuminate\\Http\\Request))
#54 /Users/elijahisrael/Desktop/Projects/chil/LARAVELBACKENDCHIL/vendor/laravel/framework/src/Illuminate/Foundation/Http/Kernel.php(176): Illuminate\\Pipeline\\Pipeline->then(Object(Closure))
#55 /Users/elijahisrael/Desktop/Projects/chil/LARAVELBACKENDCHIL/vendor/laravel/framework/src/Illuminate/Foundation/Http/Kernel.php(145): Illuminate\\Foundation\\Http\\Kernel->sendRequestThroughRouter(Object(Illuminate\\Http\\Request))
#56 /Users/elijahisrael/Desktop/Projects/chil/LARAVELBACKENDCHIL/public/index.php(54): Illuminate\\Foundation\\Http\\Kernel->handle(Object(Illuminate\\Http\\Request))
#57 /Users/elijahisrael/Desktop/Projects/chil/LARAVELBACKENDCHIL/server.php(21): require_once('/Users/elijahis...')
#58 {main}
"} 
